{
   "Crew List (Ruoli di Equipaggio)":{
      "Ship":{
         "Name":{
            "path":"docs[0].data.ship_records.ship_name"
         },
         "Type":{
            "path":"docs[0].data.ship_records.ship_type"
         },
         "Construction location":{
           "path":"docs[0].data.ship_records.construction_location"
         },
         "Construction date":{
            "path":"docs[0].data.ship_records.construction_location_date"
         },
         "Registry number":{
            "path":"docs[0].data.ship_records.registry_number"
         },
         "Ship owners":{
            "link":"Ship owners",
            "Id": "docs[0]._id"
         },
         "Crew members":{
            "link":"Crew members",
            "Id": "docs[0]._id"
         }
      },
      "Ship owners":{
         "Owner name":{
            "path":"docs[0].data.ship_records.owner_name"
         },
         "Owner surname":{
            "path":"docs[0].data.ship_records.owner_surname"
         },
         "Owner fathers name":{
            "path":"docs[0].data.ship_records.owner_fathers_name"
         },
         "Ship":{
            "link":"Ship",
            "Id": "docs[0]._id"
         }
      },
      "Registry ports":{
         "Registry port":{
            "path":"docs[0].data.ship_records.registry_port"
         },
         "Ship":{
            "link":"Ship",
            "Id": "docs[0]._id"
         }
      },
      "Ship construction locations":{
         "Construction location":{
            "path":"docs[0].data.ship_records.construction_location"
         },
         "Ship":{
            "link":"Ship",
            "Id": "docs[0]._id"
         }
      },
      "Departure ports":{
         "value-type":"list",
         "Port":{
            "path":"docs[0].data.route.#.departure_port"
         },
         "Ship":{
            "link":"Ship",
            "Id": "docs[0]._id"
         }
      },
      "Crew members":{
         "value-type":"list",
         "Surname":{
            "path":"docs[0].data.crew_list.#.crew_surname"
         },
         "Name":{
            "path":"docs[0].data.crew_list.#.crew_name"
         },
         "Birth place":{
            "path":"docs[0].data.crew_list.#.crew_birth_location"
         },
         "Birth date":{
            "path":"docs[0].data.crew_list.#.crew_birth_date"
         },
         "Serial number":{
            "path":"docs[0].data.crew_list.#.crew_serial_number"
         },
         "Profession":{
            "path":"docs[0].data.crew_list.#.crew_profession_type"
         },
         "Embarkation port":{
            "path":"docs[0].data.crew_list.#.embarkation_port"
         },
         "Embarkation date":{
            "path":"docs[0].data.crew_list.#.embarkation_date"
         },
         "Discharge port":{
            "path":"docs[0].data.crew_list.#.discharge_port"
         },
         "Discharge date":{
            "path":"docs[0].data.crew_list.#.discharge_date"
         },
         "Ship":{
            "link":"Ship",
            "Id": "docs[0]._id"
         }
      },
      "Embarkation ports":{
         "value-type":"list",
         "Port":{
           "path":"docs[0].data.crew_list.#.embarkation_port"
         },
         "Crew members":{
            "link":"Crew members",
            "Id": "docs[0]._id"
         },
         "Ship":{
            "link":"Ship",
            "Id": "docs[0]._id"
         }
      },
      "Discharge ports":{
         "value-type":"list",
         "Port":{
           "path": "docs[0].data.crew_list.#.discharge_port"
         },
         "Crew members":{
            "link":"Crew members",
            "Id": "docs[0]._id"
         },
         "Ship":{
            "link":"Ship",
            "Id": "docs[0]._id"
         }
      }
   },
   "Title":[
      "docs[0].data.ship_records.ship_name",
      "docs[0].data.source_identity.date_of_document",
      "docs[0].data.record_information.name",
      "docs[0].data.record_information.surname",
      "docs[0].data.record_information.catalogue_id"
   ]
}