{
   "templates":[
      {
         "id":"Accounts book",
         "name":"Accounts book",
         "description":"A description of the template",
         "configuration-filename":"accountsBook.json"
      },
      {
         "id":"Census_LaCiotat",
         "name":"Census La Ciotat",
         "description":"A description of the template",
         "configuration-filename":"censusLaCiotat.json"
      },
      {
         "id":"Crew List",
         "name":"Crew and displacement list (Roll)",
         "description":"A description of the template",
         "configuration-filename":"crewListRoll.json"
      },
      {
         "id":"Crew List_IT",
         "name":"Crew List (Ruoli di Equipaggio)",
         "description":"A description of the template",
         "configuration-filename":"crewListRoll.json"
      }
   ]
}