﻿{
    "docs": [
        {
            "_id": "2018-12-17T13:17:55.923Z_10",
            "template": "Crew List_IT",
            "status": "Public",
            "data": {
                "record_information": {
                    "catalogue_id": "10",
                    "date_from": "2018-12-17",
                    "date_until": "2020-09-22T21:42:18",
                    "name": "Massimo",
                    "surname": "Ponasso",
                    "role_in_project": ""
                },
                "source_identity": {
                    "archive_library": "Archivio di Stato di Genova",
                    "archive_library_location": "Genova",
                    "register_number": "13",
                    "number_of_document": "4042",
                    "date_of_document": "1853-07-18",
                    "date_of_document_to": "",
                    "issuing_authority": "Direzione Marittima di Genova",
                    "issuing_authority_location": "Genova",
                    "source_type_name": "",
                    "fond_number": "",
                    "fond_title": "",
                    "fond_series_number": "",
                    "file_number": "",
                    "file_tile": "",
                    "note": "",
                    "comment": ""
                },
                "ship_records": {
                    "ship_name": "San Fortunato",
                    "ship_type": "Brigantino",
                    "ship_tonnage": "150,91",
                    "construction_location": "Prà",
                    "construction_location_date": "1842",
                    "ammunition_type": "",
                    "ammunition_quantity_value": "",
                    "ammunition_quantity_unit": "",
                    "registry_port": "Genova",
                    "registry_number": "1913",
                    "organization_name": "",
                    "owner_name": "Michele",
                    "owner_surname": "Bertolotto",
                    "owner_fathers_name": "",
                    "note": "",
                    "comment": ""
                },
                "ports_of_call": {
                    "date_from": "1853-07-18",
                    "date_to": "1854-03-28",
                    "total_duration_months": "07",
                    "total_duration_years": "05",
                    "first_planned_destinations": "",
                    "total_crew_number": "10",
                    "note": "",
                    "comment": ""
                },
                "crew_list": {
                    "0": {
                        "embarkation_port": "Genova",
                        "embarkation_date": "1853-07-18",
                        "discharge_port": "Genova",
                        "discharge_date": "1854-03-28",
                        "crew_surname": "Marini",
                        "crew_name": "Michele",
                        "crew_birth_location": "Camogli",
                        "crew_birth_date": "1825",
                        "crew_serial_number": "2371",
                        "crew_profession_type": "Capitano di Seconda Classe",
                        "crew_profession_wage": "Share",
                        "crew_profession_value": "2",
                        "crew_profession_months": "7",
                        "crew_profession_days": "05",
                        "crew_profession_pension_funds": "25,08"
                    },
                    "1": {
                        "embarkation_port": "Genova",
                        "embarkation_date": "1853-07-18",
                        "discharge_port": "Genova",
                        "discharge_date": "1853-11-08",
                        "crew_surname": "Oneto",
                        "crew_name": "Prospero",
                        "crew_birth_location": "Camogli",
                        "crew_birth_date": "1827",
                        "crew_serial_number": "133",
                        "crew_profession_type": "Marinaio",
                        "crew_profession_wage": "Share",
                        "crew_profession_value": "1",
                        "crew_profession_months": "3",
                        "crew_profession_days": "21",
                        "crew_profession_pension_funds": "4,07"
                    },
                    "2": {
                        "embarkation_port": "Genova",
                        "embarkation_date": "1853-07-18",
                        "discharge_port": "Genova",
                        "discharge_date": "1853-11-08",
                        "crew_surname": "Olivari",
                        "crew_name": "Gio.Batta",
                        "crew_birth_location": "Camogli",
                        "crew_birth_date": "1802",
                        "crew_serial_number": "1503",
                        "crew_profession_type": "Dispensiere",
                        "crew_profession_wage": "Share",
                        "crew_profession_value": "1,12",
                        "crew_profession_months": "3",
                        "crew_profession_days": "21",
                        "crew_profession_pension_funds": "4,07"
                    },
                    "3": {
                        "embarkation_port": "Genova",
                        "embarkation_date": "1853-07-18",
                        "discharge_port": "Genova",
                        "discharge_date": "1853-11-08",
                        "crew_surname": "Oneto",
                        "crew_name": "Giovanni Germano",
                        "crew_birth_location": "Portofino",
                        "crew_birth_date": "1827",
                        "crew_serial_number": "3158",
                        "crew_profession_type": "Marinaio",
                        "crew_profession_wage": "Share",
                        "crew_profession_value": "1",
                        "crew_profession_months": "3",
                        "crew_profession_days": "21",
                        "crew_profession_pension_funds": "4,07"
                    },
                    "4": {
                        "embarkation_port": "Genova",
                        "embarkation_date": "1853-07-18",
                        "discharge_port": "Genova",
                        "discharge_date": "1854-03-28",
                        "crew_surname": "Massa",
                        "crew_name": "Emanuele",
                        "crew_birth_location": "Camogli",
                        "crew_birth_date": "1822",
                        "crew_serial_number": "2318",
                        "crew_profession_type": "Marinaio",
                        "crew_profession_wage": "Share",
                        "crew_profession_value": "1",
                        "crew_profession_months": "7",
                        "crew_profession_days": "05",
                        "crew_profession_pension_funds": "7,88"
                    },
                    "5": {
                        "embarkation_port": "Genova",
                        "embarkation_date": "1853-07-18",
                        "discharge_port": "Genova",
                        "discharge_date": "1853-11-08",
                        "crew_surname": "Olivari",
                        "crew_name": "Agostino",
                        "crew_birth_location": "Camogli",
                        "crew_birth_date": "1833",
                        "crew_serial_number": "8564",
                        "crew_profession_type": "Marinaio",
                        "crew_profession_wage": "Share",
                        "crew_profession_value": "1",
                        "crew_profession_months": "3",
                        "crew_profession_days": "14",
                        "crew_profession_pension_funds": "3,77",
                        "note": "Sbarcato a Genova l`8 Novembre 1853 causa ricovero in ospedale"
                    },
                    "6": {
                        "embarkation_port": "Genova",
                        "embarkation_date": "1853-07-18",
                        "discharge_port": "Genova",
                        "discharge_date": "1854-03-28",
                        "crew_surname": "Gardella",
                        "crew_name": "Giovanni",
                        "crew_birth_location": "Camogli",
                        "crew_birth_date": "1835",
                        "crew_serial_number": "8075",
                        "crew_profession_type": "Mozzo",
                        "crew_profession_wage": "Share",
                        "crew_profession_value": "0,75",
                        "crew_profession_months": "7",
                        "crew_profession_days": "05",
                        "crew_profession_pension_funds": "7,88"
                    },
                    "7": {
                        "embarkation_port": "Genova",
                        "embarkation_date": "1853-07-18",
                        "discharge_port": "Genova",
                        "discharge_date": "1853-11-08",
                        "crew_surname": "Olivari",
                        "crew_name": "Luigi",
                        "crew_birth_location": "Camogli",
                        "crew_birth_date": "1836",
                        "crew_serial_number": "10553",
                        "crew_profession_type": "Mozzo",
                        "crew_profession_wage": "Share",
                        "crew_profession_value": "0,75",
                        "crew_profession_months": "3",
                        "crew_profession_days": "21",
                        "crew_profession_pension_funds": "2,96"
                    },
                    "8": {
                        "embarkation_port": "Genova",
                        "embarkation_date": "1853-07-18",
                        "discharge_port": "Genova",
                        "discharge_date": "1854-03-28",
                        "crew_surname": "Marini",
                        "crew_name": "Francesco",
                        "crew_birth_location": "Camogli",
                        "crew_birth_date": "1839",
                        "crew_serial_number": "10739",
                        "crew_profession_type": "Mozzo",
                        "crew_profession_wage": "Share",
                        "crew_profession_value": "0,33",
                        "crew_profession_months": "7",
                        "crew_profession_days": "0,5",
                        "crew_profession_pension_funds": "5,79"
                    },
                    "9": {
                        "embarkation_port": "Genova",
                        "embarkation_date": "1853-07-18",
                        "discharge_port": "Genova",
                        "discharge_date": "1853-11-08",
                        "crew_surname": "Codignola",
                        "crew_name": "Giuseppe",
                        "crew_birth_location": "Camogli",
                        "crew_birth_date": "1819",
                        "crew_serial_number": "1501",
                        "crew_profession_type": "Secondo",
                        "crew_profession_wage": "Share",
                        "crew_profession_value": "1,50",
                        "crew_profession_months": "3",
                        "crew_profession_days": "21",
                        "crew_profession_pension_funds": "5,55"
                    },
                    "10": {
                        "embarkation_port": "Genova",
                        "embarkation_date": "1853-12-15",
                        "discharge_port": "Genova",
                        "discharge_date": "1854-03-28",
                        "crew_surname": "Bertolotto",
                        "crew_name": "Giuseppe",
                        "crew_birth_location": "Camogli",
                        "crew_birth_date": "1814",
                        "crew_serial_number": "41221",
                        "crew_profession_type": "Secondo",
                        "crew_profession_wage": "Share",
                        "crew_profession_value": "1,50",
                        "crew_profession_months": "3",
                        "crew_profession_days": "14",
                        "crew_profession_pension_funds": "5,20"
                    },
                    "11": {
                        "embarkation_port": "Genova",
                        "embarkation_date": "1853-12-15",
                        "discharge_port": "Genova",
                        "discharge_date": "1854-03-28",
                        "crew_surname": "Schiaffino",
                        "crew_name": "Giuseppe",
                        "crew_birth_location": "Portofino",
                        "crew_birth_date": "1821",
                        "crew_serial_number": "1193",
                        "crew_profession_type": "Marinaio",
                        "crew_profession_wage": "Share",
                        "crew_profession_value": "1",
                        "crew_profession_months": "3",
                        "crew_profession_days": "14",
                        "crew_profession_pension_funds": "3,81"
                    },
                    "12": {
                        "embarkation_port": "Genova",
                        "embarkation_date": "1853-12-15",
                        "discharge_port": "Genova",
                        "discharge_date": "1854-03-28",
                        "crew_surname": "Lavarello",
                        "crew_name": "Giuseppe",
                        "crew_birth_location": "Camogli",
                        "crew_birth_date": "1832",
                        "crew_serial_number": "1721",
                        "crew_profession_type": "Marinaio",
                        "crew_profession_wage": "Share",
                        "crew_profession_value": "1",
                        "crew_profession_months": "3",
                        "crew_profession_days": "14",
                        "crew_profession_pension_funds": "3,81"
                    },
                    "13": {
                        "embarkation_port": "Genova",
                        "embarkation_date": "1853-12-15",
                        "discharge_port": "Genova",
                        "discharge_date": "1854-03-28",
                        "crew_surname": "Valle",
                        "crew_name": "Giovanni",
                        "crew_birth_location": "Portofino",
                        "crew_birth_date": "1833",
                        "crew_serial_number": "4447",
                        "crew_profession_type": "Marinaio",
                        "crew_profession_wage": "Share",
                        "crew_profession_value": "1",
                        "crew_profession_months": "3",
                        "crew_profession_days": "14",
                        "crew_profession_pension_funds": "3,81"
                    },
                    "14": {
                        "embarkation_port": "Genova",
                        "embarkation_date": "1853-12-15",
                        "discharge_port": "Genova",
                        "discharge_date": "1854-03-28",
                        "crew_surname": "Mortola",
                        "crew_name": "Biagio",
                        "crew_birth_location": "Camogli",
                        "crew_birth_date": "1831",
                        "crew_serial_number": "7002",
                        "crew_profession_type": "Marinaio",
                        "crew_profession_wage": "Share",
                        "crew_profession_value": "1",
                        "crew_profession_months": "3",
                        "crew_profession_days": "14",
                        "crew_profession_pension_funds": "3,81"
                    }
                },
                "route": {
                    "0": {
                        "departure_port": "Costantinopoli",
                        "departure_date": "1853-08-28"
                    },
                    "1": {
                        "departure_port": "Kertch",
                        "departure_date": "1853-07-06"
                    },
                    "2": {
                        "departure_port": "Berdiansk",
                        "departure_date": "1853-09-16"
                    },
                    "3": {
                        "departure_port": "Costantinopoli",
                        "departure_date": "1853-10-04"
                    },
                    "4": {
                        "departure_port": "Genova",
                        "departure_date": "1853-12-15"
                    },
                    "5": {
                        "departure_port": "Talamone",
                        "departure_date": "1854-01-02"
                    },
                    "6": {
                        "departure_port": "Salonicco",
                        "departure_date": "1854-02-13"
                    },
                    "7": {},
                    "8": {},
                    "9": {},
                    "10": {},
                    "11": {},
                    "12": {},
                    "13": {},
                    "14": {}
                }
            }
        }
    ]
}