﻿{
    "docs": [
        {
            "_id": "2019-05-14T08:43:02.930Z_1",
            "template": "Messageries_Maritimes",
            "status": "Public",
            "data": {
                "record_information": {
                    "catalogue_id": "1",
                    "date_from": "2019-05-14",
                    "date_until": "2021-03-17T17:25:30",
                    "name": "Popi",
                    "surname": "Vasilaki",
                    "role_in_project": "PhD candidate"
                },
                "source_identity": {
                    "archive_library": "",
                    "source_location": "",
                    "series": "",
                    "book_title": "Matricule No 1 ",
                    "book_date_from": "1851",
                    "book_date_to": "1859",
                    "included_registries_from": "",
                    "included_registries_to": "",
                    "issuing_authority_name": "",
                    "issuing_authority_location": "",
                    "note": "",
                    "comment": ""
                },
                "maritime_workers_overall": {
                    "0": {},
                    "1": {},
                    "2": {},
                    "3": {},
                    "4": {},
                    "5": {},
                    "6": {},
                    "7": {},
                    "8": {},
                    "9": {},
                    "10": {},
                    "11": {},
                    "12": {}
                },
                "analytic_worker_list": {
                    "0": {
                        "source_page": "1",
                        "worker_surname": "BÉRENGER",
                        "worker_name": "André",
                        "worker_sex": "male",
                        "worker_date_of_birth": "1825",
                        "worker_place_of_birth": "La Ciotat",
                        "worker_place_of_residence": "La Ciotat",
                        "worker_marital_status": "Marié",
                        "total_family_members": "2",
                        "family_member_type": "Femme",
                        "family_member_quantity": "1"
                    },
                    "1": {
                        "source_page": "1",
                        "worker_surname": "JEANSAUME",
                        "worker_name": "Jacques",
                        "worker_sex": "male",
                        "worker_date_of_birth": "1828",
                        "worker_place_of_birth": "La Ciotat",
                        "worker_place_of_residence": "La Ciotat",
                        "worker_marital_status": "Marié",
                        "total_family_members": "4",
                        "family_member_type": "Femme\nEnfants",
                        "family_member_quantity": "1\n2"
                    },
                    "2": {
                        "source_page": "1",
                        "worker_surname": "JARRET",
                        "worker_name": "Charles",
                        "worker_sex": "male",
                        "worker_date_of_birth": "1817",
                        "worker_place_of_birth": "`illegible`",
                        "worker_place_of_residence": "La Ciotat",
                        "worker_marital_status": "Marié",
                        "total_family_members": "4",
                        "family_member_type": "Femme\nEnfants",
                        "family_member_quantity": "1\n2"
                    },
                    "3": {
                        "source_page": "1",
                        "worker_surname": "PORTRAIT",
                        "worker_name": "Louis",
                        "worker_sex": "male",
                        "worker_date_of_birth": "1827",
                        "worker_place_of_birth": "`illegible`",
                        "worker_place_of_residence": "La Ciotat",
                        "worker_marital_status": "Garçon",
                        "total_family_members": "1",
                        "death_date": "1855-08-21"
                    },
                    "4": {
                        "source_page": "1",
                        "worker_surname": "AUZÉPY",
                        "worker_name": "Ernest",
                        "worker_sex": "male",
                        "worker_date_of_birth": "1835",
                        "worker_place_of_birth": "`illegible`",
                        "worker_place_of_residence": "La Ciotat",
                        "worker_marital_status": "Garçon",
                        "total_family_members": "1"
                    },
                    "5": {
                        "source_page": "1",
                        "worker_surname": "CABANTOUX",
                        "worker_name": "Jules",
                        "worker_sex": "male",
                        "worker_date_of_birth": "1832",
                        "worker_place_of_birth": "`illegible`",
                        "worker_place_of_residence": "La Ciotat",
                        "worker_marital_status": "Garçon",
                        "total_family_members": "1"
                    },
                    "6": {
                        "source_page": "1",
                        "worker_surname": "PARPETIS",
                        "worker_name": "Louis",
                        "worker_sex": "male",
                        "worker_date_of_birth": "1813",
                        "worker_place_of_birth": "La Ciotat",
                        "worker_place_of_residence": "La Ciotat",
                        "worker_marital_status": "Marié",
                        "total_family_members": "3",
                        "family_member_type": "Femme\nEnfants",
                        "family_member_quantity": "1\n1"
                    },
                    "7": {
                        "source_page": "1",
                        "worker_surname": "CHAUVIN",
                        "worker_name": "Jean",
                        "worker_sex": "male",
                        "worker_date_of_birth": "1809",
                        "worker_place_of_birth": "La Ciotat",
                        "worker_place_of_residence": "La Ciotat",
                        "worker_marital_status": "Marié",
                        "total_family_members": "4",
                        "family_member_type": "Femme\nEnfants",
                        "family_member_quantity": "1\n2"
                    },
                    "8": {
                        "source_page": "1",
                        "worker_surname": "FEROUILLET",
                        "worker_name": "François",
                        "worker_sex": "male",
                        "worker_date_of_birth": "1816",
                        "worker_place_of_birth": "La Ciotat",
                        "worker_place_of_residence": "La Ciotat",
                        "worker_marital_status": "Marié",
                        "total_family_members": "6",
                        "family_member_type": "Femme\nEnfants",
                        "family_member_quantity": "1\n4"
                    },
                    "9": {
                        "source_page": "1",
                        "worker_surname": "ABEILLE",
                        "worker_name": "Euzèbe",
                        "worker_sex": "male",
                        "worker_date_of_birth": "1823",
                        "worker_place_of_birth": "La Ciotat",
                        "worker_place_of_residence": "La Ciotat",
                        "worker_marital_status": "Marié",
                        "total_family_members": "3",
                        "family_member_type": "Femme\nEnfants",
                        "family_member_quantity": "1\n1"
                    },
                    "10": {
                        "source_page": "1",
                        "worker_surname": "MEAN",
                        "worker_name": "Victor",
                        "worker_sex": "male",
                        "worker_date_of_birth": "1819",
                        "worker_place_of_birth": "Pyrenées",
                        "worker_place_of_residence": "La Ciotat",
                        "worker_marital_status": "Marié",
                        "total_family_members": "3",
                        "family_member_type": "Femme\nEnfants",
                        "family_member_quantity": "1\n2"
                    },
                    "11": {
                        "source_page": "1",
                        "worker_surname": "VENTRE",
                        "worker_name": "Remy",
                        "worker_sex": "male",
                        "worker_date_of_birth": "1823",
                        "worker_place_of_birth": "La Ciotat",
                        "worker_place_of_residence": "La Ciotat",
                        "worker_marital_status": "Marié",
                        "total_family_members": "2",
                        "family_member_type": "Femme",
                        "family_member_quantity": "1",
                        "death_date": "1893-10-04"
                    },
                    "12": {
                        "source_page": "1",
                        "worker_surname": "MAFSOT",
                        "worker_name": "Joseph",
                        "worker_sex": "male",
                        "worker_date_of_birth": "1812",
                        "worker_place_of_birth": "Verron",
                        "worker_place_of_residence": "La Ciotat",
                        "worker_marital_status": "Marié",
                        "total_family_members": "3",
                        "family_member_type": "Femme\nEnfants",
                        "family_member_quantity": "1\n2"
                    },
                    "13": {
                        "source_page": "1",
                        "worker_surname": "MERIC",
                        "worker_name": "Marius",
                        "worker_sex": "male",
                        "worker_date_of_birth": "1828",
                        "worker_place_of_birth": "La Ciotat",
                        "worker_place_of_residence": "La Ciotat",
                        "worker_marital_status": "Marié",
                        "total_family_members": "2",
                        "family_member_type": "Femme",
                        "family_member_quantity": "1"
                    },
                    "14": {
                        "source_page": "1",
                        "worker_surname": "GAUDIER",
                        "worker_name": "Edouard",
                        "worker_sex": "male",
                        "worker_date_of_birth": "1815",
                        "worker_place_of_birth": "`illegible`",
                        "worker_place_of_residence": "La Ciotat",
                        "worker_marital_status": "Garçon",
                        "total_family_members": "1"
                    },
                    "15": {
                        "source_page": "1",
                        "worker_surname": "TROTEBAS",
                        "worker_name": "Louis",
                        "worker_sex": "male",
                        "worker_date_of_birth": "1828",
                        "worker_place_of_birth": "St Cyr",
                        "worker_place_of_residence": "La Ciotat",
                        "worker_marital_status": "Garçon",
                        "total_family_members": "1"
                    },
                    "16": {
                        "source_page": "1",
                        "worker_surname": "PASCAL",
                        "worker_name": "Paul",
                        "worker_sex": "male",
                        "worker_date_of_birth": "1815",
                        "worker_place_of_birth": "`illegible`",
                        "worker_place_of_residence": "La Ciotat",
                        "worker_marital_status": "Marié",
                        "total_family_members": "2",
                        "family_member_type": "Femme",
                        "family_member_quantity": "1"
                    },
                    "17": {
                        "source_page": "1",
                        "worker_surname": "ABEILLE",
                        "worker_name": "Jean Jacques",
                        "worker_sex": "male",
                        "worker_date_of_birth": "1793",
                        "worker_place_of_birth": "La Ciotat",
                        "worker_place_of_residence": "La Ciotat",
                        "worker_marital_status": "Garçon",
                        "total_family_members": "1"
                    },
                    "18": {
                        "source_page": "1",
                        "worker_surname": "CONSTANT",
                        "worker_name": "Pierre",
                        "worker_sex": "male",
                        "worker_date_of_birth": "1835",
                        "worker_place_of_birth": "La Ciotat",
                        "worker_place_of_residence": "La Ciotat",
                        "worker_marital_status": "Garçon",
                        "total_family_members": "1"
                    },
                    "19": {
                        "source_page": "1",
                        "worker_surname": "MARIN",
                        "worker_name": "Henry",
                        "worker_sex": "male",
                        "worker_date_of_birth": "1835",
                        "worker_place_of_birth": "La Ciotat",
                        "worker_place_of_residence": "La Ciotat",
                        "worker_marital_status": "Garçon",
                        "total_family_members": "1"
                    },
                    "20": {
                        "source_page": "1",
                        "worker_surname": "DESSAUD",
                        "worker_name": "Joseph",
                        "worker_sex": "male",
                        "worker_date_of_birth": "1835",
                        "worker_place_of_birth": "La Ciotat",
                        "worker_place_of_residence": "La Ciotat",
                        "worker_marital_status": "Garçon",
                        "total_family_members": "1"
                    },
                    "21": {
                        "source_page": "1",
                        "worker_surname": "DESSOLLIERS",
                        "worker_name": "Lambert",
                        "worker_sex": "male",
                        "worker_date_of_birth": "1797",
                        "worker_place_of_birth": "La Ciotat",
                        "worker_place_of_residence": "La Ciotat",
                        "worker_marital_status": "Marié",
                        "total_family_members": "2",
                        "family_member_type": "Femme",
                        "family_member_quantity": "1"
                    },
                    "22": {
                        "source_page": "1",
                        "worker_surname": "RANCUREL",
                        "worker_name": "Joseph",
                        "worker_sex": "male",
                        "worker_date_of_birth": "1838",
                        "worker_place_of_birth": "La Ciotat",
                        "worker_place_of_residence": "La Ciotat",
                        "worker_marital_status": "Garçon",
                        "total_family_members": "1"
                    },
                    "23": {
                        "source_page": "1",
                        "worker_surname": "DAVID",
                        "worker_name": "Pierre",
                        "worker_sex": "male",
                        "worker_date_of_birth": "1823",
                        "worker_place_of_birth": "La Ciotat",
                        "worker_place_of_residence": "La Ciotat",
                        "worker_marital_status": "Marié",
                        "total_family_members": "5",
                        "family_member_type": "Femme\nEnfants",
                        "family_member_quantity": "1\n3"
                    },
                    "24": {
                        "source_page": "2",
                        "worker_surname": "LOTH",
                        "worker_name": "Jean Baptiste",
                        "worker_sex": "male",
                        "worker_date_of_birth": "1808",
                        "worker_place_of_birth": "Parguenence",
                        "worker_place_of_residence": "La Ciotat",
                        "worker_marital_status": "Marié",
                        "total_family_members": "2",
                        "family_member_type": "Femme",
                        "family_member_quantity": "1"
                    },
                    "25": {
                        "source_page": "2",
                        "worker_surname": "BARD",
                        "worker_name": "Antoine",
                        "worker_sex": "male",
                        "worker_date_of_birth": "1819",
                        "worker_place_of_birth": "Lorquin",
                        "worker_place_of_residence": "La Ciotat",
                        "worker_marital_status": "Garçon",
                        "total_family_members": "1"
                    },
                    "26": {
                        "source_page": "2",
                        "worker_surname": "BÉRARD",
                        "worker_name": "Hilarion",
                        "worker_sex": "male",
                        "worker_date_of_birth": "1827",
                        "worker_place_of_birth": "La Ciotat",
                        "worker_place_of_residence": "La Ciotat",
                        "worker_marital_status": "Marié",
                        "total_family_members": "3",
                        "family_member_type": "Femme\nEnfants",
                        "family_member_quantity": "1\n2"
                    },
                    "27": {
                        "source_page": "2",
                        "worker_surname": "TESSIER",
                        "worker_name": "Dominique",
                        "worker_sex": "male",
                        "worker_date_of_birth": "1814",
                        "worker_place_of_birth": "Nevris",
                        "worker_place_of_residence": "La Ciotat",
                        "worker_marital_status": "Marié",
                        "total_family_members": "6",
                        "family_member_type": "Femme\nEnfants",
                        "family_member_quantity": "1\n4"
                    },
                    "28": {
                        "source_page": "2",
                        "worker_surname": "KRISBAUM",
                        "worker_name": "Georges Philippe",
                        "worker_sex": "male",
                        "worker_date_of_birth": "1816",
                        "worker_place_of_birth": "`illegible`",
                        "worker_place_of_residence": "La Ciotat",
                        "worker_marital_status": "Garçon",
                        "total_family_members": "1"
                    },
                    "29": {
                        "source_page": "2",
                        "worker_surname": "BERTRAND",
                        "worker_name": "Joseph",
                        "worker_sex": "male",
                        "worker_date_of_birth": "1818",
                        "worker_place_of_birth": "Toulon",
                        "worker_place_of_residence": "La Ciotat",
                        "worker_marital_status": "Marié",
                        "total_family_members": "5",
                        "family_member_type": "Femme\nEnfants",
                        "family_member_quantity": "1\n3"
                    },
                    "30": {
                        "source_page": "2",
                        "worker_surname": "CAPONY",
                        "worker_name": "Isidore",
                        "worker_sex": "male",
                        "worker_date_of_birth": "1810",
                        "worker_place_of_birth": "La Ciotat",
                        "worker_place_of_residence": "La Ciotat",
                        "worker_marital_status": "Marié",
                        "total_family_members": "5",
                        "family_member_type": "Femme\nEnfants",
                        "family_member_quantity": "1\n3"
                    },
                    "31": {
                        "source_page": "2",
                        "worker_surname": "DAVID",
                        "worker_name": "Heliodore",
                        "worker_sex": "male",
                        "worker_date_of_birth": "1826",
                        "worker_place_of_birth": "La Ciotat",
                        "worker_place_of_residence": "La Ciotat",
                        "worker_marital_status": "Garçon",
                        "total_family_members": "1"
                    },
                    "32": {
                        "source_page": "2",
                        "worker_surname": "LIEUTAUD",
                        "worker_name": "Mathieu (fils)",
                        "worker_sex": "male",
                        "worker_date_of_birth": "1827",
                        "worker_place_of_birth": "La Ciotat",
                        "worker_place_of_residence": "La Ciotat",
                        "worker_marital_status": "Marié",
                        "total_family_members": "2",
                        "family_member_type": "Femme",
                        "family_member_quantity": "1"
                    },
                    "33": {
                        "source_page": "2",
                        "worker_surname": "MASSON",
                        "worker_name": "Alexandre",
                        "worker_sex": "male",
                        "worker_date_of_birth": "1829",
                        "worker_place_of_birth": "Montpellier",
                        "worker_place_of_residence": "La Ciotat",
                        "worker_marital_status": "Marié",
                        "total_family_members": "2",
                        "family_member_type": "Femme",
                        "family_member_quantity": "1"
                    },
                    "34": {
                        "source_page": "2",
                        "worker_surname": "RIMBAUD",
                        "worker_name": "Jeannot (ainé)",
                        "worker_sex": "male",
                        "worker_date_of_birth": "1819",
                        "worker_place_of_birth": "La Ciotat",
                        "worker_place_of_residence": "La Ciotat",
                        "worker_marital_status": "Marié",
                        "total_family_members": "3",
                        "family_member_type": "Femme\nEnfants",
                        "family_member_quantity": "1\n2"
                    },
                    "35": {
                        "source_page": "2",
                        "worker_surname": "GARCIN",
                        "worker_name": "Joseph",
                        "worker_sex": "male",
                        "worker_date_of_birth": "1820",
                        "worker_place_of_birth": "La Ciotat",
                        "worker_place_of_residence": "La Ciotat",
                        "worker_marital_status": "Marié",
                        "total_family_members": "4",
                        "family_member_type": "Femme\nEnfants",
                        "family_member_quantity": "1\n2"
                    },
                    "36": {
                        "source_page": "2",
                        "worker_surname": "MAUREL",
                        "worker_name": "Esprit",
                        "worker_sex": "male",
                        "worker_date_of_birth": "1822",
                        "worker_place_of_birth": "La Ciotat",
                        "worker_place_of_residence": "La Ciotat",
                        "worker_marital_status": "Garçon",
                        "total_family_members": "1",
                        "death_date": "1887-11-9"
                    },
                    "37": {
                        "source_page": "2",
                        "worker_surname": "HUBERT",
                        "worker_name": "Louis",
                        "worker_sex": "male",
                        "worker_date_of_birth": "1820",
                        "worker_place_of_birth": "[Maity]",
                        "worker_place_of_residence": "La Ciotat",
                        "worker_marital_status": "Garçon",
                        "total_family_members": "1"
                    },
                    "38": {
                        "source_page": "2",
                        "worker_surname": "GOUBERT",
                        "worker_name": "Pierre",
                        "worker_sex": "male",
                        "worker_date_of_birth": "1816",
                        "worker_place_of_birth": "Grand Serre",
                        "worker_place_of_residence": "La Ciotat",
                        "worker_marital_status": "Garçon",
                        "total_family_members": "1"
                    },
                    "39": {
                        "source_page": "2",
                        "worker_surname": "HUNTZINGER",
                        "worker_name": "François",
                        "worker_sex": "male",
                        "worker_date_of_birth": "1816",
                        "worker_place_of_birth": "`illegible`",
                        "worker_place_of_residence": "La Ciotat",
                        "worker_marital_status": "Marié",
                        "total_family_members": "7",
                        "family_member_type": "Femme\nEnfants",
                        "family_member_quantity": "1\n5"
                    },
                    "40": {
                        "source_page": "2",
                        "worker_surname": "ENTZ",
                        "worker_name": "Frédéric",
                        "worker_sex": "male",
                        "worker_date_of_birth": "1819",
                        "worker_place_of_birth": "`illegible`",
                        "worker_place_of_residence": "La Ciotat",
                        "worker_marital_status": "Marié",
                        "total_family_members": "2",
                        "family_member_type": "Femme",
                        "family_member_quantity": "1"
                    },
                    "41": {
                        "source_page": "2",
                        "worker_surname": "GUIOT",
                        "worker_name": "François",
                        "worker_sex": "male",
                        "worker_date_of_birth": "1816",
                        "worker_place_of_birth": "La Ciotat",
                        "worker_place_of_residence": "La Ciotat",
                        "worker_marital_status": "Marié",
                        "total_family_members": "6",
                        "family_member_type": "Femme\nEnfants",
                        "family_member_quantity": "1\n4"
                    },
                    "42": {
                        "source_page": "2",
                        "worker_surname": "RIMBAUD",
                        "worker_name": "Joseph (cadet)",
                        "worker_sex": "male",
                        "worker_date_of_birth": "1825",
                        "worker_place_of_birth": "La Ciotat",
                        "worker_place_of_residence": "La Ciotat",
                        "worker_marital_status": "Garçon",
                        "total_family_members": "1"
                    },
                    "43": {
                        "source_page": "2",
                        "worker_surname": "JACQUEMOND",
                        "worker_name": "Aimable",
                        "worker_sex": "male",
                        "worker_date_of_birth": "1827",
                        "worker_place_of_birth": "Pignay",
                        "worker_place_of_residence": "La Ciotat",
                        "worker_marital_status": "Garçon",
                        "total_family_members": "1"
                    },
                    "44": {
                        "source_page": "2",
                        "worker_surname": "CELCE",
                        "worker_name": "Phillippe",
                        "worker_sex": "male",
                        "worker_date_of_birth": "1807",
                        "worker_place_of_birth": "`illegible`",
                        "worker_place_of_residence": "La Ciotat",
                        "worker_marital_status": "Marié",
                        "total_family_members": "5",
                        "family_member_type": "Femme\nEnfants",
                        "family_member_quantity": "1\n3"
                    },
                    "45": {
                        "source_page": "2",
                        "worker_surname": "COURTBEIL",
                        "worker_name": "Jean François",
                        "worker_sex": "male",
                        "worker_date_of_birth": "1813",
                        "worker_place_of_birth": "`illegible`",
                        "worker_place_of_residence": "La Ciotat",
                        "worker_marital_status": "Marié",
                        "total_family_members": "4",
                        "family_member_type": "Femme\nEnfants",
                        "family_member_quantity": "1\n2"
                    },
                    "46": {
                        "source_page": "2",
                        "worker_surname": "DERSDIER",
                        "worker_name": "Félix",
                        "worker_sex": "male",
                        "worker_date_of_birth": "1826",
                        "worker_place_of_birth": "La Ciotat",
                        "worker_place_of_residence": "La Ciotat",
                        "worker_marital_status": "Marié",
                        "total_family_members": "2",
                        "family_member_type": "Femme",
                        "family_member_quantity": "1"
                    },
                    "47": {
                        "source_page": "2",
                        "worker_surname": "HÉCHE",
                        "worker_name": "Jean Baptiste",
                        "worker_sex": "male",
                        "worker_date_of_birth": "1826",
                        "worker_place_of_birth": "`illegible`",
                        "worker_place_of_residence": "La Ciotat",
                        "worker_marital_status": "Marié",
                        "total_family_members": "5",
                        "family_member_type": "Femme\nEnfants",
                        "family_member_quantity": "1\n3"
                    },
                    "48": {
                        "source_page": "3",
                        "worker_surname": "DELAPORTE",
                        "worker_name": "Charles",
                        "worker_sex": "male",
                        "worker_date_of_birth": "1816",
                        "worker_place_of_birth": "Longque",
                        "worker_place_of_residence": "La Ciotat",
                        "worker_marital_status": "Marié",
                        "total_family_members": "6",
                        "family_member_type": "Femme\nEnfants",
                        "family_member_quantity": "1\n4"
                    },
                    "49": {
                        "source_page": "3",
                        "worker_surname": "TERRADE",
                        "worker_name": "Pierre",
                        "worker_sex": "male",
                        "worker_date_of_birth": "1828",
                        "worker_place_of_birth": "`illegible`",
                        "worker_place_of_residence": "La Ciotat",
                        "worker_marital_status": "Marié",
                        "total_family_members": "2",
                        "family_member_type": "Femme",
                        "family_member_quantity": "1"
                    },
                    "50": {
                        "source_page": "3",
                        "worker_surname": "DALLEST",
                        "worker_name": "Baptistin",
                        "worker_sex": "male",
                        "worker_date_of_birth": "1823",
                        "worker_place_of_birth": "La Ciotat",
                        "worker_place_of_residence": "La Ciotat",
                        "worker_marital_status": "Marié",
                        "total_family_members": "4",
                        "family_member_type": "Femme\nEnfants",
                        "family_member_quantity": "1\n2"
                    },
                    "51": {
                        "source_page": "3",
                        "worker_surname": "NICOLAS",
                        "worker_name": "Jean",
                        "worker_sex": "male",
                        "worker_date_of_birth": "1829",
                        "worker_place_of_birth": "`illegible`",
                        "worker_place_of_residence": "La Ciotat",
                        "worker_marital_status": "Marié",
                        "total_family_members": "3",
                        "family_member_type": "Femme\nEnfants",
                        "family_member_quantity": "1\n2"
                    },
                    "52": {
                        "source_page": "3",
                        "worker_surname": "PORTRAIT",
                        "worker_name": "Laurent",
                        "worker_sex": "male",
                        "worker_date_of_birth": "1825",
                        "worker_place_of_birth": "`illegible`",
                        "worker_place_of_residence": "La Ciotat",
                        "worker_marital_status": "Marié",
                        "total_family_members": "3",
                        "family_member_type": "Femme\nEnfants",
                        "family_member_quantity": "1\n2"
                    },
                    "53": {
                        "source_page": "3",
                        "worker_surname": "CHOUQUET",
                        "worker_name": "Auguste",
                        "worker_sex": "male",
                        "worker_date_of_birth": "1829",
                        "worker_place_of_birth": "Cassis",
                        "worker_place_of_residence": "La Ciotat",
                        "worker_marital_status": "Garçon",
                        "total_family_members": "1"
                    },
                    "54": {
                        "source_page": "3",
                        "worker_surname": "RIEDINGER",
                        "worker_name": "Martin",
                        "worker_sex": "male",
                        "worker_date_of_birth": "1827",
                        "worker_place_of_birth": "`illegible`",
                        "worker_place_of_residence": "La Ciotat",
                        "worker_marital_status": "Garçon",
                        "total_family_members": "1"
                    },
                    "55": {
                        "source_page": "3",
                        "worker_surname": "HERVÉ",
                        "worker_name": "Jean",
                        "worker_sex": "male",
                        "worker_date_of_birth": "1819",
                        "worker_place_of_birth": "`illegible`",
                        "worker_place_of_residence": "La Ciotat",
                        "worker_marital_status": "Marié",
                        "total_family_members": "5",
                        "family_member_type": "Femme\nEnfants",
                        "family_member_quantity": "1\n3"
                    },
                    "56": {
                        "source_page": "3",
                        "worker_surname": "VALASELGONNE",
                        "worker_name": "Jacques",
                        "worker_sex": "male",
                        "worker_date_of_birth": "1813",
                        "worker_place_of_birth": "`illegible`",
                        "worker_place_of_residence": "La Ciotat",
                        "worker_marital_status": "Marié",
                        "total_family_members": "2",
                        "family_member_type": "Femme",
                        "family_member_quantity": "1"
                    },
                    "57": {
                        "source_page": "3",
                        "worker_surname": "BOURLIER",
                        "worker_name": "Louis Philippe",
                        "worker_sex": "male",
                        "worker_date_of_birth": "1835",
                        "worker_place_of_birth": "`illegible`",
                        "worker_place_of_residence": "La Ciotat",
                        "worker_marital_status": "Garçon",
                        "total_family_members": "1"
                    },
                    "58": {
                        "source_page": "3",
                        "worker_surname": "CHASSANGLE",
                        "worker_name": "François",
                        "worker_sex": "male",
                        "worker_date_of_birth": "1823",
                        "worker_place_of_birth": "`illegible`",
                        "worker_place_of_residence": "La Ciotat",
                        "worker_marital_status": "Garçon",
                        "total_family_members": "1"
                    },
                    "59": {
                        "source_page": "3",
                        "worker_surname": "TEISSEIRE",
                        "worker_name": "François",
                        "worker_sex": "male",
                        "worker_date_of_birth": "1812",
                        "worker_place_of_birth": "`illegible`",
                        "worker_place_of_residence": "La Ciotat",
                        "worker_marital_status": "Marié",
                        "total_family_members": "2",
                        "family_member_type": "Femme",
                        "family_member_quantity": "1"
                    },
                    "60": {
                        "source_page": "3",
                        "worker_surname": "LAYNET",
                        "worker_name": "Frédéric (ainé)",
                        "worker_sex": "male",
                        "worker_date_of_birth": "1826",
                        "worker_place_of_birth": "Carcassone",
                        "worker_place_of_residence": "La Ciotat",
                        "worker_marital_status": "Garçon",
                        "total_family_members": "1"
                    },
                    "61": {
                        "source_page": "3",
                        "worker_surname": "REYNAUD",
                        "worker_name": "Bernard",
                        "worker_sex": "male",
                        "worker_date_of_birth": "1824",
                        "worker_place_of_birth": "Toulouse",
                        "worker_place_of_residence": "La Ciotat",
                        "worker_marital_status": "Garçon",
                        "total_family_members": "1"
                    },
                    "62": {
                        "source_page": "3",
                        "worker_surname": "CARBONNEL",
                        "worker_name": "Louis",
                        "worker_sex": "male",
                        "worker_date_of_birth": "1821",
                        "worker_place_of_birth": "Toulon",
                        "worker_place_of_residence": "La Ciotat",
                        "worker_marital_status": "Marié",
                        "total_family_members": "3",
                        "family_member_type": "Femme\nEnfants",
                        "family_member_quantity": "1\n2"
                    },
                    "63": {
                        "source_page": "3",
                        "worker_surname": "JEANTBIAL",
                        "worker_name": "Polidore",
                        "worker_sex": "male",
                        "worker_date_of_birth": "1823",
                        "worker_place_of_birth": "La Ciotat",
                        "worker_place_of_residence": "La Ciotat",
                        "worker_marital_status": "Garçon",
                        "total_family_members": "1"
                    },
                    "64": {
                        "source_page": "3",
                        "worker_surname": "FERRAUD",
                        "worker_name": "Jean Louis",
                        "worker_sex": "male",
                        "worker_date_of_birth": "1817",
                        "worker_place_of_birth": "La Ciotat",
                        "worker_place_of_residence": "La Ciotat",
                        "worker_marital_status": "Marié",
                        "total_family_members": "3",
                        "family_member_type": "Femme\nEnfants",
                        "family_member_quantity": "1\n2"
                    },
                    "65": {
                        "source_page": "3",
                        "worker_surname": "PORTALIS",
                        "worker_name": "Marie",
                        "worker_sex": "male",
                        "worker_date_of_birth": "1810",
                        "worker_place_of_birth": "Ceyrestre",
                        "worker_place_of_residence": "La Ciotat",
                        "worker_marital_status": "Marié",
                        "total_family_members": "5",
                        "family_member_type": "Femme\nEnfants",
                        "family_member_quantity": "1\n3"
                    },
                    "66": {
                        "source_page": "3",
                        "worker_surname": "DANGER",
                        "worker_name": "Pierre",
                        "worker_sex": "male",
                        "worker_date_of_birth": "1813",
                        "worker_place_of_birth": "`illegible`",
                        "worker_place_of_residence": "La Ciotat",
                        "worker_marital_status": "Marié",
                        "total_family_members": "2",
                        "family_member_type": "Femme",
                        "family_member_quantity": "1"
                    },
                    "67": {
                        "source_page": "3",
                        "worker_surname": "CONSTANT",
                        "worker_name": "Louis",
                        "worker_sex": "male",
                        "worker_date_of_birth": "1832",
                        "worker_place_of_birth": "La Ciotat",
                        "worker_place_of_residence": "La Ciotat",
                        "worker_marital_status": "Garçon",
                        "total_family_members": "1"
                    },
                    "68": {
                        "source_page": "3",
                        "worker_surname": "CHAVARS",
                        "worker_name": "Auguste",
                        "worker_sex": "male",
                        "worker_date_of_birth": "1833",
                        "worker_place_of_birth": "Toulon",
                        "worker_place_of_residence": "La Ciotat",
                        "worker_marital_status": "Marié",
                        "total_family_members": "2",
                        "family_member_type": "Femme",
                        "family_member_quantity": "1"
                    },
                    "69": {
                        "source_page": "3",
                        "worker_surname": "LIBOUREL",
                        "worker_name": "Jean",
                        "worker_sex": "male",
                        "worker_date_of_birth": "1811",
                        "worker_place_of_birth": "`illegible`",
                        "worker_place_of_residence": "La Ciotat",
                        "worker_marital_status": "Marié",
                        "total_family_members": "5",
                        "family_member_type": "Femme\nEnfants",
                        "family_member_quantity": "1\n3"
                    },
                    "70": {
                        "source_page": "3",
                        "worker_surname": "TROUSSIER",
                        "worker_name": "Louis",
                        "worker_sex": "male",
                        "worker_date_of_birth": "1813",
                        "worker_place_of_birth": "`illegible`",
                        "worker_place_of_residence": "La Ciotat",
                        "worker_marital_status": "Marié",
                        "total_family_members": "4",
                        "family_member_type": "Femme\nEnfants",
                        "family_member_quantity": "1\n2"
                    },
                    "71": {
                        "source_page": "3",
                        "worker_surname": "RUQUIER",
                        "worker_name": "Jean",
                        "worker_sex": "male",
                        "worker_date_of_birth": "1803",
                        "worker_place_of_birth": "`illegible`",
                        "worker_place_of_residence": "La Ciotat"
                    },
                    "72": {},
                    "73": {},
                    "74": {}
                },
                "service_in_company": {
                    "0": {
                        "0": {
                            "registration_number": "1",
                            "profession": "dessinateur",
                            "status": "worker",
                            "arrival_date": "1851-10-01",
                            "release_date": "1858-10-14",
                            "surname": "Gibouin"
                        },
                        "1": {},
                        "2": {},
                        "3": {}
                    },
                    "1": {
                        "0": {
                            "registration_number": "2",
                            "profession": "dessinateur",
                            "status": "worker",
                            "arrival_date": "1851-10-01",
                            "release_date": "1858-10-14",
                            "surname": "Gibouin"
                        },
                        "1": {},
                        "2": {},
                        "3": {}
                    },
                    "2": {
                        "0": {
                            "registration_number": "3",
                            "profession": "dessinateur",
                            "status": "worker",
                            "arrival_date": "1855-04-06",
                            "release_date": "1855-10-20",
                            "surname": "Gibouin"
                        },
                        "1": {},
                        "2": {},
                        "3": {}
                    },
                    "3": {
                        "0": {
                            "registration_number": "4",
                            "profession": "dessinateur",
                            "status": "worker",
                            "arrival_date": "1854-11-03",
                            "release_date": "1855-08-21",
                            "date": "1855-08-21",
                            "reason": "Désedé",
                            "surname": "Gibouin"
                        },
                        "1": {},
                        "2": {},
                        "3": {}
                    },
                    "4": {
                        "0": {
                            "registration_number": "5",
                            "profession": "dessinateur",
                            "status": "worker",
                            "arrival_date": "1854-11-09",
                            "release_date": "1855-08-25",
                            "surname": "Gibeneur"
                        },
                        "1": {},
                        "2": {},
                        "3": {}
                    },
                    "5": {
                        "0": {
                            "registration_number": "6",
                            "profession": "dessinateur",
                            "status": "worker",
                            "arrival_date": "1853-09-03",
                            "release_date": "1855-07-14",
                            "surname": "Gibeneur"
                        },
                        "1": {},
                        "2": {},
                        "3": {}
                    },
                    "6": {
                        "0": {
                            "registration_number": "7",
                            "profession": "modeleur",
                            "status": "worker",
                            "arrival_date": "1859-11-11",
                            "release_date": "1877-09-12",
                            "location_of_delivery": "La Ciotat",
                            "date_of_delivery": "1855-12-11",
                            "surname": "Constant"
                        },
                        "1": {},
                        "2": {},
                        "3": {}
                    },
                    "7": {
                        "0": {
                            "registration_number": "8",
                            "profession": "modeleur",
                            "status": "worker",
                            "arrival_date": "1851-10-01",
                            "release_date": "1866-12-15",
                            "location_of_delivery": "La Ciotat",
                            "surname": "Constant"
                        },
                        "1": {},
                        "2": {},
                        "3": {}
                    },
                    "8": {
                        "0": {
                            "registration_number": "9",
                            "profession": "modeleur",
                            "status": "worker",
                            "arrival_date": "1853-01-17",
                            "release_date": "1857-05-02",
                            "location_of_delivery": "La Ciotat",
                            "surname": "Constant"
                        },
                        "1": {},
                        "2": {},
                        "3": {}
                    },
                    "9": {
                        "0": {
                            "registration_number": "10",
                            "profession": "modeleur",
                            "status": "worker",
                            "arrival_date": "1851-10-01",
                            "release_date": "1866-10-12",
                            "location_of_delivery": "La Ciotat",
                            "surname": "Constant"
                        },
                        "1": {},
                        "2": {},
                        "3": {}
                    },
                    "10": {
                        "0": {
                            "registration_number": "11",
                            "profession": "modeleur",
                            "status": "worker",
                            "arrival_date": "1851-10-01",
                            "release_date": "1877-05-12",
                            "location_of_delivery": "La Ciotat",
                            "surname": "Constant"
                        },
                        "1": {},
                        "2": {},
                        "3": {}
                    },
                    "11": {
                        "0": {
                            "registration_number": "12",
                            "profession": "modeleur",
                            "status": "worker",
                            "arrival_date": "1852-02-23",
                            "release_date": "1893-10-04",
                            "location_of_delivery": "La Ciotat",
                            "surname": "Constant"
                        },
                        "1": {},
                        "2": {},
                        "3": {}
                    },
                    "12": {
                        "0": {
                            "registration_number": "13",
                            "profession": "modeleur",
                            "status": "worker",
                            "arrival_date": "1851-10-01",
                            "release_date": "1876-03-30",
                            "location_of_delivery": "La Ciotat",
                            "surname": "Constant"
                        },
                        "1": {},
                        "2": {},
                        "3": {}
                    },
                    "13": {
                        "0": {
                            "registration_number": "14",
                            "profession": "modeleur",
                            "status": "worker",
                            "arrival_date": "1851-10-01",
                            "release_date": "1866-09-18",
                            "location_of_delivery": "La Ciotat",
                            "surname": "Constant"
                        },
                        "1": {},
                        "2": {},
                        "3": {}
                    },
                    "14": {
                        "0": {
                            "registration_number": "15",
                            "profession": "modeleur",
                            "status": "worker",
                            "arrival_date": "1854-06-23",
                            "release_date": "1861-10-22",
                            "location_of_delivery": "La Ciotat",
                            "surname": "Jadrier"
                        },
                        "1": {},
                        "2": {},
                        "3": {}
                    },
                    "15": {
                        "0": {
                            "registration_number": "16",
                            "profession": "modeleur",
                            "status": "worker",
                            "arrival_date": "1855-01-22",
                            "release_date": "1857-02-06",
                            "location_of_delivery": "La Ciotat",
                            "date_of_delivery": "1855-10-11",
                            "number_of_the_libretto": "59",
                            "surname": "Constant"
                        },
                        "1": {},
                        "2": {},
                        "3": {}
                    },
                    "16": {
                        "0": {
                            "registration_number": "17",
                            "profession": "modeleur",
                            "status": "worker",
                            "arrival_date": "1854-05-24",
                            "release_date": "1859-10-15",
                            "location_of_delivery": "La Ciotat",
                            "surname": "Constant"
                        },
                        "1": {},
                        "2": {},
                        "3": {}
                    },
                    "17": {
                        "0": {
                            "registration_number": "18",
                            "profession": "modeleur",
                            "status": "worker",
                            "arrival_date": "1851-10-01",
                            "release_date": "1859-12-30",
                            "location_of_delivery": "La Ciotat",
                            "date_of_delivery": "1855-10-11",
                            "number_of_the_libretto": "60",
                            "surname": "Constant"
                        },
                        "1": {},
                        "2": {},
                        "3": {}
                    },
                    "18": {
                        "0": {
                            "registration_number": "19",
                            "profession": "modeleur",
                            "status": "worker",
                            "arrival_date": "1851-10-01",
                            "release_date": "1868-05-30",
                            "location_of_delivery": "La Ciotat",
                            "date_of_delivery": "1855-10-11",
                            "number_of_the_libretto": "58",
                            "surname": "Constant"
                        },
                        "1": {},
                        "2": {},
                        "3": {}
                    },
                    "19": {
                        "0": {
                            "registration_number": "20",
                            "profession": "modeleur",
                            "status": "worker",
                            "arrival_date": "1854-10-30",
                            "release_date": "1855-09-15",
                            "location_of_delivery": "La Ciotat",
                            "surname": "Constant"
                        },
                        "1": {},
                        "2": {},
                        "3": {}
                    },
                    "20": {
                        "0": {
                            "registration_number": "21",
                            "profession": "modeleur",
                            "status": "worker",
                            "arrival_date": "1853-10-04",
                            "release_date": "1860-05-23",
                            "location_of_delivery": "La Ciotat",
                            "date_of_delivery": "1855-12-18",
                            "number_of_the_libretto": "258",
                            "surname": "Constant"
                        },
                        "1": {},
                        "2": {},
                        "3": {}
                    },
                    "21": {
                        "0": {
                            "registration_number": "22",
                            "profession": "modeleur",
                            "status": "worker",
                            "arrival_date": "1851-10-02",
                            "release_date": "1887-10-14",
                            "location_of_delivery": "La Ciotat",
                            "surname": "Constant"
                        },
                        "1": {},
                        "2": {},
                        "3": {}
                    },
                    "22": {
                        "0": {
                            "registration_number": "23",
                            "profession": "modeleur",
                            "status": "worker",
                            "arrival_date": "1855-10-18",
                            "release_date": "1857-02-15",
                            "location_of_delivery": "La Ciotat",
                            "surname": "`illegible`"
                        },
                        "1": {},
                        "2": {},
                        "3": {}
                    },
                    "23": {
                        "0": {
                            "registration_number": "24",
                            "profession": "modeleur",
                            "status": "worker",
                            "arrival_date": "1854",
                            "release_date": "1883-10-14",
                            "location_of_delivery": "La Ciotat",
                            "surname": "Constant"
                        },
                        "1": {},
                        "2": {},
                        "3": {}
                    },
                    "24": {
                        "0": {
                            "registration_number": "25",
                            "profession": "ajusteur",
                            "status": "worker",
                            "arrival_date": "1851-10-01",
                            "release_date": "1875-02-27",
                            "location_of_delivery": "La Ciotat",
                            "date_of_delivery": "1855-12-12",
                            "number_of_the_libretto": "66",
                            "surname": "Aubert"
                        },
                        "1": {},
                        "2": {},
                        "3": {}
                    },
                    "25": {
                        "0": {
                            "registration_number": "26",
                            "profession": "ajusteur",
                            "status": "worker",
                            "arrival_date": "1854-04-16",
                            "release_date": "1864-08-06",
                            "location_of_delivery": "La Ciotat",
                            "date_of_delivery": "1855-12-12",
                            "number_of_the_libretto": "67",
                            "surname": "Aubert"
                        },
                        "1": {},
                        "2": {},
                        "3": {}
                    },
                    "26": {
                        "0": {
                            "registration_number": "27",
                            "profession": "ajusteur",
                            "status": "worker",
                            "arrival_date": "1851-10-01",
                            "release_date": "1856-10-14",
                            "location_of_delivery": "La Ciotat",
                            "date_of_delivery": "1855-12-12",
                            "surname": "Aubert"
                        },
                        "1": {},
                        "2": {},
                        "3": {}
                    },
                    "27": {
                        "0": {
                            "registration_number": "28",
                            "profession": "ajusteur",
                            "status": "worker",
                            "arrival_date": "1853-02-04",
                            "release_date": "1864-07-01",
                            "location_of_delivery": "La Ciotat",
                            "date_of_delivery": "1855-12-14",
                            "surname": "Aubert"
                        },
                        "1": {},
                        "2": {},
                        "3": {}
                    },
                    "28": {
                        "0": {
                            "registration_number": "29",
                            "profession": "ajusteur",
                            "status": "worker",
                            "arrival_date": "1851-10-01",
                            "release_date": "1856-04-24",
                            "surname": "Aubert"
                        },
                        "1": {},
                        "2": {},
                        "3": {}
                    },
                    "29": {
                        "0": {
                            "registration_number": "30",
                            "profession": "ajusteur",
                            "status": "worker",
                            "arrival_date": "1853-01-10",
                            "release_date": "1879-10-07",
                            "location_of_delivery": "La Ciotat",
                            "date_of_delivery": "1855-12-12",
                            "number_of_the_libretto": "71",
                            "surname": "Aubert"
                        },
                        "1": {},
                        "2": {},
                        "3": {}
                    },
                    "30": {
                        "0": {
                            "registration_number": "31",
                            "profession": "ajusteur",
                            "status": "worker",
                            "arrival_date": "1851-10-01",
                            "release_date": "1860-03-31",
                            "location_of_delivery": "La Ciotat",
                            "date_of_delivery": "1855-12-12",
                            "number_of_the_libretto": "71",
                            "surname": "Aubert"
                        },
                        "1": {},
                        "2": {},
                        "3": {}
                    },
                    "31": {
                        "0": {
                            "registration_number": "32",
                            "profession": "ajusteur",
                            "status": "worker",
                            "arrival_date": "1851/10/01",
                            "release_date": "1860/03/31",
                            "location_of_delivery": "La Ciotat",
                            "date_of_delivery": "1855/12/12",
                            "number_of_the_libretto": "72",
                            "surname": "Aubert"
                        },
                        "1": {},
                        "2": {},
                        "3": {}
                    },
                    "32": {
                        "0": {
                            "registration_number": "33",
                            "profession": "ajusteur",
                            "status": "worker",
                            "arrival_date": "1851/10/01",
                            "release_date": "1896/03/05",
                            "location_of_delivery": "La Ciotat",
                            "date_of_delivery": "1855/12/12",
                            "number_of_the_libretto": "73",
                            "surname": "Aubert"
                        },
                        "1": {},
                        "2": {},
                        "3": {}
                    },
                    "33": {
                        "0": {
                            "registration_number": "34",
                            "profession": "ajusteur",
                            "status": "worker",
                            "arrival_date": "1855-02-27",
                            "release_date": "1878-04-10",
                            "location_of_delivery": "Cette",
                            "date_of_delivery": "1849-11-9",
                            "surname": "Aubert"
                        },
                        "1": {},
                        "2": {},
                        "3": {}
                    },
                    "34": {
                        "0": {
                            "registration_number": "35",
                            "profession": "ajusteur",
                            "status": "worker",
                            "arrival_date": "1851-10-1",
                            "release_date": "1885-12-14",
                            "location_of_delivery": "La Ciotat",
                            "date_of_delivery": "1855-12-12",
                            "number_of_the_libretto": "74",
                            "surname": "Aubert"
                        },
                        "1": {},
                        "2": {},
                        "3": {}
                    },
                    "35": {
                        "0": {
                            "registration_number": "36",
                            "profession": "ajusteur",
                            "status": "worker",
                            "arrival_date": "1851-10-1",
                            "release_date": "1891-12-14",
                            "location_of_delivery": "La Ciotat",
                            "date_of_delivery": "1855-12-12",
                            "number_of_the_libretto": "75",
                            "surname": "Aubert"
                        },
                        "1": {},
                        "2": {},
                        "3": {}
                    },
                    "36": {
                        "0": {
                            "registration_number": "37",
                            "profession": "ajusteur",
                            "status": "worker",
                            "arrival_date": "1851-10-1",
                            "release_date": "1887-11-9",
                            "location_of_delivery": "La Ciotat",
                            "date_of_delivery": "1855-12-12",
                            "number_of_the_libretto": "76",
                            "date": "1887-11-9",
                            "reason": "Décedé",
                            "surname": "Aubert"
                        },
                        "1": {},
                        "2": {},
                        "3": {}
                    },
                    "37": {
                        "0": {
                            "registration_number": "38",
                            "profession": "ajusteur",
                            "status": "worker",
                            "arrival_date": "1855-04-12",
                            "release_date": "1859-07-09",
                            "location_of_delivery": "La Ciotat",
                            "date_of_delivery": "1855-12-12",
                            "new_profession": "chef ouvrier"
                        },
                        "1": {},
                        "2": {},
                        "3": {}
                    },
                    "38": {
                        "0": {
                            "registration_number": "39",
                            "profession": "ajusteur",
                            "status": "worker",
                            "arrival_date": "1852-02-19",
                            "release_date": "1857-09-30",
                            "location_of_delivery": "La Ciotat",
                            "date_of_delivery": "1857-07-31",
                            "surname": "Aubert"
                        },
                        "1": {},
                        "2": {},
                        "3": {}
                    },
                    "39": {
                        "0": {
                            "registration_number": "40",
                            "profession": "ajusteur",
                            "status": "worker",
                            "arrival_date": "1854-09-30",
                            "release_date": "1865-09-08",
                            "surname": "Aubert"
                        },
                        "1": {},
                        "2": {},
                        "3": {}
                    },
                    "40": {
                        "0": {
                            "registration_number": "41",
                            "profession": "ajusteur",
                            "status": "worker",
                            "arrival_date": "1854-01-03",
                            "release_date": "1858-07-28",
                            "surname": "Aubert"
                        },
                        "1": {},
                        "2": {},
                        "3": {}
                    },
                    "41": {
                        "0": {
                            "registration_number": "42",
                            "profession": "ajusteur",
                            "status": "worker",
                            "arrival_date": "1851-10-01",
                            "release_date": "1877-06-12",
                            "location_of_delivery": "La Ciotat",
                            "date_of_delivery": "1855-12-12",
                            "surname": "Aubert"
                        },
                        "1": {},
                        "2": {},
                        "3": {}
                    },
                    "42": {
                        "0": {
                            "registration_number": "43",
                            "profession": "ajusteur",
                            "status": "worker",
                            "arrival_date": "1851-10-01",
                            "release_date": "1877-06-20",
                            "location_of_delivery": "La Ciotat",
                            "date_of_delivery": "1855-12-12",
                            "number_of_the_libretto": "79",
                            "surname": "Aubert"
                        },
                        "1": {},
                        "2": {},
                        "3": {}
                    },
                    "43": {
                        "0": {
                            "registration_number": "44",
                            "profession": "ajusteur",
                            "status": "worker",
                            "arrival_date": "1854-04-24",
                            "release_date": "1873-02-28",
                            "location_of_delivery": "La Ciotat",
                            "date_of_delivery": "1855-12-12",
                            "number_of_the_libretto": "80",
                            "surname": "Aubert",
                            "new_status": "contre maitre",
                            "date_of_change": "1873-02-19"
                        },
                        "1": {},
                        "2": {},
                        "3": {}
                    },
                    "44": {
                        "0": {
                            "registration_number": "45",
                            "profession": "ajusteur",
                            "status": "worker",
                            "arrival_date": "1851-10-01",
                            "release_date": "1869-08-01",
                            "location_of_delivery": "La Ciotat",
                            "date_of_delivery": "1855-12-12",
                            "number_of_the_libretto": "95",
                            "surname": "Aubert"
                        },
                        "1": {},
                        "2": {},
                        "3": {}
                    },
                    "45": {
                        "0": {
                            "registration_number": "46",
                            "profession": "ajusteur",
                            "status": "worker",
                            "arrival_date": "1853-07-24",
                            "release_date": "1872-03-25",
                            "location_of_delivery": "La Ciotat",
                            "date_of_delivery": "1855-12-12",
                            "number_of_the_libretto": "82",
                            "surname": "Aubert"
                        },
                        "1": {},
                        "2": {},
                        "3": {}
                    },
                    "46": {
                        "0": {
                            "registration_number": "47",
                            "profession": "ajusteur",
                            "status": "worker",
                            "arrival_date": "1854-06-17",
                            "release_date": "1856-05-10",
                            "location_of_delivery": "La Ciotat",
                            "date_of_delivery": "1855-12-12",
                            "number_of_the_libretto": "83",
                            "surname": "Aubert"
                        },
                        "1": {},
                        "2": {},
                        "3": {}
                    },
                    "47": {
                        "0": {
                            "registration_number": "48",
                            "profession": "ajusteur",
                            "status": "worker",
                            "arrival_date": "1856-03-06",
                            "release_date": "1865-07-16",
                            "surname": "Aubert"
                        },
                        "1": {},
                        "2": {},
                        "3": {}
                    },
                    "48": {
                        "0": {
                            "registration_number": "49",
                            "profession": "ajusteur",
                            "status": "worker",
                            "arrival_date": "1855-10-01",
                            "release_date": "1865-09-04",
                            "reason": "Renvoyé",
                            "surname": "Aubert"
                        },
                        "1": {},
                        "2": {},
                        "3": {}
                    },
                    "49": {
                        "0": {
                            "registration_number": "50",
                            "profession": "tourneur",
                            "status": "worker",
                            "arrival_date": "1853-07-28",
                            "release_date": "1870-02-11",
                            "location_of_delivery": "La Ciotat",
                            "date_of_delivery": "1856-07-11",
                            "number_of_the_libretto": "825"
                        },
                        "1": {},
                        "2": {},
                        "3": {}
                    },
                    "50": {
                        "0": {
                            "registration_number": "51",
                            "profession": "ajusteur",
                            "status": "worker",
                            "arrival_date": "1858-06-12",
                            "release_date": "`illegible`",
                            "location_of_delivery": "La Ciotat",
                            "date_of_delivery": "1855-12-12",
                            "number_of_the_libretto": "185",
                            "surname": "Aubert"
                        },
                        "1": {},
                        "2": {},
                        "3": {}
                    },
                    "51": {
                        "0": {
                            "registration_number": "52",
                            "profession": "ajusteur",
                            "status": "worker",
                            "arrival_date": "1852-10-18",
                            "release_date": "1855-02-16",
                            "surname": "Aubert"
                        },
                        "1": {},
                        "2": {},
                        "3": {}
                    },
                    "52": {
                        "0": {
                            "registration_number": "53",
                            "profession": "ajusteur",
                            "status": "worker",
                            "arrival_date": "1853-01-29",
                            "release_date": "1861-07-08",
                            "location_of_delivery": "La Ciotat",
                            "date_of_delivery": "1855-12-12",
                            "number_of_the_libretto": "86",
                            "surname": "Aubert"
                        },
                        "1": {},
                        "2": {},
                        "3": {}
                    },
                    "53": {
                        "0": {
                            "registration_number": "54",
                            "profession": "ajusteur",
                            "status": "worker",
                            "arrival_date": "1851-10-01",
                            "release_date": "1858-10-20",
                            "location_of_delivery": "La Ciotat",
                            "date_of_delivery": "1847-04-05",
                            "date": "1858-10-20",
                            "reason": "négociant en vin",
                            "surname": "Aubert"
                        },
                        "1": {},
                        "2": {},
                        "3": {}
                    },
                    "54": {
                        "0": {
                            "registration_number": "55",
                            "profession": "ajusteur",
                            "status": "worker",
                            "arrival_date": "1854-09-19",
                            "release_date": "1855-07-23",
                            "surname": "Aubert"
                        },
                        "1": {},
                        "2": {},
                        "3": {}
                    },
                    "55": {
                        "0": {
                            "registration_number": "56",
                            "profession": "ajusteur",
                            "status": "worker",
                            "arrival_date": "1854-07-27",
                            "release_date": "1856-10-14",
                            "surname": "Aubert"
                        },
                        "1": {},
                        "2": {},
                        "3": {}
                    },
                    "56": {
                        "0": {
                            "registration_number": "57",
                            "profession": "ajusteur",
                            "status": "worker",
                            "arrival_date": "1854-03-06",
                            "release_date": "1859-08-01",
                            "location_of_delivery": "Paris",
                            "date_of_delivery": "1840-10-13",
                            "number_of_the_libretto": "2.684",
                            "surname": "Aubert"
                        },
                        "1": {},
                        "2": {},
                        "3": {}
                    },
                    "57": {
                        "0": {
                            "registration_number": "58",
                            "profession": "ajusteur",
                            "status": "worker",
                            "arrival_date": "1855-04-18",
                            "release_date": "1855-07-28",
                            "surname": "Aubert"
                        },
                        "1": {},
                        "2": {},
                        "3": {}
                    },
                    "58": {
                        "0": {
                            "registration_number": "59",
                            "profession": "ajusteur",
                            "status": "worker",
                            "arrival_date": "1854-05-20",
                            "release_date": "1856-01-26",
                            "surname": "Aubert"
                        },
                        "1": {},
                        "2": {},
                        "3": {}
                    },
                    "59": {
                        "0": {
                            "registration_number": "60",
                            "profession": "ajusteur",
                            "status": "worker",
                            "arrival_date": "1853-05-23",
                            "release_date": "1871-11-27",
                            "location_of_delivery": "La Ciotat",
                            "date_of_delivery": "1855-12-12",
                            "number_of_the_libretto": "90",
                            "surname": "Aubert"
                        },
                        "1": {},
                        "2": {},
                        "3": {}
                    },
                    "60": {
                        "0": {
                            "registration_number": "61",
                            "profession": "ajusteur",
                            "status": "worker",
                            "arrival_date": "1854-03-20",
                            "release_date": "1858-09-17",
                            "location_of_delivery": "Marseile",
                            "date_of_delivery": "1852-04-02",
                            "number_of_the_libretto": "348",
                            "reason": "Renvoyé",
                            "surname": "Aubert"
                        },
                        "1": {},
                        "2": {},
                        "3": {}
                    },
                    "61": {
                        "0": {
                            "registration_number": "62",
                            "profession": "ajusteur",
                            "status": "worker",
                            "arrival_date": "1855-03-09",
                            "release_date": "1856-05-30",
                            "surname": "Aubert"
                        },
                        "1": {},
                        "2": {},
                        "3": {}
                    },
                    "62": {
                        "0": {
                            "registration_number": "63",
                            "profession": "ajusteur",
                            "status": "worker",
                            "arrival_date": "1855-03-05",
                            "release_date": "1889-07-22",
                            "location_of_delivery": "La Ciotat",
                            "date_of_delivery": "12-12-1855",
                            "number_of_the_libretto": "92",
                            "manager_surname": "Aubert"
                        },
                        "1": {},
                        "2": {},
                        "3": {}
                    },
                    "63": {
                        "0": {
                            "registration_number": "64",
                            "profession": "ajusteur",
                            "status": "worker",
                            "arrival_date": "1852-08-29",
                            "release_date": "1860-03-26",
                            "location_of_delivery": "La Ciotat",
                            "date_of_delivery": "1855-12-12",
                            "number_of_the_libretto": "93",
                            "surname": "Aubert"
                        },
                        "1": {},
                        "2": {},
                        "3": {}
                    },
                    "64": {
                        "0": {
                            "registration_number": "65",
                            "profession": "ajusteur",
                            "status": "worker",
                            "arrival_date": "1851-10-21",
                            "release_date": "1878-03-08",
                            "location_of_delivery": "La Ciotat",
                            "date_of_delivery": "1855-12-12",
                            "number_of_the_libretto": "94",
                            "reason": "Décedé",
                            "surname": "Aubert"
                        },
                        "1": {},
                        "2": {},
                        "3": {}
                    },
                    "65": {
                        "0": {
                            "registration_number": "66",
                            "profession": "ajusteur",
                            "status": "worker",
                            "arrival_date": "1852-11-04",
                            "release_date": "1859-08-20",
                            "location_of_delivery": "La Ciotat",
                            "date_of_delivery": "1855-12-12",
                            "number_of_the_libretto": "87",
                            "surname": "Aubert"
                        },
                        "1": {},
                        "2": {},
                        "3": {}
                    },
                    "66": {
                        "0": {
                            "registration_number": "67",
                            "profession": "ajusteur",
                            "status": "worker",
                            "arrival_date": "1853-11-14",
                            "release_date": "1857-01-31",
                            "surname": "Aubert"
                        },
                        "1": {},
                        "2": {},
                        "3": {}
                    },
                    "67": {
                        "0": {
                            "registration_number": "68",
                            "profession": "ajusteur",
                            "status": "worker",
                            "arrival_date": "1851-10-01",
                            "release_date": "1855-06-24",
                            "location_of_delivery": "La Ciotat",
                            "date_of_delivery": "1855-12-12",
                            "number_of_the_libretto": "88",
                            "surname": "Aubert"
                        },
                        "1": {},
                        "2": {},
                        "3": {}
                    },
                    "68": {
                        "0": {
                            "registration_number": "69",
                            "profession": "ajusteur",
                            "status": "worker",
                            "arrival_date": "1853-07-14",
                            "release_date": "1855-02-26",
                            "location_of_delivery": "La Ciotat",
                            "date_of_delivery": "1857-07-23",
                            "number_of_the_libretto": "1647",
                            "surname": "Aubert"
                        },
                        "1": {},
                        "2": {},
                        "3": {}
                    },
                    "69": {
                        "0": {
                            "registration_number": "70",
                            "profession": "ajusteur",
                            "status": "worker",
                            "arrival_date": "1854-05-22",
                            "release_date": "1867-06-19",
                            "location_of_delivery": "La Ciotat",
                            "date_of_delivery": "1855-12-12",
                            "number_of_the_libretto": "98",
                            "surname": "Aubert"
                        },
                        "1": {},
                        "2": {},
                        "3": {}
                    },
                    "70": {
                        "0": {
                            "registration_number": "71",
                            "profession": "ajusteur",
                            "status": "worker",
                            "arrival_date": "1851-10-01",
                            "release_date": "1855-12-12",
                            "surname": "Aubert"
                        },
                        "1": {},
                        "2": {},
                        "3": {}
                    },
                    "71": {
                        "0": {
                            "registration_number": "72",
                            "profession": "ajusteur",
                            "status": "worker",
                            "arrival_date": "1851-10-01",
                            "surname": "Aubert"
                        },
                        "1": {},
                        "2": {},
                        "3": {}
                    }
                },
                "previous_employments": {}
            }
        }
    ]
}