﻿{
    "docs": [
        {
            "_id": "2019-08-26T15:10:59.165Z_1",
            "template": "Crew_List_ES",
            "status": "Public",
            "data": {
                "record_information": {
                    "catalogue_id": "1",
                    "date_from": "2019-08-26",
                    "date_until": "2021-02-05T14:23:58",
                    "name": "Enric ",
                    "surname": "Garcia",
                    "role_in_project": ""
                },
                "source_identity": {
                    "archive_library": "Museu Marítim de Barcelona / Collections",
                    "archive_library_location": "Barcelona",
                    "register_number": "595",
                    "document_title": "Rol de tripulación de la polacra española nombrada Concepción que sigue para Barcelona",
                    "number_of_document": "",
                    "date_of_document": "1850-03-23",
                    "issuing_authority": "Joaquin Jozé Alves, consul en Marañon",
                    "issuing_authority_location": "Marañon (Brasil)",
                    "note": "D.Joaquin Jozé Alves, Consul de Sua Magestade Católica en Marañón",
                    "comment": ""
                },
                "ship_records": {
                    "ship_name": "Concepción",
                    "ship_type": "Polacra",
                    "ship_tonnage": "",
                    "registry_port": "",
                    "owner_name": "",
                    "owner_surname": "",
                    "owner_fathers_name": "",
                    "note": "",
                    "comment": ""
                },
                "ports_of_call": {
                    "date_from": "",
                    "date_to": "",
                    "first_planned_destinations": "Barcelona",
                    "total_crew_number": "14",
                    "note": "",
                    "comment": ""
                },
                "crew_list": {
                    "0": {
                        "crew_surname": "Pujol",
                        "crew_name": "Jayme",
                        "crew_profession_type": "Capitán"
                    },
                    "1": {
                        "crew_surname": "Pérez",
                        "crew_name": "Juan",
                        "crew_profession_type": "Piloto"
                    },
                    "2": {
                        "crew_surname": "Planas",
                        "crew_name": "Juan Bautista",
                        "crew_profession_type": "Contramaestre"
                    },
                    "3": {
                        "crew_surname": "Buadas",
                        "crew_name": "Buenaventura",
                        "crew_profession_type": "Cocinero"
                    },
                    "4": {
                        "crew_surname": "Masegras",
                        "crew_name": "José María",
                        "crew_profession_type": "marinero"
                    },
                    "5": {
                        "crew_surname": "Gil",
                        "crew_name": "Pedro",
                        "crew_profession_type": "marinero"
                    },
                    "6": {
                        "crew_surname": "Morro",
                        "crew_name": "Agustín",
                        "crew_profession_type": "marinero"
                    },
                    "7": {
                        "crew_surname": "De Lago",
                        "crew_name": "Ventura",
                        "crew_profession_type": "marinero"
                    },
                    "8": {
                        "crew_surname": "Garriga",
                        "crew_name": "José",
                        "crew_profession_type": "marinero"
                    },
                    "9": {
                        "crew_surname": "Sabra",
                        "crew_name": "Miguel",
                        "crew_profession_type": "marinero"
                    },
                    "10": {
                        "crew_surname": "Horta",
                        "crew_name": "Félix",
                        "crew_profession_type": "marinero"
                    },
                    "11": {
                        "crew_surname": "Rodriguez",
                        "crew_name": "José Antonio María",
                        "crew_profession_type": "marinero"
                    },
                    "12": {
                        "crew_surname": "Martínez",
                        "crew_name": "Juan Antonio",
                        "crew_profession_type": "marinero"
                    },
                    "13": {
                        "crew_surname": "Pons",
                        "crew_name": "Juan",
                        "crew_profession_type": "marinero"
                    },
                    "14": {}
                }
            }
        }
    ]
}