﻿{
    "docs": [
        {
            "_id": "2019-07-02T09:19:45.889Z_1",
            "template": "Inscription_Maritime",
            "status": "Private",
            "data": {
                "record_information": {
                    "catalogue_id": "1",
                    "date_from": "2019-07-02",
                    "date_until": "2020-12-11T17:23:50",
                    "name": "",
                    "surname": "",
                    "role_in_project": ""
                },
                "source_identity": {
                    "archive_name": "Service Historique de la Défense",
                    "archive_location": "Toulon",
                    "series": "Matricule de gens de mer",
                    "title_of_register": "Matricule des maîtres au cabotage",
                    "number_register": "14 P 131",
                    "register_from": "1853",
                    "register_to": "1863",
                    "number_of_register_from": "1",
                    "number_of_register_to": "80",
                    "area_of_coverage": "Quartier de La Ciotat",
                    "issuing_authority_name": "Inscription Maritime",
                    "issuing_authority_location": "Toulon",
                    "note": "",
                    "comment": ""
                },
                "list_of_registered_persons": {
                    "0": {
                        "folio_number": "6",
                        "registration_number": "6",
                        "other_folio_number": "8",
                        "other_registration_number": "16",
                        "other_register_title": "Maître au cabotage",
                        "other_register_year": "1826",
                        "other_registration_type": "permanent registration",
                        "registration_type": "permanent registration",
                        "person_name": "Flary",
                        "person_surname": "Louis Gaspard",
                        "date_of_birth": "1774-02-06",
                        "place_of_birth": "La Ciotat",
                        "place_of_residence": "La Ciotat",
                        "end_of_service_date": "1859-01-19",
                        "end_of_service_place": "La Ciotat",
                        "end_of_service_reason": "Mort"
                    },
                    "1": {
                        "folio_number": "27",
                        "registration_number": "27",
                        "other_folio_number": "44",
                        "other_registration_number": "88",
                        "other_register_title": "Maître au cabotage",
                        "other_register_year": "1826",
                        "other_registration_type": "permanent registration",
                        "registration_type": "permanent registration",
                        "person_name": "Barthélemy",
                        "person_surname": "Noel - Blaise Michel",
                        "date_of_birth": "1796-12-25",
                        "place_of_birth": "La Ciotat",
                        "place_of_residence": "La Ciotat"
                    },
                    "2": {
                        "folio_number": "29",
                        "registration_number": "29",
                        "other_folio_number": "46",
                        "other_registration_number": "91",
                        "other_register_title": "Maître au cabotage",
                        "other_register_year": "1826",
                        "other_registration_type": "permanent registration",
                        "registration_type": "permanent registration",
                        "person_name": "Martin",
                        "person_surname": "Jean - Baptiste",
                        "date_of_birth": "1799-10-17",
                        "place_of_birth": "La Ciotat",
                        "place_of_residence": "La Ciotat"
                    },
                    "3": {
                        "folio_number": "32",
                        "registration_number": "32",
                        "other_folio_number": "50",
                        "other_registration_number": "99",
                        "other_register_title": "Maître au cabotage",
                        "other_register_year": "1826",
                        "other_registration_type": "permanent registration",
                        "registration_type": "permanent registration",
                        "person_name": "Blanc",
                        "person_surname": "Honoré Michel",
                        "date_of_birth": "1799-09-27",
                        "place_of_birth": "La Ciotat",
                        "place_of_residence": "La Ciotat"
                    },
                    "4": {
                        "folio_number": "35",
                        "registration_number": "35",
                        "other_folio_number": "53",
                        "other_registration_number": "106",
                        "other_register_title": "Maître au cabotage",
                        "other_register_year": "1826",
                        "other_registration_type": "permanent registration",
                        "registration_type": "permanent registration",
                        "person_name": "Sauron",
                        "person_surname": "Nicolas Joseph",
                        "date_of_birth": "1797-06-26",
                        "place_of_birth": "La Ciotat",
                        "place_of_residence": "La Ciotat"
                    },
                    "5": {
                        "folio_number": "59",
                        "registration_number": "59",
                        "other_folio_number": "57",
                        "other_registration_number": "113",
                        "other_register_title": "Maître au cabotage",
                        "other_register_year": "1826",
                        "other_registration_type": "permanent registration",
                        "registration_type": "permanent registration",
                        "person_name": "Lambert",
                        "person_surname": "Jean Baptiste Pierre Gaspard",
                        "date_of_birth": "1814-11-08",
                        "place_of_birth": "La Ciotat",
                        "place_of_residence": "La Ciotat"
                    },
                    "6": {},
                    "7": {},
                    "8": {},
                    "9": {},
                    "10": {},
                    "11": {},
                    "12": {},
                    "13": {},
                    "14": {}
                },
                "military_services": {
                    "3": {
                        "0": {},
                        "1": {},
                        "2": {},
                        "3": {},
                        "4": {},
                        "5": {},
                        "6": {},
                        "7": {},
                        "8": {},
                        "9": {},
                        "10": {},
                        "11": {},
                        "12": {},
                        "13": {},
                        "14": {}
                    }
                },
                "service_analysis": {
                    "0": {
                        "0": {
                            "service_sector": "fishing",
                            "profession": "Patron",
                            "days": "21",
                            "start_of_service": "1851-01-16",
                            "end_of_service": "1851-02-06",
                            "embarkation_location": "La Ciotat",
                            "disembarkation_location": "La Ciotat",
                            "ship_name": "Les deux soeurs",
                            "ship_type": "bateau",
                            "navigation_type": "Petite pêche"
                        },
                        "1": {},
                        "2": {},
                        "3": {},
                        "4": {},
                        "5": {},
                        "6": {},
                        "7": {},
                        "8": {},
                        "9": {},
                        "10": {},
                        "11": {},
                        "12": {},
                        "13": {},
                        "14": {}
                    },
                    "1": {
                        "0": {
                            "service_sector": "Grand Cabotage",
                            "profession": "capitaine",
                            "months": "11",
                            "days": "15",
                            "start_of_service": "1849-04-20",
                            "end_of_service": "1850-04-04",
                            "embarkation_location": "Marseille",
                            "disembarkation_location": "La Ciotat",
                            "ship_name": "Angélique et Rosine",
                            "ship_type": "Bombarde",
                            "navigation_type": "Grand cabotage",
                            "number_of_charge": "343",
                            "number_of_discharge": "30"
                        },
                        "1": {
                            "service_sector": "Grand Cabotage",
                            "profession": "capitaine",
                            "months": "14",
                            "days": "23",
                            "start_of_service": "1850-06-12",
                            "end_of_service": "1851-09-04",
                            "embarkation_location": "La Ciotat",
                            "disembarkation_location": "Marseille",
                            "ship_name": "Angélique et Rosine",
                            "ship_type": "Bombarde",
                            "navigation_type": "Grand cabotage",
                            "number_of_charge": "80",
                            "number_of_discharge": "832"
                        },
                        "2": {
                            "service_sector": "Grand Cabotage",
                            "profession": "capitaine",
                            "months": "13",
                            "days": "1",
                            "start_of_service": "1851-09-15",
                            "end_of_service": "1852-10-15",
                            "embarkation_location": "Marseille",
                            "disembarkation_location": "Marseille",
                            "ship_name": "Angélique et Rosine",
                            "ship_type": "Bombarde",
                            "navigation_type": "Grand cabotage"
                        },
                        "3": {
                            "service_sector": "Grand Cabotage",
                            "profession": "capitaine",
                            "months": "13",
                            "days": "21",
                            "start_of_service": "1852-10-20",
                            "end_of_service": "1853-12-10",
                            "embarkation_location": "Marseille",
                            "disembarkation_location": "Marseille",
                            "ship_name": "Angélique et Rosine",
                            "ship_type": "Bombarde",
                            "navigation_type": "Grand cabotage"
                        },
                        "4": {
                            "service_sector": "Grand Cabotage",
                            "profession": "capitaine",
                            "months": "16",
                            "start_of_service": "1854-01-31",
                            "end_of_service": "1855-05-30",
                            "embarkation_location": "Marseille",
                            "disembarkation_location": "Marseille",
                            "ship_name": "Angélique et Rosine",
                            "ship_type": "Bombarde",
                            "navigation_type": "Grand cabotage"
                        },
                        "5": {
                            "service_sector": "Grand Cabotage",
                            "profession": "capitaine",
                            "months": "13",
                            "days": "09",
                            "start_of_service": "1855-07-10",
                            "end_of_service": "1856-09-18",
                            "embarkation_location": "Marseille",
                            "disembarkation_location": "Marseille",
                            "ship_name": "Angélique et Rosine",
                            "ship_type": "Brig",
                            "navigation_type": "Grand cabotage"
                        },
                        "6": {
                            "service_sector": "Inactif",
                            "start_of_service": "1857",
                            "end_of_service": "1865"
                        },
                        "7": {},
                        "8": {},
                        "9": {},
                        "10": {},
                        "11": {},
                        "12": {},
                        "13": {},
                        "14": {}
                    },
                    "2": {
                        "0": {
                            "service_sector": "government",
                            "profession": "mousse",
                            "months": "18",
                            "days": "17"
                        },
                        "1": {
                            "service_sector": "commerce",
                            "profession": "mousse",
                            "months": "17",
                            "days": "3"
                        },
                        "2": {
                            "service_sector": "commerce",
                            "profession": "novice",
                            "months": "13",
                            "days": "18"
                        },
                        "3": {
                            "service_sector": "government",
                            "months": "25",
                            "days": "11",
                            "start_of_service": "1848-06-20",
                            "end_of_service": "1852-05-10",
                            "embarkation_location": "Toulon",
                            "disembarkation_location": "Toulon",
                            "ship_name": "Olivier",
                            "ship_type": "Brig"
                        },
                        "4": {
                            "service_sector": "government",
                            "start_of_service": "1854-07-18",
                            "end_of_service": "1854-07-26",
                            "embarkation_location": "Toulon",
                            "disembarkation_location": "Toulon",
                            "ship_name": "Orénoque",
                            "ship_type": "Frégate à vapeur"
                        },
                        "5": {
                            "profession": "inactif",
                            "start_of_service": "1859",
                            "end_of_service": "1865"
                        },
                        "6": {},
                        "7": {},
                        "8": {},
                        "9": {},
                        "10": {},
                        "11": {},
                        "12": {},
                        "13": {},
                        "14": {}
                    },
                    "3": {
                        "0": {
                            "service_sector": "government",
                            "months": "43"
                        },
                        "1": {
                            "service_sector": "commerce",
                            "months": "180",
                            "days": "4"
                        },
                        "2": {
                            "service_sector": "fishing",
                            "months": "6",
                            "days": "12"
                        },
                        "3": {
                            "service_sector": "commerce",
                            "profession": "capitaine",
                            "months": "8",
                            "days": "19",
                            "start_of_service": "1849-06-20",
                            "end_of_service": "1850-04-03",
                            "embarkation_location": "Marseille",
                            "disembarkation_location": "Marseille",
                            "ship_name": "Anne et Polymnie",
                            "ship_type": "Brig",
                            "navigation_type": "Grand cabotage"
                        },
                        "4": {
                            "service_sector": "commerce",
                            "profession": "capitaine",
                            "months": "9",
                            "days": "14",
                            "start_of_service": "1850-06-28",
                            "end_of_service": "1851-03-11",
                            "embarkation_location": "Marseille",
                            "disembarkation_location": "Marseille",
                            "ship_name": "Anne et Polymnie",
                            "ship_type": "Brig",
                            "navigation_type": "Grand cabotage"
                        },
                        "5": {
                            "service_sector": "fishing",
                            "profession": "matelot",
                            "months": "3",
                            "days": "10",
                            "start_of_service": "1851-03-24",
                            "end_of_service": "1851-07-03",
                            "embarkation_location": "La Ciotat",
                            "disembarkation_location": "La Ciotat",
                            "ship_name": "Les deux soeurs",
                            "ship_type": "bateau",
                            "navigation_type": "Petite pêche",
                            "patrons_surname": "Blanc"
                        },
                        "6": {
                            "service_sector": "fishing",
                            "profession": "matelot",
                            "months": "1",
                            "days": "18",
                            "start_of_service": "1851-07-04",
                            "end_of_service": "1851-08-21",
                            "embarkation_location": "La Ciotat",
                            "disembarkation_location": "La Ciotat",
                            "ship_name": "Maria",
                            "ship_type": "bateau",
                            "navigation_type": "Petite pêche",
                            "patrons_surname": "Augier"
                        },
                        "7": {
                            "service_sector": "fishing",
                            "profession": "matelot",
                            "months": "2",
                            "days": "11",
                            "start_of_service": "1851-08-22",
                            "end_of_service": "1851-09-02",
                            "embarkation_location": "La Ciotat",
                            "disembarkation_location": "La Ciotat",
                            "ship_name": "St Honoré",
                            "ship_type": "bateau",
                            "navigation_type": "Petite pêche",
                            "patrons_surname": "Blanc"
                        },
                        "8": {
                            "service_sector": "commerce",
                            "profession": "capitaine",
                            "months": "16",
                            "days": "2",
                            "start_of_service": "1851-09-24",
                            "end_of_service": "1853-03-25",
                            "embarkation_location": "Marseille",
                            "disembarkation_location": "Marseille",
                            "ship_name": "Anne et Polymnie",
                            "ship_type": "Brig",
                            "navigation_type": "Grand cabotage",
                            "port_of_destination": "Alexandrie"
                        },
                        "9": {
                            "service_sector": "commerce",
                            "profession": "capitaine",
                            "months": "4",
                            "days": "8",
                            "start_of_service": "1853-05-13",
                            "end_of_service": "1853-09-20",
                            "embarkation_location": "Marseille",
                            "disembarkation_location": "Marseille",
                            "ship_name": "Anne et Polymnie",
                            "ship_type": "Brig",
                            "navigation_type": "Grand cabotage",
                            "captains_surname": "Martius"
                        },
                        "10": {
                            "service_sector": "commerce",
                            "profession": "2eme capitaine",
                            "months": "3",
                            "days": "22",
                            "start_of_service": "1854-02-22",
                            "end_of_service": "1854-07-13",
                            "embarkation_location": "Marseille",
                            "disembarkation_location": "Marseille",
                            "ship_name": "Anne et Polymnie",
                            "ship_type": "Brig",
                            "navigation_type": "Grand cabotage"
                        },
                        "11": {
                            "service_sector": "fishing",
                            "profession": "Patron",
                            "days": "29",
                            "start_of_service": "1854-06-19",
                            "end_of_service": "1854-07-17",
                            "embarkation_location": "La Ciotat",
                            "disembarkation_location": "La Ciotat",
                            "ship_name": "St Antoine",
                            "ship_type": "bateau",
                            "navigation_type": "Petite pêche"
                        },
                        "12": {
                            "service_sector": "commerce",
                            "months": "6",
                            "days": "6",
                            "start_of_service": "1855-01-27",
                            "embarkation_location": "Marseille",
                            "disembarkation_location": "Marseille",
                            "navigation_type": "Grand cabotage"
                        },
                        "13": {
                            "service_sector": "Inactif",
                            "start_of_service": "1856"
                        },
                        "14": {
                            "service_sector": "commerce",
                            "profession": "capitaine",
                            "months": "12",
                            "days": "25",
                            "start_of_service": "1857-04-27",
                            "end_of_service": "1858-05-22",
                            "embarkation_location": "Marseille",
                            "disembarkation_location": "Marseille",
                            "ship_name": "Anne et Polymnie",
                            "ship_type": "bateau",
                            "navigation_type": "Grand cabotage"
                        }
                    },
                    "4": {
                        "0": {
                            "service_sector": "government",
                            "months": "95",
                            "days": "15"
                        },
                        "1": {
                            "service_sector": "commerce",
                            "months": "162",
                            "days": "8"
                        },
                        "2": {
                            "service_sector": "commerce",
                            "profession": "capitaine",
                            "months": "15",
                            "days": "19",
                            "start_of_service": "1849-07-19",
                            "end_of_service": "1850-05-07",
                            "embarkation_location": "Marseille",
                            "disembarkation_location": "Marseille",
                            "ship_name": "Clotilde",
                            "ship_type": "Brig",
                            "navigation_type": "cabotage"
                        },
                        "3": {
                            "service_sector": "commerce",
                            "profession": "capitaine",
                            "months": "4",
                            "days": "28",
                            "start_of_service": "1850-07-16",
                            "end_of_service": "1850-12-13",
                            "embarkation_location": "Marseille",
                            "disembarkation_location": "Marseille",
                            "ship_name": "Nouvelle Elise",
                            "ship_type": "trois-mâts",
                            "navigation_type": "Grand cabotage"
                        },
                        "4": {
                            "service_sector": "commerce",
                            "profession": "capitaine",
                            "months": "6",
                            "days": "23",
                            "start_of_service": "1851-01-04",
                            "end_of_service": "1851-07-26",
                            "embarkation_location": "Marseille",
                            "disembarkation_location": "Marseille",
                            "ship_name": "Nouvelle Elise",
                            "ship_type": "trois-mâts",
                            "navigation_type": "Grand cabotage"
                        },
                        "5": {
                            "service_sector": "commerce",
                            "profession": "capitaine",
                            "months": "5",
                            "days": "9",
                            "start_of_service": "1851-09-07",
                            "end_of_service": "1853-02-15",
                            "embarkation_location": "Marseille",
                            "disembarkation_location": "Marseille",
                            "ship_name": "Isly",
                            "ship_type": "Brig",
                            "navigation_type": "Grand cabotage"
                        },
                        "6": {
                            "service_sector": "commerce",
                            "profession": "capitaine",
                            "months": "2",
                            "days": "19",
                            "start_of_service": "1853-09-02",
                            "end_of_service": "1853-11-13",
                            "embarkation_location": "Marseille",
                            "disembarkation_location": "Marseille",
                            "ship_name": "Triton",
                            "ship_type": "trois-mâts",
                            "navigation_type": "Grand cabotage"
                        },
                        "7": {
                            "service_sector": "Inactif",
                            "start_of_service": "1856",
                            "end_of_service": "1865"
                        },
                        "8": {},
                        "9": {},
                        "10": {},
                        "11": {},
                        "12": {},
                        "13": {},
                        "14": {}
                    },
                    "5": {
                        "0": {
                            "service_sector": "government",
                            "months": "52",
                            "days": "7"
                        },
                        "1": {
                            "service_sector": "commerce",
                            "months": "58",
                            "days": "19"
                        },
                        "2": {
                            "service_sector": "commerce",
                            "profession": "2e capitaine",
                            "months": "3",
                            "days": "10",
                            "start_of_service": "1849-11-22",
                            "end_of_service": "1850-03-01",
                            "embarkation_location": "Marseille",
                            "disembarkation_location": "Marseille",
                            "ship_name": "Pénélope",
                            "navigation_type": "Grand cabotage",
                            "captains_surname": "Lemaitre"
                        },
                        "3": {
                            "service_sector": "commerce",
                            "profession": "2e capitaine",
                            "months": "8",
                            "days": "15",
                            "start_of_service": "1850-06-23",
                            "end_of_service": "1851-03-07",
                            "embarkation_location": "Marseille",
                            "disembarkation_location": "Marseille",
                            "ship_name": "Anne et Polymnie",
                            "ship_type": "Brig",
                            "navigation_type": "Grand cabotage",
                            "captains_surname": "Blanc"
                        },
                        "4": {
                            "service_sector": "commerce",
                            "profession": "2e capitaine",
                            "months": "6",
                            "days": "13",
                            "start_of_service": "1851-04-09",
                            "end_of_service": "1851-10-21",
                            "embarkation_location": "Marseille",
                            "disembarkation_location": "Marseille",
                            "ship_name": "Vierge Marie St Victor",
                            "ship_type": "göelette",
                            "navigation_type": "Grand cabotage",
                            "captains_surname": "Benoit"
                        },
                        "5": {
                            "service_sector": "commerce",
                            "profession": "2e capitaine",
                            "months": "3",
                            "days": "10",
                            "start_of_service": "1851-11-15",
                            "end_of_service": "1852-02-24",
                            "embarkation_location": "Marseille",
                            "disembarkation_location": "Marseille",
                            "ship_name": "Anne et Polymnie",
                            "ship_type": "Brig",
                            "navigation_type": "Grand cabotage",
                            "captains_surname": "Blanc"
                        },
                        "6": {
                            "service_sector": "commerce",
                            "profession": "2e capitaine",
                            "months": "3",
                            "days": "14",
                            "start_of_service": "1852-04-21",
                            "end_of_service": "04-08-1852",
                            "embarkation_location": "Marseille",
                            "disembarkation_location": "Marseille",
                            "ship_name": "Anne et Polymnie",
                            "ship_type": "Brig",
                            "navigation_type": "Grand cabotage",
                            "captains_surname": "Blanc"
                        },
                        "7": {
                            "service_sector": "commerce",
                            "profession": "2e capitaine",
                            "months": "6",
                            "days": "20",
                            "start_of_service": "1852-09-08",
                            "end_of_service": "1853-03-27",
                            "embarkation_location": "Marseille",
                            "disembarkation_location": "Marseille",
                            "ship_name": "Anne et Polymnie",
                            "ship_type": "Brig",
                            "navigation_type": "Grand cabotage",
                            "captains_surname": "Blanc"
                        },
                        "8": {
                            "service_sector": "commerce",
                            "profession": "2e capitaine",
                            "months": "8",
                            "days": "29",
                            "start_of_service": "1853-07-27",
                            "end_of_service": "1854-04-25",
                            "embarkation_location": "Marseille",
                            "disembarkation_location": "Marseille",
                            "ship_name": "Paraclet",
                            "ship_type": "Brig",
                            "navigation_type": "Grand cabotage",
                            "captains_surname": "Durand"
                        },
                        "9": {
                            "service_sector": "commerce",
                            "profession": "capitaine",
                            "months": "10",
                            "days": "15",
                            "start_of_service": "1854-05-23",
                            "end_of_service": "1855-04-07",
                            "embarkation_location": "Marseille",
                            "disembarkation_location": "Marseille",
                            "ship_name": "Vierge Marie St Victor",
                            "ship_type": "navire",
                            "navigation_type": "Grand cabotage"
                        },
                        "10": {
                            "service_sector": "commerce",
                            "profession": "capitaine",
                            "months": "3",
                            "start_of_service": "1855-05-04",
                            "end_of_service": "1855-08-03",
                            "embarkation_location": "Marseille",
                            "disembarkation_location": "Marseille",
                            "ship_name": "Vierge Marie St Victor",
                            "ship_type": "Brig göelette",
                            "navigation_type": "Grand cabotage"
                        },
                        "11": {
                            "service_sector": "commerce",
                            "profession": "capitaine",
                            "months": "3",
                            "days": "19",
                            "start_of_service": "1855-10-26",
                            "end_of_service": "1856-02-14",
                            "embarkation_location": "Marseille",
                            "disembarkation_location": "Ajaccio",
                            "ship_name": "St François",
                            "navigation_type": "Grand cabotage"
                        },
                        "12": {
                            "service_sector": "commerce",
                            "profession": "capitaine",
                            "months": "1",
                            "days": "16",
                            "start_of_service": "1856-02-15",
                            "end_of_service": "1856-03-31",
                            "embarkation_location": "Ajaccio",
                            "disembarkation_location": "Marseille",
                            "ship_name": "St François",
                            "navigation_type": "Grand cabotage"
                        },
                        "13": {
                            "service_sector": "commerce",
                            "profession": "capitaine",
                            "months": "5",
                            "days": "9",
                            "start_of_service": "1856-08-01",
                            "end_of_service": "1856-09-09",
                            "embarkation_location": "Marseille",
                            "disembarkation_location": "Marseille",
                            "ship_name": "Sully",
                            "ship_type": "vapeur",
                            "navigation_type": "cabotage",
                            "captains_surname": "Allegre"
                        },
                        "14": {
                            "service_sector": "commerce",
                            "profession": "Lieutenant",
                            "months": "1",
                            "days": "11",
                            "start_of_service": "1856-10-01",
                            "end_of_service": "1856-11-11",
                            "embarkation_location": "Marseille",
                            "disembarkation_location": "Marseille",
                            "ship_name": "Mentor",
                            "ship_type": "vapeur",
                            "navigation_type": "Grand cabotage",
                            "captains_surname": "Millot"
                        },
                        "15": {
                            "service_sector": "commerce",
                            "profession": "Lieutenant",
                            "start_of_service": "1856-09-13",
                            "embarkation_location": "La Ciotat",
                            "ship_name": "Cydonie",
                            "ship_type": "vapeur",
                            "navigation_type": "Grand cabotage",
                            "captains_surname": "Védel"
                        },
                        "16": {
                            "service_sector": "commerce",
                            "profession": "Lieutenant",
                            "months": "1",
                            "days": "26",
                            "start_of_service": "1856-11-25",
                            "end_of_service": "1857-02-20",
                            "embarkation_location": "Constantinople",
                            "disembarkation_location": "La Ciotat",
                            "ship_name": "Péricles",
                            "ship_type": "vapeur",
                            "navigation_type": "Grand cabotage",
                            "captains_surname": "Gerard"
                        },
                        "17": {
                            "service_sector": "commerce",
                            "profession": "Lieutenant",
                            "months": "0",
                            "days": "5",
                            "start_of_service": "1857-02-21",
                            "end_of_service": "1857-02-26",
                            "embarkation_location": "La Ciotat",
                            "disembarkation_location": "La Ciotat",
                            "ship_name": "Péricles",
                            "ship_type": "vapeur",
                            "navigation_type": "Grand cabotage",
                            "captains_surname": "Gerard"
                        },
                        "18": {
                            "service_sector": "commerce",
                            "profession": "Lieutenant",
                            "months": "10",
                            "days": "6",
                            "start_of_service": "1858-03-20",
                            "end_of_service": "1858-01-17",
                            "embarkation_location": "La Ciotat",
                            "disembarkation_location": "Marseille",
                            "ship_name": "Péricles",
                            "ship_type": "vapeur",
                            "navigation_type": "Grand cabotage",
                            "captains_surname": "Gerard"
                        },
                        "19": {
                            "service_sector": "commerce",
                            "profession": "Lieutenant",
                            "months": "4",
                            "days": "2",
                            "start_of_service": "1858-01-18",
                            "end_of_service": "1858-05-19",
                            "embarkation_location": "Marseille",
                            "disembarkation_location": "Marseille",
                            "ship_name": "Chéliff",
                            "ship_type": "vapeur",
                            "navigation_type": "Grand cabotage",
                            "captains_surname": "Millot"
                        },
                        "20": {
                            "service_sector": "commerce",
                            "profession": "Lieutenant",
                            "months": "5",
                            "days": "14",
                            "start_of_service": "1858-12-30",
                            "end_of_service": "1859-06-30",
                            "embarkation_location": "Marseille",
                            "disembarkation_location": "Marseille",
                            "ship_name": "Assyrien",
                            "ship_type": "vapeur",
                            "navigation_type": "Grand cabotage",
                            "captains_surname": "Aubert"
                        },
                        "21": {
                            "service_sector": "commerce",
                            "profession": "Lieutenant",
                            "months": "1",
                            "days": "27",
                            "start_of_service": "1859-06-04",
                            "end_of_service": "1859-07-30",
                            "embarkation_location": "Marseille",
                            "disembarkation_location": "Marseille",
                            "ship_name": "Egyptien",
                            "ship_type": "vapeur",
                            "navigation_type": "Grand cabotage",
                            "captains_surname": "Ollion"
                        },
                        "22": {
                            "service_sector": "commerce",
                            "profession": "Lieutenant",
                            "months": "7",
                            "days": "19",
                            "start_of_service": "1859-08-01",
                            "end_of_service": "1860-03-19",
                            "embarkation_location": "Marseille",
                            "disembarkation_location": "Marseille",
                            "ship_name": "Asyrien",
                            "ship_type": "vapeur",
                            "navigation_type": "Grand cabotage",
                            "captains_surname": "Aubert"
                        },
                        "23": {
                            "service_sector": "Inactif",
                            "start_of_service": "1861",
                            "end_of_service": "1865-01-01"
                        }
                    }
                }
            }
        }
    ]
}