﻿{
    "docs": [
        {
            "_id": "2020-10-09T13:38:11.918Z_14",
            "template": "Ship_List",
            "status": "Public",
            "data": {
                "record_information": {
                    "catalogue_id": "14",
                    "date_from": "2020-10-09",
                    "date_until": "2021-04-08T12:19:54",
                    "name": "Matteo ",
                    "surname": "Barbano",
                    "role_in_project": ""
                },
                "source_identity": {
                    "source_type_name": "Austrian Lloyd`s fleet list (Reports of yearly conferences)",
                    "institution_name": "Civico Museo del Mare",
                    "institution_location": "Trieste",
                    "institution_url": "",
                    "archive_name": "Archivio del Lloyd Triestino",
                    "inventory_number": "4213",
                    "type_of_document": "",
                    "book_title": "Ventesimosesto Congresso Generale della Società della navigazione a vapore del Lloyd Austriaco",
                    "book_date_from": "1857",
                    "book_date_to": "1858",
                    "fonds_number": "",
                    "fonds_title": "",
                    "series_number": "",
                    "file_number": "",
                    "file_title": "",
                    "issuing_authority": "",
                    "publication_year": "1858",
                    "note": "",
                    "comment": ""
                },
                "list_of_ships": {
                    "0": {
                        "source_page_folio": "9",
                        "ship_name": "Arciduca Lodovico",
                        "updated_value": "85025",
                        "updated_value_unit": "fiorini",
                        "tonnage_type": "Portata in tonnellate",
                        "tonnage_value": "310",
                        "nominant_power": "100"
                    },
                    "1": {
                        "source_page_folio": "9",
                        "ship_name": "Arciduca Giovanni",
                        "updated_value": "84650",
                        "updated_value_unit": "fiorini",
                        "tonnage_type": "Portata in tonnellate",
                        "tonnage_value": "350",
                        "nominant_power": "120"
                    },
                    "2": {
                        "source_page_folio": "9",
                        "ship_name": "Bosforo",
                        "previous_ship_name": "Conte Kolowrat",
                        "updated_value": "87100",
                        "updated_value_unit": "fiorini",
                        "tonnage_type": "Portata in tonnellate",
                        "tonnage_value": "330",
                        "nominant_power": "100"
                    },
                    "3": {
                        "source_page_folio": "9",
                        "ship_name": "Elleno",
                        "updated_value": "92600",
                        "updated_value_unit": "fiorini",
                        "tonnage_type": "Portata in tonnellate",
                        "tonnage_value": "440",
                        "nominant_power": "120"
                    },
                    "4": {
                        "source_page_folio": "9",
                        "ship_name": "Oriente",
                        "previous_ship_name": "Barone Eichhoff",
                        "updated_value": "88075",
                        "updated_value_unit": "fiorini",
                        "tonnage_type": "Portata in tonnellate",
                        "tonnage_value": "360",
                        "nominant_power": "100"
                    },
                    "5": {
                        "source_page_folio": "9",
                        "ship_name": "Mahmudié",
                        "updated_value": "93050",
                        "updated_value_unit": "fiorini",
                        "tonnage_type": "Portata in tonnellate",
                        "tonnage_value": "470",
                        "nominant_power": "120"
                    },
                    "6": {
                        "source_page_folio": "9",
                        "ship_name": "Istria",
                        "previous_ship_name": "Conte Mittrowsky",
                        "updated_value": "43700",
                        "updated_value_unit": "fiorini",
                        "tonnage_type": "Portata in tonnellate",
                        "tonnage_value": "240",
                        "nominant_power": "60"
                    },
                    "7": {
                        "source_page_folio": "9",
                        "ship_name": "Dalmata",
                        "updated_value": "53550",
                        "updated_value_unit": "fiorini",
                        "tonnage_type": "Portata in tonnellate",
                        "tonnage_value": "250",
                        "nominant_power": "60"
                    },
                    "8": {
                        "source_page_folio": "9",
                        "ship_name": "Arciduca Francesco Carlo",
                        "updated_value": "35000",
                        "updated_value_unit": "fiorini",
                        "tonnage_type": "Portata in tonnellate",
                        "tonnage_value": "125",
                        "nominant_power": "40"
                    },
                    "9": {
                        "source_page_folio": "9",
                        "ship_name": "Arciduchessa Sofia",
                        "updated_value": "33975",
                        "updated_value_unit": "fiorini",
                        "tonnage_type": "Portata in tonnellate",
                        "tonnage_value": "140",
                        "nominant_power": "50"
                    },
                    "10": {
                        "source_page_folio": "9",
                        "ship_name": "Albania",
                        "previous_ship_name": "Barone Kübeck",
                        "updated_value": "48450",
                        "updated_value_unit": "fiorini",
                        "tonnage_type": "Portata in tonnellate",
                        "tonnage_value": "230",
                        "nominant_power": "70"
                    },
                    "11": {
                        "source_page_folio": "9",
                        "ship_name": "Milano",
                        "previous_ship_name": "Arciduca Federico",
                        "updated_value": "82425",
                        "updated_value_unit": "fiorini",
                        "tonnage_type": "Portata in tonnellate",
                        "tonnage_value": "400",
                        "nominant_power": "160"
                    },
                    "12": {
                        "source_page_folio": "9",
                        "ship_name": "Imperatore",
                        "updated_value": "241875",
                        "updated_value_unit": "fiorini",
                        "tonnage_type": "Portata in tonnellate",
                        "tonnage_value": "700",
                        "nominant_power": "260"
                    },
                    "13": {
                        "source_page_folio": "9",
                        "ship_name": "Imperatrice",
                        "updated_value": "241475",
                        "updated_value_unit": "fiorini",
                        "tonnage_type": "Portata in tonnellate",
                        "tonnage_value": "700",
                        "nominant_power": "260"
                    },
                    "14": {
                        "source_page_folio": "9",
                        "ship_name": "Croazia",
                        "previous_ship_name": "Maria Dorotea",
                        "updated_value": "44550",
                        "updated_value_unit": "fiorini",
                        "tonnage_type": "Portata in tonnellate",
                        "tonnage_value": "210",
                        "nominant_power": "70"
                    },
                    "15": {
                        "source_page_folio": "9",
                        "ship_name": "Ferdinando Primo",
                        "updated_value": "95900",
                        "updated_value_unit": "fiorini",
                        "tonnage_type": "Portata in tonnellate",
                        "tonnage_value": "280",
                        "nominant_power": "100"
                    },
                    "16": {
                        "source_page_folio": "9",
                        "ship_name": "Wien",
                        "previous_ship_name": "Principe Metternich",
                        "updated_value": "265500",
                        "updated_value_unit": "fiorini",
                        "tonnage_type": "Portata in tonnellate",
                        "tonnage_value": "570",
                        "nominant_power": "160"
                    },
                    "17": {
                        "source_page_folio": "9",
                        "ship_name": "Stambul",
                        "updated_value": "119950",
                        "updated_value_unit": "fiorini",
                        "tonnage_type": "Portata in tonnellate",
                        "tonnage_value": "620",
                        "nominant_power": "160"
                    },
                    "18": {
                        "source_page_folio": "9",
                        "ship_name": "Persia",
                        "previous_ship_name": "Conte Stürmer",
                        "updated_value": "112925",
                        "updated_value_unit": "fiorini",
                        "tonnage_type": "Portata in tonnellate",
                        "tonnage_value": "470",
                        "nominant_power": "140"
                    },
                    "19": {
                        "source_page_folio": "9",
                        "ship_name": "Schild",
                        "previous_ship_name": "Crescent",
                        "updated_value": "112125",
                        "updated_value_unit": "fiorini",
                        "tonnage_type": "Portata in tonnellate",
                        "tonnage_value": "440",
                        "nominant_power": "120"
                    },
                    "20": {
                        "source_page_folio": "9",
                        "ship_name": "Austria",
                        "updated_value": "219175",
                        "updated_value_unit": "fiorini",
                        "tonnage_type": "Portata in tonnellate",
                        "tonnage_value": "760",
                        "nominant_power": "360"
                    },
                    "21": {
                        "source_page_folio": "9",
                        "ship_name": "Trieste",
                        "updated_value": "127375",
                        "updated_value_unit": "fiorini",
                        "tonnage_type": "Portata in tonnellate",
                        "tonnage_value": "450",
                        "nominant_power": "160"
                    },
                    "22": {
                        "source_page_folio": "9",
                        "ship_name": "Venezia",
                        "updated_value": "124100",
                        "updated_value_unit": "fiorini",
                        "tonnage_type": "Portata in tonnellate",
                        "tonnage_value": "450",
                        "nominant_power": "160"
                    },
                    "23": {
                        "source_page_folio": "9",
                        "ship_name": "Italia",
                        "updated_value": "194525",
                        "updated_value_unit": "fiorini",
                        "tonnage_type": "Portata in tonnellate",
                        "tonnage_value": "730",
                        "nominant_power": "260"
                    },
                    "24": {
                        "source_page_folio": "9",
                        "ship_name": "Germania",
                        "updated_value": "194350",
                        "updated_value_unit": "fiorini",
                        "tonnage_type": "Portata in tonnellate",
                        "tonnage_value": "730",
                        "nominant_power": "260"
                    },
                    "25": {
                        "source_page_folio": "9",
                        "ship_name": "Danubio",
                        "updated_value": "39400",
                        "updated_value_unit": "fiorini",
                        "tonnage_type": "Portata in tonnellate",
                        "tonnage_value": "140",
                        "nominant_power": "60"
                    },
                    "26": {
                        "source_page_folio": "9",
                        "ship_name": "Europa",
                        "updated_value": "217875",
                        "updated_value_unit": "fiorini",
                        "tonnage_type": "Portata in tonnellate",
                        "tonnage_value": "730",
                        "nominant_power": "260"
                    },
                    "27": {
                        "source_page_folio": "9",
                        "ship_name": "Africa",
                        "updated_value": "224500",
                        "updated_value_unit": "fiorini",
                        "tonnage_type": "Portata in tonnellate",
                        "tonnage_value": "730",
                        "nominant_power": "260"
                    },
                    "28": {
                        "source_page_folio": "9",
                        "ship_name": "Stadium",
                        "updated_value": "292400",
                        "updated_value_unit": "fiorini",
                        "tonnage_type": "Portata in tonnellate",
                        "tonnage_value": "800",
                        "nominant_power": "360"
                    },
                    "29": {
                        "source_page_folio": "9",
                        "ship_name": "Vorwarts",
                        "updated_value": "208500",
                        "updated_value_unit": "fiorini",
                        "tonnage_type": "Portata in tonnellate",
                        "tonnage_value": "500",
                        "nominant_power": "200"
                    },
                    "30": {
                        "source_page_folio": "9",
                        "ship_name": "Ticino",
                        "updated_value": "50000",
                        "updated_value_unit": "fiorini",
                        "tonnage_type": "Portata in tonnellate",
                        "tonnage_value": "180",
                        "nominant_power": "40"
                    },
                    "31": {
                        "source_page_folio": "9",
                        "ship_name": "Adria",
                        "updated_value": "263350",
                        "updated_value_unit": "fiorini",
                        "tonnage_type": "Portata in tonnellate",
                        "tonnage_value": "730",
                        "nominant_power": "260"
                    },
                    "32": {
                        "source_page_folio": "9",
                        "ship_name": "Egitto",
                        "updated_value": "264500",
                        "updated_value_unit": "fiorini",
                        "tonnage_type": "Portata in tonnellate",
                        "tonnage_value": "730",
                        "nominant_power": "260"
                    },
                    "33": {
                        "source_page_folio": "9",
                        "ship_name": "Bombay",
                        "updated_value": "472250",
                        "updated_value_unit": "fiorini",
                        "tonnage_type": "Portata in tonnellate",
                        "tonnage_value": "950",
                        "nominant_power": "400"
                    },
                    "34": {
                        "source_page_folio": "9",
                        "ship_name": "Calcutta",
                        "updated_value": "471725",
                        "updated_value_unit": "fiorini",
                        "tonnage_type": "Portata in tonnellate",
                        "tonnage_value": "950",
                        "nominant_power": "400"
                    },
                    "35": {
                        "source_page_folio": "9",
                        "ship_name": "Fiume",
                        "updated_value": "286725",
                        "updated_value_unit": "fiorini",
                        "tonnage_type": "Portata in tonnellate",
                        "tonnage_value": "860",
                        "nominant_power": "160"
                    },
                    "36": {
                        "source_page_folio": "9",
                        "ship_name": "Jonio",
                        "updated_value": "282250",
                        "updated_value_unit": "fiorini",
                        "tonnage_type": "Portata in tonnellate",
                        "tonnage_value": "860",
                        "nominant_power": "160"
                    },
                    "37": {
                        "source_page_folio": "9",
                        "ship_name": "Smirne",
                        "updated_value": "286500",
                        "updated_value_unit": "fiorini",
                        "tonnage_type": "Portata in tonnellate",
                        "tonnage_value": "860",
                        "nominant_power": "160"
                    },
                    "38": {
                        "source_page_folio": "9",
                        "ship_name": "Australia",
                        "updated_value": "469350",
                        "updated_value_unit": "fiorini",
                        "tonnage_type": "Portata in tonnellate",
                        "tonnage_value": "840",
                        "nominant_power": "400"
                    },
                    "39": {
                        "source_page_folio": "9",
                        "ship_name": "San Giusto",
                        "updated_value": "95325",
                        "updated_value_unit": "fiorini",
                        "tonnage_type": "Portata in tonnellate",
                        "tonnage_value": "300",
                        "nominant_power": "100"
                    },
                    "40": {
                        "source_page_folio": "9",
                        "ship_name": "San Marco",
                        "updated_value": "94450",
                        "updated_value_unit": "fiorini",
                        "tonnage_type": "Portata in tonnellate",
                        "tonnage_value": "300",
                        "nominant_power": "100"
                    },
                    "41": {
                        "source_page_folio": "9",
                        "ship_name": "San Carlo",
                        "updated_value": "95375",
                        "updated_value_unit": "fiorini",
                        "tonnage_type": "Portata in tonnellate",
                        "tonnage_value": "300",
                        "nominant_power": "100"
                    },
                    "42": {
                        "source_page_folio": "9",
                        "ship_name": "Verbano",
                        "updated_value": "105125",
                        "updated_value_unit": "fiorini",
                        "tonnage_type": "Portata in tonnellate",
                        "tonnage_value": "300",
                        "nominant_power": "100"
                    },
                    "43": {
                        "source_page_folio": "9",
                        "ship_name": "Lario",
                        "updated_value": "104850",
                        "updated_value_unit": "fiorini",
                        "tonnage_type": "Portata in tonnellate",
                        "tonnage_value": "300",
                        "nominant_power": "100"
                    },
                    "44": {
                        "source_page_folio": "9",
                        "ship_name": "Benaco",
                        "updated_value": "104475",
                        "updated_value_unit": "fiorini",
                        "tonnage_type": "Portata in tonnellate",
                        "tonnage_value": "300",
                        "nominant_power": "100"
                    },
                    "45": {
                        "source_page_folio": "9",
                        "ship_name": "Roma",
                        "updated_value": "187775",
                        "updated_value_unit": "fiorini",
                        "tonnage_type": "Portata in tonnellate",
                        "tonnage_value": "450",
                        "nominant_power": "120"
                    },
                    "46": {
                        "source_page_folio": "9",
                        "ship_name": "Piacenza",
                        "updated_value": "86475",
                        "updated_value_unit": "fiorini",
                        "tonnage_type": "Portata in tonnellate",
                        "tonnage_value": "420",
                        "nominant_power": "150"
                    },
                    "47": {
                        "source_page_folio": "9",
                        "ship_name": "Pavia",
                        "updated_value": "86025",
                        "updated_value_unit": "fiorini",
                        "tonnage_type": "Portata in tonnellate",
                        "tonnage_value": "420",
                        "nominant_power": "150"
                    },
                    "48": {
                        "source_page_folio": "9",
                        "ship_name": "Ferrara",
                        "updated_value": "86350",
                        "updated_value_unit": "fiorini",
                        "tonnage_type": "Portata in tonnellate",
                        "tonnage_value": "420",
                        "nominant_power": "150"
                    },
                    "49": {
                        "source_page_folio": "9",
                        "ship_name": "Miramare",
                        "updated_value": "216000",
                        "updated_value_unit": "fiorini",
                        "tonnage_type": "Portata in tonnellate",
                        "tonnage_value": "300",
                        "nominant_power": "120"
                    },
                    "50": {
                        "source_page_folio": "9",
                        "ship_name": "Vicenza",
                        "updated_value": "84625",
                        "updated_value_unit": "fiorini",
                        "tonnage_type": "Portata in tonnellate",
                        "tonnage_value": "220",
                        "nominant_power": "80"
                    },
                    "51": {
                        "source_page_folio": "9",
                        "ship_name": "Verona",
                        "updated_value": "85100",
                        "updated_value_unit": "fiorini",
                        "tonnage_type": "Portata in tonnellate",
                        "tonnage_value": "220",
                        "nominant_power": "80"
                    },
                    "52": {
                        "source_page_folio": "9",
                        "ship_name": "Padova",
                        "updated_value": "39125",
                        "updated_value_unit": "fiorini",
                        "tonnage_type": "Portata in tonnellate",
                        "tonnage_value": "200",
                        "nominant_power": "60"
                    },
                    "53": {
                        "source_page_folio": "9",
                        "ship_name": "Messina",
                        "updated_value": "207450",
                        "updated_value_unit": "fiorini",
                        "tonnage_type": "Portata in tonnellate",
                        "tonnage_value": "600",
                        "nominant_power": "120"
                    },
                    "54": {
                        "source_page_folio": "9",
                        "ship_name": "Malta",
                        "updated_value": "207550",
                        "updated_value_unit": "fiorini",
                        "tonnage_type": "Portata in tonnellate",
                        "tonnage_value": "600",
                        "nominant_power": "120"
                    },
                    "55": {
                        "source_page_folio": "9",
                        "ship_name": "America",
                        "updated_value": "335000",
                        "updated_value_unit": "fiorini",
                        "tonnage_type": "Portata in tonnellate",
                        "tonnage_value": "1420",
                        "nominant_power": "400"
                    },
                    "56": {
                        "source_page_folio": "9",
                        "ship_name": "Aquila Imperiale",
                        "updated_value": "435000",
                        "updated_value_unit": "fiorini",
                        "tonnage_type": "Portata in tonnellate",
                        "tonnage_value": "1100",
                        "nominant_power": "400"
                    },
                    "57": {
                        "source_page_folio": "9",
                        "ship_name": "Progresso",
                        "updated_value": "435000",
                        "updated_value_unit": "fiorini",
                        "tonnage_type": "Portata in tonnellate",
                        "tonnage_value": "1100",
                        "nominant_power": "400"
                    },
                    "58": {
                        "source_page_folio": "9",
                        "ship_name": "Jupiter",
                        "updated_value": "618000",
                        "updated_value_unit": "fiorini",
                        "tonnage_type": "Portata in tonnellate",
                        "tonnage_value": "1100",
                        "nominant_power": "400"
                    },
                    "59": {
                        "source_page_folio": "9",
                        "ship_name": "Neptun",
                        "updated_value": "618000",
                        "updated_value_unit": "fiorini",
                        "tonnage_type": "Portata in tonnellate",
                        "tonnage_value": "1100",
                        "nominant_power": "400"
                    },
                    "60": {
                        "source_page_folio": "9",
                        "ship_name": "Vulcan",
                        "updated_value": "618000",
                        "updated_value_unit": "fiorini",
                        "tonnage_type": "Portata in tonnellate",
                        "tonnage_value": "1100",
                        "nominant_power": "400"
                    },
                    "61": {
                        "source_page_folio": "9",
                        "ship_name": "Pluto",
                        "updated_value": "618000",
                        "updated_value_unit": "fiorini",
                        "tonnage_type": "Portata in tonnellate",
                        "tonnage_value": "1100",
                        "nominant_power": "400"
                    },
                    "62": {
                        "source_page_folio": "9",
                        "ship_name": "Arciduca Ferdinando Massimiliano",
                        "updated_value": "450000",
                        "updated_value_unit": "fiorini",
                        "tonnage_type": "Portata in tonnellate",
                        "tonnage_value": "1060",
                        "nominant_power": "400"
                    },
                    "63": {
                        "source_page_folio": "9",
                        "ship_name": "Arciduchessa Carolina",
                        "updated_value": "450000",
                        "updated_value_unit": "fiorini",
                        "tonnage_type": "Portata in tonnellate",
                        "tonnage_value": "1060",
                        "nominant_power": "400"
                    },
                    "64": {
                        "source_page_folio": "9",
                        "ship_name": "Trebisonda",
                        "updated_value": "435000",
                        "updated_value_unit": "fiorini",
                        "tonnage_type": "Portata in tonnellate",
                        "tonnage_value": "1100",
                        "nominant_power": "400"
                    },
                    "65": {},
                    "66": {},
                    "67": {},
                    "68": {},
                    "69": {},
                    "70": {},
                    "71": {},
                    "72": {},
                    "73": {},
                    "74": {},
                    "75": {},
                    "76": {}
                },
                "reconstructions": {},
                "ownerships": {}
            }
        }
    ]
}