﻿{
    "docs": [
        {
            "_id": "2020-11-03T10:01:49.330Z_16",
            "template": "Payroll_RU",
            "data": {
                "record_information": {
                    "catalogue_id": "16",
                    "date_from": "2020-11-03",
                    "date_until": "2021-04-16T15:24:00",
                    "name": "Anna",
                    "surname": "Sydorenko",
                    "role_in_project": ""
                },
                "source_identity": {
                    "archive_library": "Государственный архив Одесской области",
                    "source_location": "Одесса",
                    "fonds_number": "278",
                    "fonds_title": "Русское общество пароходства и торговли",
                    "series_number": "1",
                    "file_number": "84",
                    "file_title": "",
                    "file_date_from": "22.01.1907",
                    "file_date_to": "12.08.1909",
                    "source_note": ""
                },
                "payroll": {
                    "0": {
                        "payroll_folio": "1",
                        "payroll_recording_date": "22.01.1907",
                        "payroll_ship_name": "Цесаревич",
                        "payroll_ship_owner": "Русское общество пароходства и торговли",
                        "payroll_person_surname": "Коронев",
                        "payroll_person_name": "Николай",
                        "payroll_person_age": "adult",
                        "payroll_person_sex": "Male",
                        "payroll_recruitment_date": "01.01.1907",
                        "payroll_recruitment_port": "Одесса",
                        "payroll_recruitment_document_type": "Греческий паспорт",
                        "payroll_rank_specialization": "Буфетчик 1 класса",
                        "payroll_previous_ship_name": "Цесаревич"
                    },
                    "1": {
                        "payroll_folio": "1",
                        "payroll_recording_date": "22.01.1907",
                        "payroll_ship_name": "Цесаревич",
                        "payroll_ship_owner": "Русское общество пароходства и торговли",
                        "payroll_person_surname": "Юнаков",
                        "payroll_person_name": "Георгий",
                        "payroll_person_patronymic": "Андреевич",
                        "payroll_person_age": "adult",
                        "payroll_person_sex": "Male",
                        "payroll_recruitment_date": "15.01.1907",
                        "payroll_recruitment_port": "Одесса",
                        "payroll_recruitment_document_type": "Паспорт",
                        "payroll_recruitment_document_number": "7645",
                        "payroll_issuing_governorate": "Херсонская",
                        "payroll_issuing_district": "Одесский",
                        "payroll_rank_specialization": "Номерной 1 категории",
                        "payroll_previous_ship_name": "Тигр"
                    },
                    "2": {
                        "payroll_folio": "1",
                        "payroll_recording_date": "22.01.1907",
                        "payroll_ship_name": "Цесаревич",
                        "payroll_ship_owner": "Русское общество пароходства и торговли",
                        "payroll_person_surname": "Сасский",
                        "payroll_person_name": "Петр",
                        "payroll_person_patronymic": "Михайлович",
                        "payroll_person_age": "adult",
                        "payroll_person_sex": "Male",
                        "payroll_recruitment_date": "15.01.1907",
                        "payroll_recruitment_port": "Одесса",
                        "payroll_recruitment_document_type": "Паспорт",
                        "payroll_recruitment_document_number": "1845",
                        "payroll_issuing_governorate": "Херсонская",
                        "payroll_issuing_district": "Елисаветградский",
                        "payroll_rank_specialization": "Буфетчик 2 категории",
                        "payroll_previous_ship_name": "Цесаревич"
                    },
                    "3": {
                        "payroll_folio": "1",
                        "payroll_recording_date": "22.01.1907",
                        "payroll_ship_name": "Цесаревич",
                        "payroll_ship_owner": "Русское общество пароходства и торговли",
                        "payroll_person_surname": "Полищук",
                        "payroll_person_name": "Федор",
                        "payroll_person_patronymic": "Федорович",
                        "payroll_person_age": "adult",
                        "payroll_person_sex": "Male",
                        "payroll_recruitment_date": "15.01.1907",
                        "payroll_recruitment_port": "Одесса",
                        "payroll_recruitment_document_type": "Паспорт",
                        "payroll_recruitment_document_number": "793",
                        "payroll_issuing_governorate": "Бессарабская",
                        "payroll_issuing_district": "Аккерманский",
                        "payroll_rank_specialization": "Номерной 2 категории",
                        "payroll_previous_ship_name": "Нахимов"
                    },
                    "4": {
                        "payroll_folio": "1",
                        "payroll_recording_date": "22.01.1907",
                        "payroll_ship_name": "Цесаревич",
                        "payroll_ship_owner": "Русское общество пароходства и торговли",
                        "payroll_person_surname": "Макаренко",
                        "payroll_person_name": "Дмитрий",
                        "payroll_person_patronymic": "Филиппович",
                        "payroll_person_age": "adult",
                        "payroll_person_sex": "Male",
                        "payroll_recruitment_date": "01.01.1907",
                        "payroll_recruitment_port": "Одесса",
                        "payroll_recruitment_document_type": "Паспорт",
                        "payroll_recruitment_document_number": "62",
                        "payroll_issuing_governorate": "Полтавская",
                        "payroll_issuing_district": "Переясловский",
                        "payroll_issuing_township": "Барышевская",
                        "payroll_rank_specialization": "Повар",
                        "payroll_previous_ship_name": "Цесаревич"
                    },
                    "5": {
                        "payroll_folio": "1",
                        "payroll_recording_date": "22.01.1907",
                        "payroll_ship_name": "Цесаревич",
                        "payroll_ship_owner": "Русское общество пароходства и торговли",
                        "payroll_person_surname": "Дьямандиди",
                        "payroll_person_name": "Григорий",
                        "payroll_person_patronymic": "Николаевич",
                        "payroll_person_age": "adult",
                        "payroll_person_sex": "Male",
                        "payroll_recruitment_date": "20.01.1907",
                        "payroll_recruitment_port": "Одесса",
                        "payroll_recruitment_document_type": "Паспорт",
                        "payroll_recruitment_document_number": "2872",
                        "payroll_issuing_governorate": "Бессарабская",
                        "payroll_issuing_district": "Аккерманский",
                        "payroll_rank_specialization": "Кастрюльник",
                        "payroll_previous_ship_name": "Цесаревич"
                    },
                    "6": {
                        "payroll_folio": "1",
                        "payroll_recording_date": "22.01.1907",
                        "payroll_ship_name": "Цесаревич",
                        "payroll_ship_owner": "Русское общество пароходства и торговли",
                        "payroll_person_surname": "Кучугура",
                        "payroll_person_name": "Анастасия",
                        "payroll_person_patronymic": "Ивановна",
                        "payroll_person_age": "adult",
                        "payroll_person_sex": "Female",
                        "payroll_person_estate": "Мещанка",
                        "payroll_recruitment_date": "01.01.1907",
                        "payroll_recruitment_port": "Одесса",
                        "payroll_recruitment_document_type": "Паспортная книжка",
                        "payroll_recruitment_document_number": "2796",
                        "payroll_issuing_governorate": "Херсонская",
                        "payroll_issuing_district": "Одесский",
                        "payroll_issuing_city": "Одесса",
                        "payroll_rank_specialization": "Горничная",
                        "payroll_previous_ship_name": "Цесаревич"
                    },
                    "7": {
                        "payroll_folio": "1",
                        "payroll_recording_date": "22.01.1907",
                        "payroll_ship_name": "Цесаревич",
                        "payroll_ship_owner": "Русское общество пароходства и торговли",
                        "payroll_person_surname": "Поповиченко",
                        "payroll_person_name": "Николай",
                        "payroll_person_patronymic": "Антонович",
                        "payroll_person_age": "adult",
                        "payroll_person_sex": "Male",
                        "payroll_recruitment_date": "16.01.1907",
                        "payroll_recruitment_port": "Одесса",
                        "payroll_recruitment_document_type": "Паспорт",
                        "payroll_recruitment_document_number": "242",
                        "payroll_issuing_governorate": "Киевская",
                        "payroll_issuing_district": "Киевский",
                        "payroll_issuing_township": "Обуховская",
                        "payroll_rank_specialization": "Служба",
                        "payroll_previous_ship_name": "Пушкин"
                    },
                    "8": {
                        "payroll_folio": "2",
                        "payroll_recording_date": "23.02.1907",
                        "payroll_ship_name": "Цесаревич",
                        "payroll_ship_owner": "Русское общество пароходства и торговли",
                        "payroll_person_surname": "Стадник",
                        "payroll_person_name": "Григорий",
                        "payroll_person_patronymic": "Васильевич",
                        "payroll_person_age": "adult",
                        "payroll_person_sex": "Male",
                        "payroll_person_date_birth": "08.11.1876",
                        "payroll_recruitment_date": "18.02.1907",
                        "payroll_recruitment_port": "Одесса",
                        "payroll_recruitment_document_type": "Паспорт",
                        "payroll_recruitment_document_number": "1225",
                        "payroll_issuing_governorate": "Херсонская",
                        "payroll_issuing_district": "Новоалександровский",
                        "payroll_issuing_township": "Новогеоргиевская",
                        "payroll_rank_specialization": "Повар",
                        "payroll_month_salary": "60",
                        "payroll_month_salary_unit": "Рубль"
                    },
                    "9": {
                        "payroll_folio": "2",
                        "payroll_recording_date": "23.02.1907",
                        "payroll_ship_name": "Цесаревич",
                        "payroll_ship_owner": "Русское общество пароходства и торговли",
                        "payroll_person_surname": "Левичев",
                        "payroll_person_name": "Михаил",
                        "payroll_person_patronymic": "Григорьевич",
                        "payroll_person_age": "adult",
                        "payroll_person_sex": "Male",
                        "payroll_person_date_birth": "11.03.1869",
                        "payroll_recruitment_date": "18.02.1907",
                        "payroll_recruitment_port": "Одесса",
                        "payroll_recruitment_document_type": "Паспорт",
                        "payroll_recruitment_document_number": "685",
                        "payroll_issuing_governorate": "Орловская",
                        "payroll_rank_specialization": "Кастрюльник",
                        "payroll_month_salary": "20",
                        "payroll_month_salary_unit": "Рубль"
                    },
                    "10": {
                        "payroll_folio": "3",
                        "payroll_recording_date": "22.03.1907",
                        "payroll_ship_name": "Цесаревич",
                        "payroll_ship_owner": "Русское общество пароходства и торговли",
                        "payroll_person_surname": "Зимаков",
                        "payroll_person_name": "Петр",
                        "payroll_person_patronymic": "Евстратьевич",
                        "payroll_person_age": "adult",
                        "payroll_person_sex": "Male",
                        "payroll_person_date_birth": "21.12.1866",
                        "payroll_recruitment_date": "20.03.1907",
                        "payroll_recruitment_port": "Одесса",
                        "payroll_recruitment_document_type": "Паспорт",
                        "payroll_recruitment_document_number": "2035",
                        "payroll_issuing_governorate": "Могилевская",
                        "payroll_issuing_district": "Климовичский",
                        "payroll_issuing_township": "Костюковичская",
                        "payroll_rank_specialization": "Повар",
                        "payroll_month_salary": "60",
                        "payroll_month_salary_unit": "Рубль"
                    },
                    "11": {
                        "payroll_folio": "4",
                        "payroll_recording_date": "10.1907",
                        "payroll_ship_name": "Цесаревич",
                        "payroll_ship_owner": "Русское общество пароходства и торговли",
                        "payroll_person_surname": "Левичев",
                        "payroll_person_name": "Михаил",
                        "payroll_person_age": "adult",
                        "payroll_person_sex": "Male",
                        "payroll_recruitment_date": "12.10.1907",
                        "payroll_recruitment_port": "Одесса",
                        "payroll_rank_specialization": "Кастрюльник",
                        "payroll_previous_ship_name": "Цесаревич"
                    },
                    "12": {
                        "payroll_folio": "4",
                        "payroll_recording_date": "10.1907",
                        "payroll_ship_name": "Цесаревич",
                        "payroll_ship_owner": "Русское общество пароходства и торговли",
                        "payroll_person_surname": "Апроненко",
                        "payroll_person_name": "Яков",
                        "payroll_person_patronymic": "Иванович",
                        "payroll_person_age": "adult",
                        "payroll_person_sex": "Male",
                        "payroll_recruitment_date": "13.10.1907",
                        "payroll_recruitment_port": "Одесса",
                        "payroll_rank_specialization": "Служба"
                    },
                    "13": {
                        "payroll_folio": "4",
                        "payroll_recording_date": "10.1907",
                        "payroll_ship_name": "Цесаревич",
                        "payroll_ship_owner": "Русское общество пароходства и торговли",
                        "payroll_person_surname": "Поповиченко",
                        "payroll_person_name": "Павел",
                        "payroll_person_patronymic": "Иванович",
                        "payroll_person_age": "adult",
                        "payroll_person_sex": "Male",
                        "payroll_recruitment_date": "15.10.1907",
                        "payroll_recruitment_port": "Одесса",
                        "payroll_recruitment_document_type": "Паспорт",
                        "payroll_recruitment_document_number": "182",
                        "payroll_issuing_governorate": "Киевская",
                        "payroll_issuing_township": "Обуховская",
                        "payroll_rank_specialization": "Повар",
                        "payroll_previous_ship_name": "Чихачев"
                    },
                    "14": {
                        "payroll_folio": "4",
                        "payroll_recording_date": "10.1907",
                        "payroll_ship_name": "Цесаревич",
                        "payroll_ship_owner": "Русское общество пароходства и торговли",
                        "payroll_person_surname": "Косяневич",
                        "payroll_person_name": "Митрофан",
                        "payroll_person_patronymic": "Иванович",
                        "payroll_person_age": "adult",
                        "payroll_person_sex": "Male",
                        "payroll_recruitment_date": "12.10.1907",
                        "payroll_recruitment_port": "Одесса",
                        "payroll_recruitment_document_type": "Бессрочный паспорт одесской полиции",
                        "payroll_recruitment_document_number": "1272",
                        "payroll_issuing_governorate": "Херсонская",
                        "payroll_issuing_district": "Одесский",
                        "payroll_issuing_city": "Одесса",
                        "payroll_rank_specialization": "Номерной 1 категории"
                    },
                    "15": {
                        "payroll_folio": "4",
                        "payroll_recording_date": "10.1907",
                        "payroll_ship_name": "Цесаревич",
                        "payroll_ship_owner": "Русское общество пароходства и торговли",
                        "payroll_person_surname": "Кучугура",
                        "payroll_person_name": "Анасатасия",
                        "payroll_person_patronymic": "Ивановна",
                        "payroll_person_age": "adult",
                        "payroll_person_sex": "Female",
                        "payroll_person_estate": "Мещанка",
                        "payroll_recruitment_date": "12.10.1907",
                        "payroll_recruitment_port": "Одесса",
                        "payroll_recruitment_document_type": "Паспорт",
                        "payroll_recruitment_document_number": "2796",
                        "payroll_rank_specialization": "Горничная",
                        "payroll_previous_ship_name": "Цесаревич"
                    },
                    "16": {
                        "payroll_folio": "4",
                        "payroll_recording_date": "10.1907",
                        "payroll_ship_name": "Цесаревич",
                        "payroll_ship_owner": "Русское общество пароходства и торговли",
                        "payroll_person_surname": "Бугай",
                        "payroll_person_name": "Онурий",
                        "payroll_person_patronymic": "Прокофьевич",
                        "payroll_person_age": "adult",
                        "payroll_person_sex": "Male",
                        "payroll_recruitment_date": "12.10.1907",
                        "payroll_recruitment_port": "Одесса",
                        "payroll_recruitment_document_type": "Паспорт",
                        "payroll_recruitment_document_number": "370",
                        "payroll_issuing_governorate": "Подольская",
                        "payroll_issuing_district": "Каменецкий",
                        "payroll_rank_specialization": "Буфетчик 1 категории"
                    },
                    "17": {
                        "payroll_folio": "5",
                        "payroll_recording_date": "09.2.1907",
                        "payroll_ship_name": "Цесаревич",
                        "payroll_ship_owner": "Русское общество пароходства и торговли",
                        "payroll_person_surname": "Борисов",
                        "payroll_person_name": "Василий",
                        "payroll_person_patronymic": "Поликарпович",
                        "payroll_person_age": "adult",
                        "payroll_person_sex": "Male",
                        "payroll_recruitment_date": "20.12.1907",
                        "payroll_recruitment_port": "Одесса",
                        "payroll_recruitment_document_type": "Свидетельство",
                        "payroll_recruitment_document_number": "108",
                        "payroll_issuing_governorate": "Орловская",
                        "payroll_rank_specialization": "Лакей"
                    },
                    "18": {
                        "payroll_folio": "5",
                        "payroll_recording_date": "09.2.1907",
                        "payroll_ship_name": "Цесаревич",
                        "payroll_ship_owner": "Русское общество пароходства и торговли",
                        "payroll_person_surname": "Кретов",
                        "payroll_person_name": "Семен",
                        "payroll_person_patronymic": "Александрович",
                        "payroll_person_age": "adult",
                        "payroll_person_sex": "Male",
                        "payroll_recruitment_date": "20.12.1907",
                        "payroll_recruitment_port": "Одесса",
                        "payroll_recruitment_document_type": "Паспорт",
                        "payroll_recruitment_document_number": "620",
                        "payroll_issuing_governorate": "Курская",
                        "payroll_rank_specialization": "Повар"
                    },
                    "19": {},
                    "20": {},
                    "21": {},
                    "22": {},
                    "23": {},
                    "24": {},
                    "25": {},
                    "26": {}
                }
            }
        }
    ]
}