﻿{
    "docs": [
        {
            "_id": "2019-11-21T11:51:25.393Z_6",
            "template": "Maritime Workers_IT",
            "status": "Public",
            "data": {
                "record_information": {
                    "catalogue_id": "6",
                    "date_from": "2019-11-21",
                    "date_until": "2021-03-17T12:46:59",
                    "name": "Leonardo",
                    "surname": "Scavino",
                    "role_in_project": ""
                },
                "source_identity": {
                    "archive_library": "Archivio di Stato di genova",
                    "source_location": "Genova",
                    "book_number": "39",
                    "book_number_to": "",
                    "issuing_authority": "Direzione marittima di Genova",
                    "issuing_authority_location": "Genova",
                    "source_type_name": "",
                    "note": "",
                    "comment": ""
                },
                "maritime_workers_list": {
                    "0": {
                        "maritime_list_serial_number": "27812",
                        "worker_surname": "Degregori",
                        "worker_name": "Prospero",
                        "worker_fathers_name": "Gio. Batta",
                        "worker_mothers_name": "Rosa",
                        "worker_mothers_surname": "Mortola",
                        "worker_birth_location": "Camogli",
                        "worker_birth_date": "1874-03-04",
                        "worker_residence_location": "Camogli",
                        "worker_profession_rank": "Mozzo",
                        "maritime_list_note": "Disertato a Table Bay. "
                    },
                    "1": {
                        "maritime_list_serial_number": "27822",
                        "worker_surname": "Schiaffino",
                        "worker_name": "Gio. Batta",
                        "worker_fathers_name": "Giovanni",
                        "worker_mothers_name": "luigia",
                        "worker_mothers_surname": "Passalacqua",
                        "worker_birth_location": "Camogli",
                        "worker_birth_date": "1869-11-05",
                        "worker_residence_location": "Camogli",
                        "worker_profession_rank": "Marinaio",
                        "maritime_list_note": "Disertato."
                    },
                    "2": {
                        "maritime_list_serial_number": "27823",
                        "worker_surname": "Simonetti",
                        "worker_name": "Andrea Agostino",
                        "worker_fathers_name": "Gio. Batta",
                        "worker_mothers_name": "Maria",
                        "worker_mothers_surname": "Ogno",
                        "worker_birth_location": "Camogli",
                        "worker_birth_date": "1854-07-12",
                        "worker_residence_location": "Camogli",
                        "worker_profession_rank": "Marinaio"
                    },
                    "3": {
                        "maritime_list_serial_number": "27825",
                        "worker_surname": "Marini",
                        "worker_name": "Antonio Prospero",
                        "worker_fathers_name": "Antonio",
                        "worker_mothers_name": "luigia",
                        "worker_mothers_surname": "Folle",
                        "worker_birth_location": "Camogli",
                        "worker_birth_date": "1854-03-04",
                        "worker_residence_location": "Camogli",
                        "worker_profession_rank": "Marinaio",
                        "maritime_list_note": "Scrivano dal 1887"
                    },
                    "4": {
                        "maritime_list_serial_number": "27830",
                        "maritime_list_date": "1885-10-24",
                        "worker_surname": "Mortola",
                        "worker_name": "Agostino Domenico",
                        "worker_mothers_name": "Maria Paola",
                        "worker_mothers_surname": "Massa",
                        "worker_birth_location": "Camogli",
                        "worker_birth_date": "1871-09-18",
                        "worker_residence_location": "Camogli",
                        "worker_profession_rank": "Mozzo",
                        "maritime_list_note": "Nel 1909 fa il calzolaio a Camogli. "
                    },
                    "5": {
                        "maritime_list_serial_number": "27845",
                        "maritime_list_date": "1885-10-29",
                        "worker_surname": "Mortola",
                        "worker_name": "Filippo",
                        "worker_fathers_name": "Giuseppe",
                        "worker_mothers_name": "Pellegrina",
                        "worker_mothers_surname": "Ansaldo",
                        "worker_birth_location": "Camogli",
                        "worker_birth_date": "1871-08-14",
                        "worker_residence_location": "Camogli",
                        "worker_profession_rank": "Mozzo",
                        "maritime_list_note": "Padrone nel 1897."
                    },
                    "6": {
                        "maritime_list_serial_number": "27861",
                        "worker_surname": "Olivari",
                        "worker_name": "Lorenzo",
                        "worker_fathers_name": "Giuseppe",
                        "worker_mothers_name": "Maria",
                        "worker_mothers_surname": "Schiaffino",
                        "worker_birth_location": "Camogli",
                        "worker_birth_date": "1860-04-25",
                        "worker_residence_location": "Camogli",
                        "worker_profession_rank": "Capitano 1 classe",
                        "maritime_list_note": "permesso di restare a Buenos Ayres nel 1889. \nMorto entro il 1909, senza anno e data. "
                    },
                    "7": {
                        "maritime_list_serial_number": "28013",
                        "worker_surname": "Degregori",
                        "worker_name": "Lorenzo",
                        "worker_fathers_name": "Giuseppe",
                        "worker_mothers_name": "luigia",
                        "worker_mothers_surname": "Valle",
                        "worker_birth_location": "Camogli",
                        "worker_birth_date": "1858-12-11",
                        "worker_residence_location": "Camogli",
                        "worker_profession_rank": "Capitano 2 classe",
                        "maritime_list_note": "Censimento 1909: in america"
                    },
                    "8": {},
                    "9": {},
                    "10": {},
                    "11": {},
                    "12": {},
                    "13": {},
                    "14": {}
                },
                "displacement_list": {
                    "0": {
                        "0": {
                            "displacement_ship_type": "Brigantino",
                            "displacement_ship_name": "Giuseppina B.",
                            "displacement_registration_number": "4404",
                            "displacement_captain_name": "Gio. Batta",
                            "displacement_captain_surname": "Ansaldo",
                            "displacement_destination": "Civitavecchia",
                            "displacement_embarkation_location": "Genova",
                            "displacement_embarkation_date": "1885-10-19",
                            "displacement_discharge_location": "Genova",
                            "displacement_dissharge_location": "1885-12-10",
                            "total_months": "1",
                            "total_days": "22",
                            "note": "mozzo\n"
                        },
                        "1": {
                            "displacement_ship_type": "Brigantino",
                            "displacement_ship_name": "Nuovo Oregina",
                            "displacement_captain_surname": "Massa",
                            "displacement_destination": "Beirut",
                            "displacement_embarkation_location": "Cette",
                            "displacement_embarkation_date": "1886-04-08",
                            "displacement_discharge_location": "Marsiglia",
                            "displacement_dissharge_location": "1887-02-14",
                            "total_months": "10",
                            "total_days": "7"
                        },
                        "2": {
                            "displacement_ship_type": "Brigantino",
                            "displacement_ship_name": "Lazzaro",
                            "displacement_captain_surname": "Maggiolo",
                            "displacement_destination": "Buenos Aires",
                            "displacement_embarkation_location": "Marsiglia",
                            "displacement_embarkation_date": "1887-06-22",
                            "displacement_discharge_location": "Genova",
                            "displacement_dissharge_location": "1889-08-15",
                            "total_months": "25",
                            "total_days": "22"
                        },
                        "3": {
                            "displacement_ship_type": "Brigantino",
                            "displacement_ship_name": "Paolo C.",
                            "displacement_captain_surname": "Brigneto",
                            "displacement_destination": "Calamurta",
                            "displacement_embarkation_location": "Genova",
                            "displacement_embarkation_date": "1889-09-06",
                            "displacement_discharge_location": "Genova",
                            "displacement_dissharge_location": "1889-10-07",
                            "total_months": "1",
                            "total_days": "2",
                            "note": "Marinaio"
                        },
                        "4": {
                            "displacement_ship_name": "Camilla",
                            "displacement_captain_surname": "Riccobaldi",
                            "displacement_destination": "Livorno",
                            "displacement_embarkation_location": "Genova",
                            "displacement_embarkation_date": "1890-01-14",
                            "displacement_discharge_location": "Genova",
                            "displacement_dissharge_location": "1890-02-19",
                            "total_months": "1",
                            "total_days": "6"
                        },
                        "5": {
                            "displacement_ship_type": "Brigantino a palo",
                            "displacement_ship_name": "Silenzio",
                            "displacement_captain_surname": "Dapelo",
                            "displacement_destination": "Trapani",
                            "displacement_embarkation_location": "Civitavecchia",
                            "displacement_embarkation_date": "1890-04-08",
                            "displacement_discharge_location": "Livorno",
                            "displacement_dissharge_location": "1891-06-02",
                            "intermediate_port": "Filadelfia",
                            "total_months": "13",
                            "total_days": "25"
                        },
                        "6": {
                            "displacement_ship_type": "Brigantino",
                            "displacement_ship_name": "Anita S.",
                            "displacement_captain_surname": "Follegora",
                            "displacement_destination": "Cagliari",
                            "displacement_embarkation_location": "Genova",
                            "displacement_embarkation_date": "1894-12-14",
                            "displacement_discharge_location": "Genova",
                            "displacement_dissharge_location": "1895-03-12",
                            "total_months": "2",
                            "total_days": "29"
                        },
                        "7": {
                            "displacement_ship_type": "Brick Goletta",
                            "displacement_ship_name": "Sicilia",
                            "displacement_captain_surname": "Olivari",
                            "displacement_embarkation_location": "Genova",
                            "displacement_embarkation_date": "1895-04-18",
                            "displacement_discharge_location": "Genova",
                            "displacement_dissharge_location": "1895-06-15",
                            "intermediate_port": "Mediterraneo orientale",
                            "total_months": "1",
                            "total_days": "28"
                        },
                        "8": {
                            "displacement_ship_type": "Brigantino a palo",
                            "displacement_ship_name": "Concetta",
                            "displacement_captain_surname": "Avegno",
                            "displacement_destination": "Cagliari",
                            "displacement_embarkation_location": "Genova",
                            "displacement_embarkation_date": "1895-08-03",
                            "displacement_discharge_location": "Genova",
                            "displacement_dissharge_location": "1895-09-14",
                            "total_months": "1",
                            "total_days": "12"
                        },
                        "9": {},
                        "10": {},
                        "11": {},
                        "12": {},
                        "13": {},
                        "14": {}
                    },
                    "1": {
                        "0": {
                            "displacement_ship_type": "Brigantino a palo",
                            "displacement_ship_name": "Ravenna",
                            "displacement_captain_surname": "Beraldo",
                            "displacement_destination": "Marsiglia",
                            "displacement_embarkation_location": "Genova",
                            "displacement_embarkation_date": "1885-10-21",
                            "displacement_discharge_location": "Marsiglia",
                            "displacement_dissharge_location": "1886-02-13",
                            "total_months": "3",
                            "total_days": "23"
                        },
                        "1": {
                            "displacement_ship_type": "Brigantino a palo",
                            "displacement_ship_name": "Nina Schiaffino",
                            "displacement_captain_surname": "Maggiolo",
                            "displacement_destination": "Livorno",
                            "displacement_embarkation_location": "Genova",
                            "displacement_embarkation_date": "1886-03-08",
                            "displacement_discharge_location": "Livorno",
                            "displacement_dissharge_location": "1886-04-01",
                            "total_days": "24"
                        },
                        "2": {
                            "displacement_ship_type": "Brigantino a palo",
                            "displacement_ship_name": "Nina Schiaffino",
                            "displacement_captain_surname": "Maggiolo",
                            "displacement_destination": "Odessa",
                            "displacement_embarkation_location": "Livorno",
                            "displacement_embarkation_date": "1886-04-01",
                            "displacement_discharge_location": "Palermo",
                            "displacement_dissharge_location": "1887-04-21",
                            "total_months": "12",
                            "total_days": "25"
                        },
                        "3": {
                            "displacement_ship_type": "Brigantino a palo",
                            "displacement_ship_name": "Salvador",
                            "displacement_captain_surname": "Cordiglia",
                            "displacement_destination": "Port Vendres",
                            "displacement_embarkation_location": "Genova",
                            "displacement_embarkation_date": "1887-11-07",
                            "displacement_dissharge_location": "1888-07-05",
                            "total_months": "7",
                            "total_days": "29"
                        },
                        "4": {
                            "displacement_ship_type": "Piroscafo",
                            "displacement_ship_name": "Birmania",
                            "displacement_captain_surname": "Demarchi",
                            "displacement_destination": "Napoli",
                            "displacement_embarkation_location": "Genova",
                            "displacement_embarkation_date": "1888-08-10",
                            "displacement_discharge_location": "Genova",
                            "displacement_dissharge_location": "1888-11-14",
                            "intermediate_port": "Sud America",
                            "total_months": "2",
                            "total_days": "29"
                        },
                        "5": {
                            "displacement_ship_type": "Brigantino a palo",
                            "displacement_ship_name": "Prospero Davide",
                            "displacement_captain_surname": "Valle",
                            "displacement_destination": "new york",
                            "displacement_embarkation_location": "Marsiglia",
                            "displacement_embarkation_date": "1888-12-28",
                            "displacement_discharge_location": "Marsiglia",
                            "displacement_dissharge_location": "1890-04-15",
                            "total_months": "15",
                            "total_days": "18"
                        },
                        "6": {
                            "displacement_ship_type": "Brigantino a palo",
                            "displacement_ship_name": "Caterina S.",
                            "displacement_captain_surname": "Simonetti",
                            "displacement_destination": "Plata",
                            "displacement_embarkation_location": "Swansea",
                            "displacement_embarkation_date": "1890-11-05",
                            "displacement_discharge_location": "Genova",
                            "displacement_dissharge_location": "1892-02-02",
                            "total_months": "15"
                        },
                        "7": {},
                        "8": {},
                        "9": {},
                        "10": {},
                        "11": {},
                        "12": {},
                        "13": {},
                        "14": {}
                    },
                    "2": {
                        "0": {
                            "displacement_ship_type": "Brigantino a palo",
                            "displacement_ship_name": "Ravenna",
                            "displacement_captain_surname": "Beraldo",
                            "displacement_destination": "Marsiglia",
                            "displacement_embarkation_location": "Genova",
                            "displacement_embarkation_date": "1885-10-21",
                            "displacement_discharge_location": "Marsiglia",
                            "displacement_dissharge_location": "1888-02-13",
                            "total_months": "3",
                            "total_days": "23"
                        },
                        "1": {
                            "displacement_ship_type": "Brick Goletta",
                            "displacement_ship_name": "Marianina",
                            "displacement_captain_surname": "Scribanis",
                            "displacement_destination": "Scoglietti",
                            "displacement_embarkation_location": "Genova",
                            "displacement_embarkation_date": "1886-08-14",
                            "displacement_discharge_location": "Genova",
                            "displacement_dissharge_location": "1886-10-15",
                            "total_months": "2",
                            "total_days": "2"
                        },
                        "2": {
                            "displacement_ship_type": "Brick Goletta",
                            "displacement_ship_name": "Ponchino",
                            "displacement_captain_surname": "Bemorti",
                            "displacement_destination": "Scoglietti",
                            "displacement_embarkation_location": "Genova",
                            "displacement_embarkation_date": "1887-02-22",
                            "displacement_discharge_location": "Genova",
                            "displacement_dissharge_location": "1887-03-01",
                            "total_months": "1",
                            "total_days": "10"
                        },
                        "3": {},
                        "4": {},
                        "5": {},
                        "6": {},
                        "7": {},
                        "8": {},
                        "9": {},
                        "10": {},
                        "11": {},
                        "12": {},
                        "13": {},
                        "14": {}
                    },
                    "3": {
                        "0": {},
                        "1": {},
                        "2": {},
                        "3": {},
                        "4": {},
                        "5": {},
                        "6": {},
                        "7": {},
                        "8": {},
                        "9": {},
                        "10": {},
                        "11": {},
                        "12": {},
                        "13": {},
                        "14": {}
                    },
                    "4": {
                        "0": {},
                        "1": {},
                        "2": {},
                        "3": {},
                        "4": {},
                        "5": {},
                        "6": {},
                        "7": {},
                        "8": {},
                        "9": {},
                        "10": {},
                        "11": {},
                        "12": {},
                        "13": {},
                        "14": {}
                    },
                    "5": {
                        "0": {
                            "displacement_ship_type": "Brigantino a palo",
                            "displacement_ship_name": "Lazzaro",
                            "displacement_captain_surname": "Mortola",
                            "displacement_destination": "Buenos Aires",
                            "displacement_embarkation_location": "Marsiglia",
                            "displacement_embarkation_date": "1885-11-24",
                            "displacement_discharge_location": "Genova",
                            "displacement_dissharge_location": "1887-02-07",
                            "total_months": "14",
                            "total_days": "14"
                        },
                        "1": {
                            "displacement_ship_type": "Brigantino a palo",
                            "displacement_ship_name": "Prudente",
                            "displacement_captain_surname": "Mortola",
                            "displacement_destination": "Orano",
                            "displacement_embarkation_location": "Genova",
                            "displacement_embarkation_date": "1887-07-24",
                            "displacement_discharge_location": "Genova",
                            "displacement_dissharge_location": "1889-10-24",
                            "intermediate_port": "Sud America",
                            "total_months": "26",
                            "total_days": "11"
                        },
                        "2": {
                            "displacement_ship_type": "Brigantino",
                            "displacement_ship_name": "San Giuseppe",
                            "displacement_captain_surname": "Olivari",
                            "displacement_destination": "Bosa",
                            "displacement_embarkation_location": "Genova",
                            "displacement_embarkation_date": "1890-06-23",
                            "displacement_discharge_location": "Genova",
                            "displacement_dissharge_location": "1890-08-20",
                            "total_months": "1",
                            "total_days": "28",
                            "note": "Dispensiere"
                        },
                        "3": {
                            "displacement_ship_type": "Brigantino",
                            "displacement_ship_name": "San Giuseppe",
                            "displacement_captain_surname": "Olivari",
                            "displacement_destination": "Bosa",
                            "displacement_embarkation_location": "Genova",
                            "displacement_embarkation_date": "1890-09-18",
                            "displacement_discharge_location": "Genova",
                            "displacement_dissharge_location": "1891-12-29",
                            "total_months": "15",
                            "total_days": "13",
                            "note": "marinaio"
                        },
                        "4": {
                            "displacement_ship_type": "Brigantino a palo",
                            "displacement_ship_name": "Degregori A.",
                            "displacement_captain_surname": "Mortola",
                            "displacement_destination": "Smirne",
                            "displacement_embarkation_location": "Genova",
                            "displacement_embarkation_date": "1893-02-07",
                            "displacement_discharge_location": "Genova",
                            "displacement_dissharge_location": "1893-08-30",
                            "intermediate_port": "Nord America",
                            "total_months": "8",
                            "total_days": "27"
                        },
                        "5": {
                            "displacement_ship_type": "Brigantino a palo",
                            "displacement_ship_name": "Degregori A.",
                            "displacement_captain_surname": "Mortola",
                            "displacement_destination": "Nuova York",
                            "displacement_embarkation_location": "Genova",
                            "displacement_embarkation_date": "1894-01-16",
                            "displacement_discharge_location": "Genova",
                            "displacement_dissharge_location": "1894-08-25",
                            "intermediate_port": "Nord America",
                            "total_months": "7",
                            "total_days": "16"
                        },
                        "6": {
                            "displacement_ship_type": "Piroscafo",
                            "displacement_ship_name": "Capraia",
                            "displacement_captain_surname": "Chiama",
                            "displacement_destination": "Livorno",
                            "displacement_embarkation_location": "Genova",
                            "displacement_embarkation_date": "1894-10-24",
                            "displacement_discharge_location": "Genova",
                            "displacement_dissharge_location": "1894-04-02",
                            "total_months": "5",
                            "total_days": "9"
                        },
                        "7": {
                            "displacement_ship_type": "Piroscafo",
                            "displacement_ship_name": "Capraia",
                            "displacement_captain_surname": "Chiama",
                            "displacement_destination": "Reggio Calabria",
                            "displacement_embarkation_location": "Genova",
                            "displacement_embarkation_date": "1895-07-24",
                            "displacement_discharge_location": "Genova",
                            "displacement_dissharge_location": "1896-07-25",
                            "total_months": "12",
                            "total_days": "02"
                        },
                        "8": {
                            "displacement_ship_type": "Piroscafo",
                            "displacement_ship_name": "Aldo P.",
                            "displacement_captain_surname": "Mortola",
                            "displacement_destination": "Roma",
                            "displacement_embarkation_location": "Genova",
                            "displacement_embarkation_date": "1898-05-07",
                            "displacement_discharge_location": "Genova",
                            "displacement_dissharge_location": "1898-07-28",
                            "total_months": "2",
                            "total_days": "22",
                            "note": "Dispensiere"
                        },
                        "9": {
                            "displacement_ship_type": "Piroscafo",
                            "displacement_ship_name": "Aldo P.",
                            "displacement_captain_surname": "Mortola",
                            "displacement_destination": "La Spezia",
                            "displacement_embarkation_location": "Genova",
                            "displacement_embarkation_date": "1898-08-25",
                            "displacement_discharge_location": "Genova",
                            "displacement_dissharge_location": "1899-01-28",
                            "total_months": "5",
                            "total_days": "4",
                            "note": "Nostromo"
                        },
                        "10": {
                            "displacement_ship_type": "Piroscafo",
                            "displacement_captain_surname": "Gennaro",
                            "displacement_destination": "Theodosia",
                            "displacement_embarkation_location": "Genova",
                            "displacement_embarkation_date": "1899-09-04",
                            "displacement_discharge_location": "Napoli",
                            "displacement_dissharge_location": "1901-02-18",
                            "total_months": "17",
                            "total_days": "15",
                            "note": "Cambusiere"
                        },
                        "11": {},
                        "12": {},
                        "13": {},
                        "14": {}
                    },
                    "6": {
                        "0": {
                            "displacement_ship_type": "Brigantino a palo",
                            "displacement_ship_name": "Padre",
                            "displacement_captain_surname": "Bertolotto",
                            "displacement_destination": "Batum",
                            "displacement_embarkation_location": "Savona",
                            "displacement_embarkation_date": "1885-08-22",
                            "displacement_discharge_location": "Genova",
                            "displacement_dissharge_location": "1886-09-16",
                            "intermediate_port": "Inghilterra",
                            "total_months": "12",
                            "total_days": "25",
                            "note": "Secondo"
                        },
                        "1": {
                            "displacement_ship_type": "Brigantino a palo",
                            "displacement_ship_name": "Fede e Amore",
                            "displacement_captain_surname": "Lamberto",
                            "displacement_destination": "new york",
                            "displacement_embarkation_location": "Genova",
                            "displacement_embarkation_date": "1887-02-08",
                            "displacement_discharge_location": "Amburgo",
                            "displacement_dissharge_location": "1888-07-18",
                            "intermediate_port": "Rangoon",
                            "total_months": "17",
                            "total_days": "7"
                        },
                        "2": {
                            "displacement_ship_name": "Lavarello",
                            "displacement_captain_surname": "Schiappacasse",
                            "displacement_embarkation_location": "Buenos Aires",
                            "displacement_embarkation_date": "1889-12-30",
                            "displacement_discharge_location": "Amburgo",
                            "displacement_dissharge_location": "1891-03-23",
                            "total_months": "14",
                            "total_days": "24"
                        },
                        "3": {
                            "displacement_ship_type": "Piroscafo",
                            "displacement_destination": "Sestri Levante",
                            "displacement_embarkation_location": "Genova",
                            "displacement_embarkation_date": "1891-08-04",
                            "displacement_discharge_location": "Genova",
                            "displacement_dissharge_location": "1892-08-12"
                        },
                        "4": {
                            "displacement_ship_type": "Brigantino a palo",
                            "displacement_captain_surname": "Razeto",
                            "displacement_destination": "Cadice",
                            "displacement_embarkation_location": "Genova",
                            "displacement_embarkation_date": "1892-09-24",
                            "displacement_discharge_location": "Buenos Aires",
                            "displacement_dissharge_location": "1893-11-30"
                        },
                        "5": {},
                        "6": {},
                        "7": {},
                        "8": {},
                        "9": {},
                        "10": {},
                        "11": {},
                        "12": {},
                        "13": {},
                        "14": {}
                    },
                    "7": {
                        "0": {
                            "displacement_ship_type": "Brigantino a palo",
                            "displacement_ship_name": "Provvidenza R.",
                            "displacement_captain_surname": "Razeto",
                            "displacement_destination": "Pensacola",
                            "displacement_embarkation_location": "Genova",
                            "displacement_embarkation_date": "1886-01-08",
                            "displacement_discharge_location": "Pensacola",
                            "displacement_dissharge_location": "1886-04-12",
                            "total_months": "3",
                            "total_days": "5",
                            "note": "Secondo"
                        },
                        "1": {
                            "displacement_ship_type": "Brigantino a palo",
                            "displacement_ship_name": "Nuova Caterina",
                            "displacement_captain_surname": "Costa",
                            "displacement_destination": "Rosario",
                            "displacement_embarkation_location": "Newport",
                            "displacement_embarkation_date": "1888-10-08",
                            "displacement_discharge_location": "Rosario",
                            "displacement_dissharge_location": "1889-04-15",
                            "total_months": "6",
                            "total_days": "8"
                        },
                        "2": {
                            "displacement_ship_type": "Brigantino a palo",
                            "displacement_ship_name": "Previdente",
                            "displacement_captain_surname": "Garibaldo",
                            "displacement_destination": "Buenos Aires",
                            "displacement_embarkation_location": "Newcastle",
                            "displacement_embarkation_date": "1889-08-15",
                            "displacement_discharge_location": "Plymouth",
                            "displacement_dissharge_location": "1889-10-19",
                            "total_months": "2",
                            "total_days": "15"
                        },
                        "3": {
                            "displacement_ship_type": "Brigantino a palo",
                            "displacement_ship_name": "Caterina S.",
                            "displacement_captain_surname": "Simonetti",
                            "displacement_destination": "Capetown",
                            "displacement_embarkation_location": "Cardiff",
                            "displacement_embarkation_date": "1889-11-26",
                            "displacement_discharge_location": "Swansea",
                            "displacement_dissharge_location": "1890-09-22",
                            "total_months": "9",
                            "total_days": "27"
                        },
                        "4": {
                            "displacement_ship_type": "Brigantino a palo",
                            "displacement_ship_name": "Genitori F.",
                            "displacement_captain_surname": "Olivari",
                            "displacement_destination": "Newcastle",
                            "displacement_embarkation_location": "Napoli",
                            "displacement_embarkation_date": "1892-06-12",
                            "displacement_discharge_location": "Genova",
                            "displacement_dissharge_location": "1892-09-27",
                            "intermediate_port": "Canada",
                            "total_months": "3",
                            "total_days": "15"
                        },
                        "5": {
                            "displacement_ship_type": "Brigantino a palo",
                            "displacement_ship_name": "Vincelles",
                            "displacement_captain_surname": "Schiaffino",
                            "displacement_destination": "Rio de Janeiro",
                            "displacement_embarkation_location": "Marsiglia",
                            "displacement_embarkation_date": "1893-03-10",
                            "displacement_discharge_location": "Londra",
                            "displacement_dissharge_location": "1894-09-25",
                            "intermediate_port": "Moulmein",
                            "total_months": "18",
                            "total_days": "16"
                        },
                        "6": {
                            "displacement_ship_type": "Brigantino a palo",
                            "displacement_ship_name": "Antonio Casabona",
                            "displacement_captain_surname": "Cuneo",
                            "displacement_destination": "San Francisco",
                            "displacement_embarkation_location": "Glasgow",
                            "displacement_embarkation_date": "1895-07-15",
                            "displacement_discharge_location": "Newcastle",
                            "displacement_dissharge_location": "1896-08-27",
                            "total_months": "14",
                            "total_days": "9"
                        },
                        "7": {
                            "displacement_ship_type": "Brigantino a palo",
                            "displacement_ship_name": "Jamaica",
                            "displacement_captain_surname": "Valle",
                            "displacement_destination": "baltimora",
                            "displacement_embarkation_location": "Genova",
                            "displacement_embarkation_date": "1896-11-05",
                            "displacement_discharge_location": "Genova",
                            "displacement_dissharge_location": "1897-04-16",
                            "total_months": "5",
                            "total_days": "12"
                        },
                        "8": {
                            "displacement_ship_type": "Brigantino a palo",
                            "displacement_ship_name": "Jamaica",
                            "displacement_captain_surname": "Valle",
                            "displacement_destination": "baltimora",
                            "displacement_embarkation_location": "Genova",
                            "displacement_embarkation_date": "1897-05-07",
                            "displacement_discharge_location": "Napoli",
                            "displacement_dissharge_location": "1897-12-29",
                            "total_months": "7",
                            "total_days": "13"
                        },
                        "9": {
                            "displacement_ship_name": "Due Cugini",
                            "displacement_captain_surname": "Lavarello",
                            "displacement_destination": "Pensacola",
                            "displacement_embarkation_date": "1898-05-24",
                            "displacement_discharge_location": "Pensacola",
                            "displacement_dissharge_location": "1900-03-16",
                            "total_months": "20",
                            "total_days": "13"
                        },
                        "10": {},
                        "11": {},
                        "12": {},
                        "13": {},
                        "14": {}
                    }
                }
            }
        }
    ]
}