﻿{"docs": [{"_id":"2018-03-20T14:11:23.753Z_7","template":"Crew List_IT","status":"Public","data":{"record_information":{"catalogue_id":"7","date_from":"2018-03-20","date_until":"2020-09-22T15:32:48","name":"Francesco","surname":"Ferrando","role_in_project":""},"source_identity":{"archive_library":"Archivio di Stato di Genova","archive_library_location":"Genova","register_number":"14","number_of_document":"6858","date_of_document":"1861-02-15","date_of_document_to":"","issuing_authority":"Direzione Marittima di Genova","issuing_authority_location":"Genova","source_type_name":"","fond_number":"","fond_title":"","fond_series_number":"","file_number":"","file_tile":"","note":"","comment":""},"ship_records":{"ship_name":"Industria","ship_type":"Brigantino","ship_tonnage":"245,61","construction_location":"Savona","construction_location_date":"1853","ammunition_type":"","ammunition_quantity_value":"","ammunition_quantity_unit":"","registry_port":"Genova","registry_number":"1570","organization_name":"","owner_name":"Prospero","owner_surname":"Schiaffino","owner_fathers_name":"Giacomo","note":"","comment":""},"ports_of_call":{"date_from":"1861-02-15","date_to":"1861-10-23","total_duration_months":"7","total_duration_years":"9","first_planned_destinations":"Danubio","total_crew_number":"10","note":"","comment":""},"crew_list":{"0":{"embarkation_port":"Genova","embarkation_date":"1861-02-15","discharge_port":"Genova","discharge_date":"1861-10-23","crew_surname":"Schiaffino","crew_name":"Giovanni","crew_birth_location":"Recco","crew_birth_date":"1829","crew_serial_number":"2383","crew_profession_type":"Capitano di 2* classe","crew_profession_wage":"Italian Lira","crew_profession_months":"7","crew_profession_days":"9","crew_profession_pension_funds":"25,55"},"1":{"embarkation_port":"Genova","embarkation_date":"1861-02-15","discharge_port":"Genova","discharge_date":"1861-10-23","crew_surname":"Picasso","crew_name":"Alessandro","crew_birth_location":"Recco","crew_birth_date":"1832","crew_serial_number":"7927","crew_profession_type":"Secondo","crew_profession_wage":"Italian Lira","crew_profession_value":"90","crew_profession_months":"7","crew_profession_days":"9","crew_profession_pension_funds":"10,95"},"2":{"embarkation_port":"Genova","embarkation_date":"1861-02-15","discharge_port":"Genova","discharge_date":"1861-10-23","crew_surname":"Massa","crew_name":"Agostino","crew_birth_location":"Camogli","crew_birth_date":"1811","crew_serial_number":"4877","crew_profession_type":"Nostromo","crew_profession_wage":"Italian Lira","crew_profession_value":"80","crew_profession_months":"7","crew_profession_days":"9","crew_profession_pension_funds":"10,95"},"3":{"embarkation_port":"Genova","embarkation_date":"1861-02-15","discharge_port":"Genova","discharge_date":"1861-10-23","crew_surname":"Spinelli","crew_name":"Giuseppe","crew_birth_location":"Falconara","crew_birth_date":"1836","crew_serial_number":"Permesso","crew_profession_type":"Marinaio","crew_profession_wage":"Italian Lira","crew_profession_value":"60","crew_profession_months":"7","crew_profession_days":"9","crew_profession_pension_funds":"8,03"},"4":{"embarkation_port":"Genova","embarkation_date":"1861-02-15","discharge_port":"Costantinopoli","discharge_date":"1861-05-19","crew_surname":"Pirro","crew_name":"Nicola","crew_birth_location":"Livorno","crew_birth_date":"1839","crew_serial_number":"Permesso","crew_profession_type":"Marinaio","crew_profession_wage":"Italian Lira","crew_profession_value":"60","crew_profession_months":"2","crew_profession_days":"29","crew_profession_pension_funds":"9,26"},"5":{"embarkation_port":"Genova","embarkation_date":"1861-02-15","discharge_port":"Genova","discharge_date":"1861-10-19","crew_surname":"Manzotti","crew_name":"Giovanni","crew_birth_location":"Falconara","crew_birth_date":"1828","crew_serial_number":"Permesso","crew_profession_type":"Marinaio","crew_profession_wage":"Italian Lira","crew_profession_value":"60","crew_profession_months":"7","crew_profession_days":"9","crew_profession_pension_funds":"8,03"},"6":{"embarkation_port":"Genova","embarkation_date":"1861-02-15","discharge_port":"Costantinopoli","discharge_date":"1861-05-13","crew_surname":"Larocca","crew_name":"Salvatore","crew_birth_location":"Livorno","crew_birth_date":"1833","crew_serial_number":"Permesso","crew_profession_type":"Marinaio","crew_profession_wage":"Italian Lira","crew_profession_value":"60","crew_profession_months":"2","crew_profession_days":"29","crew_profession_pension_funds":"9,26"},"7":{"embarkation_port":"Genova","embarkation_date":"1861-02-15","discharge_port":"Costantinopoli","discharge_date":"1861-05-13","crew_surname":"Verdi","crew_name":"Enrico","crew_birth_location":"Roma","crew_birth_date":"1846","crew_serial_number":"Permesso","crew_profession_type":"Marinaio","crew_profession_wage":"Italian Lira","crew_profession_value":"60","crew_profession_months":"2","crew_profession_days":"29","crew_profession_pension_funds":"9,26"},"8":{"embarkation_port":"Genova","embarkation_date":"1861-02-15","discharge_port":"Genova","discharge_date":"1861-10-23","crew_surname":"Schiaffino","crew_name":"Fortunato","crew_birth_location":"Recco","crew_birth_date":"1845","crew_serial_number":"13062","crew_profession_type":"Mozzo","crew_profession_wage":"Italian Lira","crew_profession_value":"40","crew_profession_months":"7","crew_profession_days":"9","crew_profession_pension_funds":"5,84"},"9":{"embarkation_port":"Genova","embarkation_date":"1861-02-15","discharge_port":"Genova","discharge_date":"1861-10-23","crew_surname":"Peragallo","crew_name":"Agostino","crew_birth_location":"Genova","crew_birth_date":"1849","crew_serial_number":"17148","crew_profession_type":"Mozzo","crew_profession_wage":"Italian Lira","crew_profession_value":"10","crew_profession_months":"7","crew_profession_days":"9","crew_profession_pension_funds":"5,84"},"10":{"embarkation_port":"Genova","embarkation_date":"1861-02-15","discharge_port":"Costantinopoli","discharge_date":"1861-05-13","crew_surname":"Massa","crew_name":"Illario","crew_birth_location":"Nervi","crew_birth_date":"1806","crew_serial_number":"13004","crew_profession_type":"Dispensiere","crew_profession_wage":"Italian Lira","crew_profession_value":"70","crew_profession_months":"2","crew_profession_days":"29","crew_profession_pension_funds":"9,26"},"11":{"embarkation_port":"Genova","embarkation_date":"1861-02-15","discharge_port":"Genova","discharge_date":"1861-10-23","crew_surname":"Drago","crew_name":"Filippo","crew_birth_location":"Genova","crew_birth_date":"1845","crew_serial_number":"14691","crew_profession_type":"Mozzo","crew_profession_wage":"Italian Lira","crew_profession_value":"10","crew_profession_months":"7","crew_profession_days":"9","crew_profession_pension_funds":"5,84"},"12":{"embarkation_port":"Costantinopoli","embarkation_date":"1861-05-13","discharge_port":"Genova","discharge_date":"1861-10-23","crew_surname":"Siacobello","crew_name":"Pietro","crew_birth_location":"Spezia","crew_birth_date":"1843","crew_serial_number":"1609","crew_profession_type":"Marinaio","crew_profession_wage":"Italian Lira","crew_profession_value":"50","crew_profession_months":"4","crew_profession_days":"11","crew_profession_pension_funds":"9,49"},"13":{"embarkation_port":"Costantinopoli","embarkation_date":"1861-05-13","discharge_port":"Genova","discharge_date":"1861-10-23","crew_surname":"Brondi","crew_name":"Agostino","crew_birth_location":"Spezia","crew_birth_date":"1842","crew_serial_number":"2330","crew_profession_type":"Marinaio","crew_profession_wage":"Italian Lira","crew_profession_value":"50","crew_profession_months":"4","crew_profession_days":"11","crew_profession_pension_funds":"4,80"},"14":{"embarkation_port":"Costantinopoli","embarkation_date":"1861-05-13","discharge_port":"Genova","discharge_date":"1861-10-23","crew_surname":"Fasti","crew_name":"Gio Batta","crew_birth_location":"Camogli","crew_serial_number":"12608","crew_profession_type":"Marinaio","crew_profession_wage":"Italian Lira","crew_profession_value":"50","crew_profession_months":"4","crew_profession_days":"11","crew_profession_pension_funds":"4,80"},"15":{"embarkation_port":"Costantinopoli","embarkation_date":"1861-05-13","discharge_date":"1861-08-13","crew_surname":"Papiri","crew_name":"Eugenio","crew_birth_location":"Ancona","crew_birth_date":"1842","crew_serial_number":"1071","crew_profession_type":"Marinaio","crew_profession_wage":"Italian Lira","crew_profession_value":"50","crew_profession_months":"9","crew_profession_days":"1","crew_profession_pension_funds":"9,94","note":"Disertato"},"16":{}},"route":{"0":{"departure_port":"Costantinopoli","departure_date":"1861-03-14"},"1":{"departure_port":"Sulina","departure_date":"1861-03-21"},"2":{"departure_port":"Braila","departure_date":"1861-05-03"},"3":{"departure_port":"Sulina","departure_date":"1861-05-08"},"4":{"departure_port":"Costantinopoli","departure_date":"1861-05-13"},"5":{"departure_port":"Malta","departure_date":"1861-05-31"},"6":{"departure_port":"Cardiff","departure_date":"1861-08-10"},"7":{"departure_port":"Cardiff","departure_date":"1861-08-14"},"8":{},"9":{},"10":{},"11":{},"12":{},"13":{},"14":{}}}}]}