﻿{"docs": [{"_id":"2018-03-20T13:03:01.276Z_6","template":"Crew List_IT","status":"Public","data":{"record_information":{"catalogue_id":"6","date_from":"2018-03-20","date_until":"2020-09-22T16:19:09","name":"Francesco","surname":"Ferrando","role_in_project":""},"source_identity":{"archive_library":"Archivio di Stato di Genova","archive_library_location":"Genova","register_number":"14","number_of_document":"6853","date_of_document":"1861-02-12","date_of_document_to":"","issuing_authority":"Direzione Marittima di Genova","issuing_authority_location":"Genova","source_type_name":"","fond_number":"","fond_title":"","fond_series_number":"","file_number":"","file_tile":"","note":"","comment":""},"ship_records":{"ship_name":"Providenza","ship_type":"Brigantino","ship_tonnage":"220,67","construction_location":"Varazze","construction_location_date":"1857","ammunition_type":"","ammunition_quantity_value":"","ammunition_quantity_unit":"","registry_port":"Genova","registry_number":"1912","organization_name":"","owner_name":"Lorenzo","owner_surname":"Valle","owner_fathers_name":"","note":"","comment":""},"ports_of_call":{"date_from":"1961-02-12","date_to":"1861-10-09","total_duration_months":"7","total_duration_years":"28","first_planned_destinations":"Danubio","total_crew_number":"11","note":"","comment":""},"crew_list":{"0":{"embarkation_port":"Genova","embarkation_date":"1861-02-12","discharge_port":"Genova","discharge_date":"1861-10-09","crew_surname":"Valle","crew_name":"Lorenzo","crew_birth_location":"Camogli","crew_birth_date":"1819","crew_serial_number":"545","crew_profession_type":"Capitano di 2* classe","crew_profession_wage":"Italian Lira","crew_profession_months":"7","crew_profession_days":"28","crew_profession_pension_funds":"27,77"},"1":{"embarkation_port":"Genova","embarkation_date":"1861-02-12","discharge_port":"Genova","discharge_date":"1861-10-09","crew_surname":"Schiaffino","crew_name":"Biagio","crew_birth_location":"Camogli","crew_birth_date":"1817","crew_serial_number":"2366","crew_profession_type":"Secondo","crew_profession_wage":"Italian Lira","crew_profession_value":"90","crew_profession_months":"7","crew_profession_days":"28","crew_profession_pension_funds":"11,90"},"2":{"embarkation_port":"Genova","embarkation_date":"1861-02-12","discharge_port":"Genova","discharge_date":"1861-10-09","crew_surname":"Mortola","crew_name":"Prospero Andrea","crew_birth_location":"Camogli","crew_birth_date":"1819","crew_serial_number":"17865","crew_profession_type":"Nostromo","crew_profession_wage":"Italian Lira","crew_profession_value":"75","crew_profession_months":"7","crew_profession_days":"28","crew_profession_pension_funds":"11,90"},"3":{"embarkation_port":"Genova","embarkation_date":"1861-02-12","discharge_port":"Genova","discharge_date":"1861-10-09","crew_surname":"Olivari","crew_name":"Filippo Emanuele","crew_birth_location":"Camogli","crew_birth_date":"1808","crew_serial_number":"12094","crew_profession_type":"Dispensiere","crew_profession_wage":"Italian Lira","crew_profession_value":"70","crew_profession_months":"7","crew_profession_days":"28","crew_profession_pension_funds":"8,73"},"4":{"embarkation_port":"Genova","embarkation_date":"1861-02-12","discharge_port":"Genova","discharge_date":"1861-10-09","crew_surname":"Marri","crew_name":"Ambrogio Emanuele","crew_birth_location":"Chiavari","crew_birth_date":"1840","crew_serial_number":"5883","crew_profession_type":"Marinaio","crew_profession_wage":"Italian Lira","crew_profession_value":"60","crew_profession_months":"7","crew_profession_days":"28","crew_profession_pension_funds":"8,73"},"5":{"embarkation_port":"Genova","embarkation_date":"1861-02-12","discharge_port":"Genova","discharge_date":"1861-10-09","crew_surname":"Zonghetti","crew_name":"Vincenzo","crew_birth_location":"Pontificio","crew_birth_date":"1829","crew_serial_number":"Permesso","crew_profession_type":"Marinaio","crew_profession_wage":"Italian Lira","crew_profession_value":"60","crew_profession_months":"7","crew_profession_days":"28","crew_profession_pension_funds":"8,73"},"6":{"embarkation_port":"Genova","embarkation_date":"1861-02-12","discharge_port":"Costantinopoli","discharge_date":"1861-05-13","crew_surname":"Scipioni","crew_name":"Giuseppe","crew_birth_location":"Citta Nova","crew_birth_date":"1834","crew_serial_number":"Permesso","crew_profession_type":"Marinaio","crew_profession_wage":"Italian Lira","crew_profession_value":"60","crew_profession_months":"3","crew_profession_days":"2","crew_profession_pension_funds":"3,37"},"7":{"embarkation_port":"Genova","embarkation_date":"1861-02-12","discharge_port":"Genova","discharge_date":"1861-10-09","crew_surname":"Olivari","crew_name":"Tommaso","crew_birth_location":"Camogli","crew_birth_date":"1848","crew_serial_number":"16385","crew_profession_type":"Mozzo","crew_profession_wage":"Italian Lira","crew_profession_value":"10","crew_profession_months":"7","crew_profession_days":"28","crew_profession_pension_funds":"6,95"},"8":{"embarkation_port":"Genova","embarkation_date":"1861-02-12","discharge_port":"Genova","discharge_date":"1861-10-09","crew_surname":"Marciani","crew_name":"Franco Gaetano","crew_birth_location":"Camogli","crew_birth_date":"1844","crew_serial_number":"11929","crew_profession_type":"Mozzo","crew_profession_wage":"Italian Lira","crew_profession_value":"45","crew_profession_months":"7","crew_profession_days":"28","crew_profession_pension_funds":"6,35"},"9":{"embarkation_port":"Genova","embarkation_date":"1861-02-12","discharge_port":"Genova","discharge_date":"1861-10-09","crew_surname":"Molfino","crew_name":"Nicola Simone","crew_birth_location":"Chiavari","crew_birth_date":"1846","crew_serial_number":"7873","crew_profession_type":"Mozzo","crew_profession_wage":"Italian Lira","crew_profession_value":"10","crew_profession_months":"7","crew_profession_days":"28","crew_profession_pension_funds":"6,35"},"10":{"embarkation_port":"Genova","embarkation_date":"1861-02-12","discharge_port":"Genova","discharge_date":"1861-10-09","crew_surname":"Schiappacasse","crew_name":"Antonio","crew_birth_location":"Camogli","crew_birth_date":"1842","crew_serial_number":"11454","crew_profession_type":"Marinaio","crew_profession_wage":"Italian Lira","crew_profession_value":"60","crew_profession_months":"7","crew_profession_days":"28","crew_profession_pension_funds":"8,79"},"11":{"embarkation_port":"Costantinopoli","embarkation_date":"1861-05-13","discharge_port":"Genova","discharge_date":"1861-10-09","crew_surname":"Lugeri","crew_name":"Giueppe","crew_birth_location":"Ancona","crew_birth_date":"1839","crew_serial_number":"62","crew_profession_type":"Marinaio","crew_profession_wage":"Italian Lira","crew_profession_value":"50","crew_profession_months":"4","crew_profession_days":"27","crew_profession_pension_funds":"5,39"},"12":{},"13":{},"14":{}},"route":{"0":{"departure_port":"Costantinopoli","departure_date":"1861-03-14"},"1":{"departure_port":"Sulina","departure_date":"1861-03-21"},"2":{"departure_port":"Braila","departure_date":"1861-04-24"},"3":{"departure_port":"Galata","departure_date":"1861-05-04"},"4":{"departure_port":"Sulina","departure_date":"1861-05-08"},"5":{"departure_port":"Costantinopoli","departure_date":"1861-05-13"},"6":{"departure_port":"Costantinopoli","departure_date":"1861-05-17"},"7":{"departure_port":"Costantinopoli","departure_date":"1861-05-13"},"8":{"departure_port":"La Goletta","departure_date":"1861-06-03"},"9":{"departure_port":"Falmouth","departure_date":"1861-07-23"},"10":{},"11":{},"12":{},"13":{},"14":{}}}}]}