﻿{"docs": [{"_id":"2018-03-26T13:28:11.810Z_16","template":"Crew List_IT","status":"Public","data":{"record_information":{"catalogue_id":"16","date_from":"2018-03-26","date_until":"2019-08-29T12:01:59","name":"Carolina","surname":"Gaggero ","role_in_project":""},"source_identity":{"archive_library":"Archivio di Stato di Genova","archive_library_location":"Genova","register_number":"19","number_of_document":"6251","date_of_document":"1862-12-01","issuing_authority":"Direzione marittima di Genova","issuing_authority_location":"Genova","note":"","comment":""},"ship_records":{"ship_name":"Sincero","ship_type":"Brigantino","ship_tonnage":"162,43","construction_location":"Varazze","construction_location_date":"1855","ammunition_type":"","ammunition_quantity_value":"","ammunition_quantity_unit":"","registry_port":"Genova","registry_number":"569","owner_name":"Rocco","owner_surname":"Schiaffino","owner_fathers_name":"","note":"","comment":""},"ports_of_call":{"date_from":"1862-11-28","date_to":"1863-09-10","total_duration_months":"8","total_duration_years":"20","first_planned_destinations":"Messina","total_crew_number":"9","note":"","comment":""},"crew_list":{"0":{"embarkation_port":"Genova","embarkation_date":"1862-11-28","discharge_port":"Genova","discharge_date":"1863-09-10","crew_surname":"Mortola","crew_name":"Emanuele Luigi","crew_birth_location":"Genova","crew_birth_date":"1834","crew_serial_number":"8429","crew_profession_type":"Capitano di seconda classe","crew_profession_wage":"Share","crew_profession_value":"2","crew_profession_months":"8","crew_profession_days":"20","crew_profession_pension_funds":"30,33"},"1":{"embarkation_port":"Genova","embarkation_date":"1862-11-28","discharge_port":"Genova","discharge_date":"1863-09-10","crew_surname":"Maggiolo","crew_name":"Prospero","crew_birth_location":"Genova","crew_birth_date":"1826","crew_serial_number":"4911","crew_profession_type":"Secondo","crew_profession_wage":"Share","crew_profession_value":"1,5","crew_profession_months":"8","crew_profession_days":"20","crew_profession_pension_funds":"13"},"2":{"embarkation_port":"Genova","embarkation_date":"1862-11-28","discharge_port":"Genova","discharge_date":"1863-09-10","crew_surname":"Mortola","crew_name":"Emanuele Simone","crew_birth_location":"Genova","crew_birth_date":"1833","crew_serial_number":"7261","crew_profession_type":"Dispensiere","crew_profession_wage":"Share","crew_profession_value":"1,33","crew_profession_months":"8","crew_profession_days":"20","crew_profession_pension_funds":"9,53"},"3":{"embarkation_port":"Genova","embarkation_date":"1862-11-28","discharge_port":"Genova","discharge_date":"1863-09-10","crew_surname":"Bozzo","crew_name":"Benedetto","crew_birth_location":"Genova","crew_birth_date":"1842","crew_serial_number":"12106","crew_profession_type":"Marinaio","crew_profession_wage":"Share","crew_profession_value":"1","crew_profession_months":"8","crew_profession_days":"20","crew_profession_pension_funds":"9,53"},"4":{"embarkation_port":"Genova","embarkation_date":"1862-11-28","discharge_port":"Genova","discharge_date":"1863-09-10","crew_surname":"Tassara","crew_name":"Gerolamo","crew_birth_location":"Chiavari","crew_birth_date":"1842","crew_serial_number":"6633","crew_profession_type":"Marinaio","crew_profession_wage":"Share","crew_profession_value":"1","crew_profession_months":"8","crew_profession_days":"20","crew_profession_pension_funds":"9,53"},"5":{"embarkation_port":"Genova","embarkation_date":"1862-11-28","discharge_port":"Genova","discharge_date":"1863-09-10","crew_surname":"Rondanino","crew_name":"Stefano","crew_birth_location":"Genova","crew_birth_date":"1811","crew_serial_number":"2113","crew_profession_type":"Marinaio","crew_profession_wage":"Share","crew_profession_value":"1","crew_profession_months":"8","crew_profession_days":"20","crew_profession_pension_funds":"9,53"},"6":{"embarkation_port":"Genova","embarkation_date":"1862-11-28","discharge_port":"Genova","discharge_date":"1862-11-28","crew_surname":"Cortese","crew_name":"Luigi","crew_birth_location":"Chiavari","crew_birth_date":"1844","crew_serial_number":"7745","crew_profession_type":"Marinaio","crew_profession_wage":"Share","crew_profession_value":"1","note":"[scesi all`armamento]"},"7":{"embarkation_port":"Genova","embarkation_date":"1862-11-28","discharge_port":"Genova","discharge_date":"1862-11-28","crew_surname":"Maggiolo","crew_name":"Lorenzo","crew_birth_location":"Genova","crew_birth_date":"1840","crew_serial_number":"10497","crew_profession_type":"Marinaio","crew_profession_wage":"Share","crew_profession_value":"1","note":"[scesi all`armamento]"},"8":{"embarkation_port":"Genova","embarkation_date":"1862-11-28","discharge_port":"Genova","discharge_date":"1863-09-10","crew_surname":"Mortola","crew_name":"Lorenzo","crew_birth_location":"Genova","crew_birth_date":"1848","crew_serial_number":"17703","crew_profession_type":"Mozzo","crew_profession_wage":"Share","crew_profession_value":"1/2","crew_profession_months":"8","crew_profession_days":"20","crew_profession_pension_funds":"6,93"},"9":{"embarkation_port":"Genova","embarkation_date":"1862-11-28","discharge_port":"Genova","discharge_date":"1863-09-10","crew_surname":"Maggiolo","crew_name":"Sebastiano","crew_birth_location":"Genova","crew_birth_date":"1850","crew_serial_number":"18120","crew_profession_type":"Mozzo","crew_profession_wage":"Share","crew_profession_value":"1/4","crew_profession_months":"8","crew_profession_days":"20","crew_profession_pension_funds":"6,93"},"10":{"embarkation_port":"Genova","embarkation_date":"1862-11-28","discharge_port":"Genova","discharge_date":"1863-09-10","crew_surname":"Torriani","crew_name":"Michele","crew_birth_location":"Chiavari","crew_birth_date":"1844","crew_serial_number":"7921","crew_profession_type":"Mozzo","crew_profession_wage":"Share","crew_profession_value":"2/3","crew_profession_months":"8","crew_profession_days":"20","crew_profession_pension_funds":"6,53"},"11":{"embarkation_port":"Messina","embarkation_date":"1863-01-08","discharge_port":"Costantinopoli","discharge_date":"1863-03-26","crew_surname":"Penza","crew_name":"Antonio","crew_birth_location":"Malta","crew_birth_date":"1812","crew_serial_number":"1062","crew_profession_type":"Mozzo","crew_profession_wage":"Share","crew_profession_value":"1","crew_profession_months":"2","crew_profession_days":"19","crew_profession_pension_funds":"2,90"},"12":{"embarkation_port":"Costantinopoli","embarkation_date":"1863-03-26","discharge_port":"Genova","discharge_date":"1863-09-10","crew_surname":"Vallega","crew_name":"Giuseppe","crew_birth_location":"Spotorno","crew_birth_date":"1837","crew_serial_number":"4513","crew_profession_type":"Marinaio","crew_profession_wage":"Share","crew_profession_value":"1","crew_profession_months":"7","crew_profession_days":"15","crew_profession_pension_funds":"8,75"},"13":{},"14":{}},"route":{"0":{"departure_port":"Genova","departure_date":"1862-11-28"},"1":{"departure_port":"Messina","departure_date":"1863-01-09"},"2":{"departure_port":"Costantinopoli","departure_date":"1863-01-26"},"3":{"departure_port":"Sulina","departure_date":"1863-02-03"},"4":{"departure_port":"Braila","departure_date":"1863-03-24"},"5":{"departure_port":"Sulina","departure_date":"1863-03-30"},"6":{"departure_port":"Costantinopoli","departure_date":"1863-04-04"},"7":{"departure_port":"Malta","departure_date":"1863-04-21"},"8":{"departure_port":"Falmouth","departure_date":"1863-06-18"},"9":{"departure_port":"Cardiff","departure_date":"1863-08-01"},"10":{"arrival_port":"Genova","arrival_date":"1863-09-10"},"11":{},"12":{},"13":{},"14":{}}}}]}