﻿{"docs": [{"_id":"2018-02-28T14:00:06.802Z_3","template":"Crew List_IT","status":"Public","data":{"record_information":{"catalogue_id":"3","date_from":"2018-02-28","date_until":"2020-09-22T15:54:48","name":"Maurizio","surname":"Antinori","role_in_project":""},"source_identity":{"archive_library":"Archivio di Stato di Genova","archive_library_location":"Genova","register_number":"14","number_of_document":"6798","date_of_document":"1861-01-31","date_of_document_to":"","issuing_authority":"Direzione Marittima di Genova","issuing_authority_location":"Genova","source_type_name":"","fond_number":"","fond_title":"","fond_series_number":"","file_number":"","file_tile":"","note":"","comment":""},"ship_records":{"ship_name":"Le Due Marie","ship_type":"Brigantino","ship_tonnage":"154,37","construction_location":"Varazze","construction_location_date":"1852","ammunition_type":"","ammunition_quantity_value":"","ammunition_quantity_unit":"","registry_port":"Genova","registry_number":"1471","organization_name":"","owner_name":"Giuseppe","owner_surname":"Aste","owner_fathers_name":"","note":"","comment":""},"ports_of_call":{"date_from":"1861-1-31","date_to":"1861-11-2","total_duration_months":"9","total_duration_years":"3","first_planned_destinations":"Danubio","total_crew_number":"9","note":"","comment":""},"crew_list":{"0":{"embarkation_port":"Genova","embarkation_date":"1861-1-31","discharge_port":"Genova","discharge_date":"1861-11-2","crew_surname":"Aste","crew_name":"Giuseppe","crew_birth_location":"Camogli","crew_birth_date":"1808","crew_serial_number":"1309","crew_profession_type":"Capitano di seconda classe","crew_profession_months":"9","crew_profession_days":"3","crew_profession_pension_funds":"31,85","note":"Caratista"},"1":{"embarkation_port":"Genova","embarkation_date":"1861-1-31","discharge_port":"Genova","discharge_date":"1861-11-2","crew_surname":"Aste","crew_name":"Domenico","crew_birth_location":"Camogli","crew_birth_date":"1838","crew_serial_number":"12588","crew_profession_type":"Secondo","crew_profession_wage":"Italian Lira","crew_profession_value":"90","crew_profession_months":"9","crew_profession_days":"3","crew_profession_pension_funds":"13,65"},"2":{"embarkation_port":"Genova","embarkation_date":"1861-1-31","discharge_port":"Genova","discharge_date":"1861-11-2","crew_surname":"Aste","crew_name":"Fortunato","crew_birth_location":"Camogli","crew_birth_date":"1841","crew_serial_number":"11482","crew_profession_type":"Nostromo","crew_profession_wage":"Italian Lira","crew_profession_value":"80","crew_profession_months":"9","crew_profession_days":"3","crew_profession_pension_funds":"13,65"},"3":{"embarkation_port":"Genova","embarkation_date":"1861-1-31","discharge_port":"Genova","discharge_date":"1861-11-2","crew_surname":"Olivari","crew_name":"Prospero","crew_birth_location":"Camogli","crew_birth_date":"1840","crew_serial_number":"10536","crew_profession_type":"Marinaio","crew_profession_wage":"Italian Lira","crew_profession_value":"60","crew_profession_months":"9","crew_profession_days":"3","crew_profession_pension_funds":"10,01"},"4":{"embarkation_port":"Genova","embarkation_date":"1861-1-31","discharge_port":"Genova","discharge_date":"1861-11-2","crew_surname":"Romani","crew_name":"Prospero","crew_birth_location":"Levanto","crew_birth_date":"1838","crew_serial_number":"4128","crew_profession_type":"Marinaio","crew_profession_wage":"Italian Lira","crew_profession_value":"60","crew_profession_months":"9","crew_profession_days":"3","crew_profession_pension_funds":"10,01"},"5":{"embarkation_port":"Genova","embarkation_date":"1861-1-31","discharge_port":"Genova","discharge_date":"1861-11-2","crew_surname":"Felugo","crew_name":"Filippo","crew_birth_location":"Genova","crew_birth_date":"1841","crew_serial_number":"10950","crew_profession_type":"Marinaio","crew_profession_wage":"Italian Lira","crew_profession_value":"60","crew_profession_months":"9","crew_profession_days":"3","crew_profession_pension_funds":"10,01"},"6":{"embarkation_port":"Genova","embarkation_date":"1861-1-31","discharge_port":"Genova","discharge_date":"1861-11-2","crew_surname":"Pentolani","crew_name":"Antonio","crew_birth_location":"Toscana","crew_birth_date":"1838","crew_profession_type":"Marinaio","crew_profession_wage":"Italian Lira","crew_profession_value":"60","crew_profession_months":"9","crew_profession_days":"3","crew_profession_pension_funds":"10,01"},"7":{"embarkation_port":"Genova","embarkation_date":"1861-1-31","discharge_port":"Genova","discharge_date":"1861-11-2","crew_surname":"Aste","crew_name":"Filippo","crew_birth_location":"Camogli","crew_birth_date":"1845","crew_serial_number":"14469","crew_profession_type":"Mozzo","crew_profession_wage":"Italian Lira","crew_profession_value":"15","crew_profession_months":"9","crew_profession_days":"3","crew_profession_pension_funds":"7,28"},"8":{"embarkation_port":"Genova","embarkation_date":"1861-1-31","discharge_port":"Genova","discharge_date":"1861-11-2","crew_surname":"Levantini","crew_name":"Gabriele","crew_birth_location":"San Lorenzo","crew_birth_date":"1834","crew_serial_number":"3182","crew_profession_type":"Dispensiere","crew_profession_wage":"Italian Lira","crew_profession_value":"70","crew_profession_months":"9","crew_profession_days":"3","crew_profession_pension_funds":"10,01"},"9":{},"10":{},"11":{},"12":{},"13":{},"14":{}},"route":{"0":{"departure_port":"Genova","departure_date":"1861-1-31"},"1":{"departure_port":"Costantinopoli","departure_date":"1861-3-14"},"2":{"departure_port":"Sulina","departure_date":"1861-5-28"},"3":{"departure_port":"Costantinopoli","departure_date":"1861-6-5"},"4":{"departure_port":"Cork","departure_date":"1861-8-26"},"5":{"departure_port":"Swansea","departure_date":"1861-9-11"},"6":{"arrival_port":"Genova","arrival_date":"1861-11-2"},"7":{},"8":{},"9":{},"10":{},"11":{},"12":{},"13":{},"14":{}}}}]}