﻿{"docs": [{"_id":"2018-03-26T15:33:48.593Z_20","template":"Crew List_IT","status":"Public","data":{"record_information":{"catalogue_id":"20","date_from":"2018-03-26","date_until":"2020-09-22T21:25:41","name":"Carolina","surname":"Gaggero ","role_in_project":""},"source_identity":{"archive_library":"Archivio di Stato di Genova","archive_library_location":"Genova","register_number":"14","number_of_document":"9600","date_of_document":"1862-03-06","date_of_document_to":"","issuing_authority":"Direzione marittima di Genova","issuing_authority_location":"Genova","source_type_name":"","fond_number":"","fond_title":"","fond_series_number":"","file_number":"","file_tile":"","note":"","comment":""},"ship_records":{"ship_name":"Teresa","ship_type":"Brigantino","ship_tonnage":"307,47","construction_location":"Sestri Ponente","construction_location_date":"1838","ammunition_type":"","ammunition_quantity_value":"","ammunition_quantity_unit":"","registry_port":"Genova","registry_number":"2028","organization_name":"","owner_name":"Fortunato","owner_surname":"Marini","owner_fathers_name":"","note":"","comment":""},"ports_of_call":{"date_from":"","date_to":"","total_duration_months":"","total_duration_years":"","first_planned_destinations":"","total_crew_number":"","note":"","comment":""},"crew_list":{"0":{"embarkation_port":"Genova","embarkation_date":"1862-02-26","discharge_port":"Portofino","discharge_date":"1862-12-04","crew_surname":"Marini","crew_name":"Fortunato","crew_birth_location":"Genova","crew_birth_date":"1830","crew_serial_number":"372","crew_profession_type":"Capitano di seconda classe","crew_profession_wage":"Italian Lira","crew_profession_value":"100","crew_profession_months":"9","crew_profession_days":"9","crew_profession_pension_funds":"46,50"},"1":{"embarkation_port":"Genova","embarkation_date":"1862-02-26","discharge_port":"Marsiglia","discharge_date":"1862-07-15","crew_surname":"Bolfo","crew_name":"Emanuele Stefano","crew_birth_location":"Genova","crew_birth_date":"1842","crew_serial_number":"14828","crew_profession_type":"Marinaio","crew_profession_wage":"Italian Lira","crew_profession_value":"60","crew_profession_months":"4","crew_profession_days":"20","crew_profession_pension_funds":"5,13"},"2":{"embarkation_port":"Genova","embarkation_date":"1862-02-26","discharge_port":"Portofino","discharge_date":"1862-12-01","crew_surname":"Priario","crew_name":"Giacomo Francesco","crew_birth_location":"Genova","crew_birth_date":"1825","crew_serial_number":"8335","crew_profession_type":"Dispensiere","crew_profession_wage":"Italian Lira","crew_profession_value":"75","crew_profession_months":"9","crew_profession_days":"6","crew_profession_pension_funds":"13,72"},"3":{"embarkation_port":"Genova","embarkation_date":"1862-02-26","discharge_port":"Marsiglia","discharge_date":"1862-07-15","crew_surname":"Bertolotto","crew_name":"Giobatta","crew_birth_location":"Genova","crew_birth_date":"1831","crew_serial_number":"7911","crew_profession_type":"Marinaio","crew_profession_wage":"Italian Lira","crew_profession_value":"60","crew_profession_months":"4","crew_profession_days":"20","crew_profession_pension_funds":"5,13"},"4":{"embarkation_port":"Genova","embarkation_date":"1862-02-26","discharge_port":"Marsiglia","discharge_date":"1862-07-15","crew_surname":"Capurro","crew_name":"Prospero Giobatta","crew_birth_location":"Genova","crew_birth_date":"1836","crew_serial_number":"10921","crew_profession_type":"Marinaio","crew_profession_wage":"Italian Lira","crew_profession_value":"60","crew_profession_months":"4","crew_profession_days":"20","crew_profession_pension_funds":"5,13"},"5":{"embarkation_port":"Genova","embarkation_date":"1862-02-26","discharge_port":"Marsiglia","discharge_date":"1862-07-15","crew_surname":"Vignolo","crew_name":"Luigi","crew_birth_location":"Genova","crew_birth_date":"1835","crew_serial_number":"11109","crew_profession_type":"Marinaio","crew_profession_wage":"Italian Lira","crew_profession_value":"60","crew_profession_months":"4","crew_profession_days":"20","crew_profession_pension_funds":"5,13"},"6":{},"7":{},"8":{},"9":{},"10":{},"11":{},"12":{},"13":{},"14":{}},"route":{"0":{},"1":{},"2":{},"3":{},"4":{},"5":{},"6":{},"7":{},"8":{},"9":{},"10":{},"11":{},"12":{},"13":{},"14":{}}}}]}