﻿{"docs": [{"_id":"2018-03-27T13:21:53.645Z_15","template":"Crew List_IT","status":"Public","data":{"record_information":{"catalogue_id":"15","date_from":"2018-03-27","date_until":"2020-09-22T16:04:50","name":"Beatrice","surname":"Corradi","role_in_project":""},"source_identity":{"archive_library":"Archivio di stato","archive_library_location":"Genova","register_number":"15","number_of_document":"2532","date_of_document":"1862-03-18","date_of_document_to":"","issuing_authority":"Direzione marittima","issuing_authority_location":"Genova","source_type_name":"","fond_number":"","fond_title":"","fond_series_number":"","file_number":"","file_tile":"","note":"","comment":""},"ship_records":{"ship_name":"Maria","ship_type":"brigantino","ship_tonnage":"282,15","construction_location":"Varazze","construction_location_date":"1861","ammunition_type":"","ammunition_quantity_value":"","ammunition_quantity_unit":"","registry_port":"Genova","registry_number":"2188","organization_name":"","owner_name":"Giuseppe","owner_surname":"Gazzolo","owner_fathers_name":"","note":"","comment":""},"ports_of_call":{"date_from":"1862-03-18","date_to":"1862-11-10","total_duration_months":"7","total_duration_years":"23","first_planned_destinations":"Azoff","total_crew_number":"tredici","note":"","comment":""},"crew_list":{"0":{"embarkation_port":"Genova","embarkation_date":"1862-03-18","discharge_port":"Genova","discharge_date":"1862-11-10","crew_surname":"Gazzolo","crew_name":"Giuseppe Francesco","crew_birth_location":"Genova","crew_birth_date":"1827","crew_serial_number":"4777","crew_profession_type":"Capitano di Seconda classe","crew_profession_wage":"Italian Lira","crew_profession_value":"200","crew_profession_months":"7","crew_profession_days":"23","crew_profession_pension_funds":"27,18"},"1":{"embarkation_port":"Genova","embarkation_date":"1862-03-18","discharge_port":"Costantinopoli","discharge_date":"1862-04-24","crew_surname":"Gazzolo","crew_name":"Tommaso","crew_birth_location":"Genova","crew_birth_date":"1800","crew_serial_number":"4772","crew_profession_type":"Secondo","crew_profession_wage":"Italian Lira","crew_profession_value":"110","crew_profession_months":"1","crew_profession_days":"7","crew_profession_pension_funds":"1,85"},"2":{"embarkation_port":"Genova","embarkation_date":"1862-03-18","discharge_port":"Genova","discharge_date":"1862-11-10","crew_surname":"Rivano","crew_name":"Giovanni","crew_birth_location":"Genova","crew_birth_date":"1828","crew_serial_number":"2442","crew_profession_type":"Nostromo","crew_profession_wage":"Italian Lira","crew_profession_value":"75","crew_profession_months":"7","crew_profession_days":"23","crew_profession_pension_funds":"11,65"},"3":{"embarkation_port":"Genova","embarkation_date":"1862-03-18","discharge_port":"Genova","discharge_date":"1862-11-10","crew_surname":"Gazzolo","crew_name":"Luigi Emanuele","crew_birth_location":"Genova","crew_birth_date":"1839","crew_serial_number":"10915","crew_profession_type":"Marinaio","crew_profession_wage":"Italian Lira","crew_profession_value":"60","crew_profession_months":"7","crew_profession_days":"23","crew_profession_pension_funds":"8,54"},"4":{"embarkation_port":"Genova","embarkation_date":"1862-03-18","discharge_port":"Genova","discharge_date":"1862-11-10","crew_surname":"Drago","crew_name":"Carlo","crew_birth_location":"Genova","crew_birth_date":"1831","crew_serial_number":"4119","crew_profession_type":"Dispensiere","crew_profession_wage":"Italian Lira","crew_profession_value":"70","crew_profession_months":"7","crew_profession_days":"23","crew_profession_pension_funds":"8,54"},"5":{"embarkation_port":"Genova","embarkation_date":"1862-03-18","discharge_port":"Genova","discharge_date":"1862-11-10","crew_surname":"Costa","crew_name":"Emanuele","crew_birth_location":"Genova","crew_birth_date":"1844","crew_serial_number":"11995","crew_profession_type":"Marinaio","crew_profession_wage":"Italian Lira","crew_profession_value":"60","crew_profession_months":"7","crew_profession_days":"23","crew_profession_pension_funds":"8,54"},"6":{"embarkation_port":"Genova","embarkation_date":"1862-03-18","discharge_port":"Genova","discharge_date":"1862-11-10","crew_surname":"Azzarini","crew_name":"Felice","crew_birth_location":"Genova","crew_birth_date":"1839","crew_serial_number":"10142","crew_profession_type":"Marinaio","crew_profession_wage":"Italian Lira","crew_profession_value":"60","crew_profession_months":"7","crew_profession_days":"23","crew_profession_pension_funds":"8,54"},"7":{"embarkation_port":"Genova","embarkation_date":"1862-03-18","discharge_port":"Genova","discharge_date":"1862-11-10","crew_surname":"Gazzolo","crew_name":"Emanuele Bartolomeo","crew_birth_location":"Genova","crew_birth_date":"1845","crew_serial_number":"14294","crew_profession_type":"Marinaio","crew_profession_wage":"Italian Lira","crew_profession_value":"60","crew_profession_months":"7","crew_profession_days":"23","crew_profession_pension_funds":"6,21"},"8":{"embarkation_port":"Genova","embarkation_date":"1862-03-18","discharge_port":"Genova","discharge_date":"1862-11-10","crew_surname":"Penco","crew_name":"Giuseppe","crew_birth_location":"Genova","crew_birth_date":"1823","crew_serial_number":"1842","crew_profession_type":"Marinaio","crew_profession_wage":"Italian Lira","crew_profession_value":"60","crew_profession_months":"7","crew_profession_days":"23","crew_profession_pension_funds":"8,54"},"9":{"embarkation_port":"Genova","embarkation_date":"1862-03-18","discharge_port":"Genova","discharge_date":"1862-11-10","crew_surname":"Venco","crew_name":"Emanuele","crew_birth_location":"Genova","crew_birth_date":"1826","crew_serial_number":"2191","crew_profession_type":"Marinaio","crew_profession_wage":"Italian Lira","crew_profession_value":"60","crew_profession_months":"7","crew_profession_days":"23","crew_profession_pension_funds":"8,54"},"10":{"embarkation_port":"Genova","embarkation_date":"1862-03-18","discharge_port":"Genova","discharge_date":"1862-11-10","crew_surname":"Risso","crew_name":"Luigi","crew_birth_location":"Genova","crew_birth_date":"1846","crew_serial_number":"18423","crew_profession_type":"Mozzo","crew_profession_wage":"Italian Lira","crew_profession_value":"10","crew_profession_months":"7","crew_profession_days":"23","crew_profession_pension_funds":"6,21"},"11":{"embarkation_port":"Genova","embarkation_date":"1862-03-18","discharge_port":"Gallipoli","discharge_date":"1862-06-09","crew_surname":"Gazzolo","crew_name":"Filomeno","crew_birth_location":"Genova","crew_birth_date":"1850","crew_serial_number":"18284","crew_profession_type":"Mozzo","crew_profession_wage":"Italian Lira","crew_profession_value":"10","crew_profession_months":"2","crew_profession_days":"22","crew_profession_pension_funds":"2,19"},"12":{"embarkation_port":"Genova","embarkation_date":"1862-03-18","discharge_port":"Genova","discharge_date":"1862-11-10","crew_surname":"Senarega","crew_name":"Emanuele Lorenzo","crew_birth_location":"Genova","crew_birth_date":"1842","crew_serial_number":"14634","crew_profession_type":"Marinaio","crew_profession_wage":"Italian Lira","crew_profession_value":"60","crew_profession_months":"7","crew_profession_days":"23","crew_profession_pension_funds":"8,54"},"13":{"embarkation_port":"Costantinopoli","embarkation_date":"1862-04-24","discharge_port":"Genova","discharge_date":"1862-11-10","crew_surname":"Gazzolo","crew_name":"Ilario","crew_birth_location":"Nervi","crew_birth_date":"1834","crew_serial_number":"9069","crew_profession_type":"Secondo","crew_profession_months":"6","crew_profession_days":"17","crew_profession_pension_funds":"9,85"},"14":{}},"route":{"0":{"departure_port":"Costantinopoli","departure_date":"1862-04-24"},"1":{"departure_port":"Taganrog","departure_date":"1862-05-25"},"2":{"departure_port":"Kertch","departure_date":"1862-06-02"},"3":{"departure_port":"Costantinopoli","departure_date":"1862-06-08"},"4":{"departure_port":"Gallipoli","departure_date":"1862-06-09"},"5":{"departure_port":"Falmouth","departure_date":"1862-08-08"},"6":{"departure_port":"Rotterdam","departure_date":"1862-09-05"},"7":{"departure_port":"Sunderland","departure_date":"1862-09-14"},"8":{},"9":{},"10":{},"11":{},"12":{},"13":{},"14":{}}}}]}