﻿{"docs": [{"_id":"2018-03-20T16:13:08.665Z_11","template":"Crew List_IT","status":"Public","data":{"record_information":{"catalogue_id":"11","date_from":"2018-03-20","date_until":"2020-09-22T15:51:05","name":"Beatrice","surname":"Corradi","role_in_project":""},"source_identity":{"archive_library":"Archivio di stato","archive_library_location":"Genova","register_number":"15","number_of_document":"2523","date_of_document":"1862-03-14","date_of_document_to":"","issuing_authority":"Direzione marittima","issuing_authority_location":"Genova","source_type_name":"","fond_number":"","fond_title":"","fond_series_number":"","file_number":"","file_tile":"","note":"","comment":""},"ship_records":{"ship_name":"La Rosa","ship_type":"brigantino","ship_tonnage":"114,44","construction_location":"Varazze","construction_location_date":"1849","ammunition_type":"","ammunition_quantity_value":"","ammunition_quantity_unit":"","registry_port":"Genova","registry_number":"1251","organization_name":"","owner_name":"Antonio e Andrea","owner_surname":"Lavarello","owner_fathers_name":"","note":"","comment":""},"ports_of_call":{"date_from":"1862-03-15","date_to":"1862-10-08","total_duration_months":"6","total_duration_years":"24","first_planned_destinations":"Vignola","total_crew_number":"Nove","note":"","comment":""},"crew_list":{"0":{"embarkation_port":"Genova","embarkation_date":"1862-03-15","discharge_port":"Genova","discharge_date":"1862-10-08","crew_surname":"Massa","crew_name":"Filippo","crew_birth_location":"Genova","crew_birth_date":"1828","crew_serial_number":"5342","crew_profession_type":"capitano di prima classe","crew_profession_wage":"Share","crew_profession_value":"2","crew_profession_months":"6","crew_profession_days":"24","crew_profession_pension_funds":"17"},"1":{"embarkation_port":"Genova","embarkation_date":"1862-03-15","discharge_port":"Genova","discharge_date":"1862-10-08","crew_surname":"Canepa","crew_name":"Antonio","crew_birth_location":"Genova","crew_birth_date":"1809","crew_serial_number":"808","crew_profession_type":"Secondo","crew_profession_wage":"Share","crew_profession_value":"1,25","crew_profession_months":"6","crew_profession_days":"24","crew_profession_pension_funds":"10,20"},"2":{"embarkation_port":"Genova","embarkation_date":"1862-03-15","discharge_port":"Genova","discharge_date":"1862-10-08","crew_surname":"Torriani","crew_name":"Michele","crew_birth_location":"Chiavari","crew_birth_date":"1844","crew_serial_number":"7921","crew_profession_type":"Dispensiere","crew_profession_wage":"Share","crew_profession_value":"1,125","crew_profession_months":"6","crew_profession_days":"24","crew_profession_pension_funds":"7,48"},"3":{"embarkation_port":"Genova","embarkation_date":"1862-03-15","discharge_port":"Genova","discharge_date":"1862-10-08","crew_surname":"Molfino","crew_name":"Nicolò Giobatta","crew_birth_location":"Chiavari","crew_birth_date":"1845","crew_serial_number":"4944","crew_profession_type":"Marinaio","crew_profession_wage":"Share","crew_profession_value":"1","crew_profession_months":"6","crew_profession_days":"24","crew_profession_pension_funds":"7,48"},"4":{"embarkation_port":"Genova","embarkation_date":"1862-03-15","discharge_port":"Genova","discharge_date":"1862-10-08","crew_surname":"Molfino","crew_name":"Lorenzo","crew_birth_location":"Chiavari","crew_birth_date":"1834","crew_serial_number":"8227","crew_profession_type":"Marinaio","crew_profession_wage":"Share","crew_profession_value":"1","crew_profession_months":"6","crew_profession_days":"24","crew_profession_pension_funds":"7,48"},"5":{"embarkation_port":"Genova","embarkation_date":"1862-03-15","discharge_port":"Genova","discharge_date":"1862-10-08","crew_surname":"Cortese","crew_name":"Luigi","crew_birth_location":"Chiavari","crew_birth_date":"1844","crew_serial_number":"7745","crew_profession_type":"Marinaio","crew_profession_wage":"Share","crew_profession_value":"1","crew_profession_months":"6","crew_profession_days":"24","crew_profession_pension_funds":"7,48"},"6":{"embarkation_port":"Genova","embarkation_date":"1862-03-15","discharge_port":"Genova","discharge_date":"1862-10-08","crew_surname":"Capurro","crew_name":"Prospero","crew_birth_location":"Genova","crew_birth_date":"1845","crew_serial_number":"16178","crew_profession_type":"Mozzo","crew_profession_wage":"Share","crew_profession_value":"3/4","crew_profession_months":"6","crew_profession_days":"24","crew_profession_pension_funds":"5,44"},"7":{"embarkation_port":"Genova","embarkation_date":"1862-03-15","discharge_port":"Genova","discharge_date":"1862-10-08","crew_surname":"Badaracco","crew_name":"Francesco","crew_birth_location":"Genova","crew_birth_date":"1844","crew_serial_number":"15377","crew_profession_type":"Mozzo","crew_profession_wage":"Share","crew_profession_value":"3/4","crew_profession_months":"6","crew_profession_days":"24","crew_profession_pension_funds":"5,44"},"8":{"embarkation_port":"Genova","embarkation_date":"1862-03-15","discharge_port":"Genova","discharge_date":"1862-10-08","crew_surname":"Mortola","crew_name":"Elio Michele","crew_birth_location":"Genova","crew_birth_date":"1850","crew_profession_type":"Mozzo","crew_profession_wage":"Share","crew_profession_value":"1/4","crew_profession_months":"6","crew_profession_days":"24","crew_profession_pension_funds":"5,44"},"9":{},"10":{},"11":{},"12":{},"13":{},"14":{}},"route":{"0":{"departure_port":"Vezzano","departure_date":"1862-03-28"},"1":{"departure_port":"Maddalena","departure_date":"1862-04-11"},"2":{"departure_port":"Bastia","departure_date":"1862-04-30"},"3":{"departure_port":"Longosardo","departure_date":"1862-05-16"},"4":{"departure_port":"Bastia","departure_date":"1862-05-31"},"5":{"arrival_port":"Talamone","arrival_date":"1862-06-14"},"6":{"departure_port":"Talamone","departure_date":"1862-08-17"},"7":{"departure_port":"Palermo","departure_date":"1862-09-11"},"8":{"departure_port":"Cagliari","departure_date":"1862-09-23"},"9":{"departure_port":"Talamone","departure_date":"1862-09-30"},"10":{"departure_port":"Lanzone","departure_date":"1862-10-01"},"11":{},"12":{},"13":{},"14":{}}}}]}