﻿{"docs": [{"_id":"2018-02-26T13:34:26.106Z_1","template":"Crew List_IT","status":"Public","data":{"record_information":{"catalogue_id":"1","date_from":"2018-02-26","date_until":"2020-07-16T14:32:22","name":"Carolina","surname":"Gaggero","role_in_project":""},"source_identity":{"archive_library":"Archivio di Stato di Genova","archive_library_location":"Genova","register_number":"14","number_of_document":"6719","date_of_document":"1860-10-02","date_of_document_to":"","issuing_authority":"Direzione marittima di Genova","issuing_authority_location":"Genova","source_type_name":"","fond_number":"","fond_title":"","fond_series_number":"","file_number":"","file_tile":"","note":"","comment":""},"ship_records":{"ship_name":"Il Trionfo","ship_type":"Brickscooner","ship_tonnage":"138,37","construction_location":"Varazze","construction_location_date":"1837","ammunition_type":"","ammunition_quantity_value":"","ammunition_quantity_unit":"","registry_port":"Genova","registry_number":"478","organization_name":"","owner_name":"Giobatta","owner_surname":"Crovaro","owner_fathers_name":"","note":"","comment":""},"ports_of_call":{"date_from":"1860-12-20","date_to":"1861-09-30","total_duration_months":"6","total_duration_years":"16","first_planned_destinations":"Maremma","total_crew_number":"8","note":"","comment":""},"crew_list":{"0":{"embarkation_port":"Genova","embarkation_date":"1860-12-20","discharge_port":"Genova","discharge_date":"1861-09-30","crew_surname":"Boggiano","crew_name":"Francesco","crew_birth_location":"Camogli","crew_birth_date":"1830","crew_serial_number":"8460","crew_profession_type":"Capitano di seconda classe","crew_profession_wage":"Italian Lira","crew_profession_value":"120","crew_profession_months":"6","crew_profession_days":"16","crew_profession_pension_funds":"22,87"},"1":{"embarkation_port":"Genova","embarkation_date":"1860-12-20","discharge_port":"Genova","discharge_date":"1861-09-30","crew_surname":"Crovaro","crew_name":"Giobatta","crew_birth_location":"Camogli","crew_birth_date":"1814","crew_serial_number":"871","crew_profession_type":"Secondo","crew_profession_wage":"Italian Lira","crew_profession_value":"60","crew_profession_months":"6","crew_profession_days":"16","crew_profession_pension_funds":"9,80"},"2":{"embarkation_port":"Genova","embarkation_date":"1860-12-20","discharge_port":"Genova","discharge_date":"1861-09-30","crew_surname":"Crovaro","crew_name":"Giobatta","crew_birth_location":"Camogli","crew_birth_date":"1813","crew_serial_number":"3536","crew_profession_type":"Marinaio","crew_profession_wage":"Italian Lira","crew_profession_value":"110","crew_profession_months":"6","crew_profession_days":"16","crew_profession_pension_funds":"7,19"},"3":{"embarkation_port":"Genova","embarkation_date":"1860-12-20","discharge_port":"Genova","discharge_date":"1861-09-30","crew_surname":"Crovari","crew_name":"Andrea","crew_birth_location":"Camogli","crew_birth_date":"1843","crew_serial_number":"11710","crew_profession_type":"Marinaio","crew_profession_wage":"Italian Lira","crew_profession_value":"110","crew_profession_months":"6","crew_profession_days":"16","crew_profession_pension_funds":"5,23"},"4":{"embarkation_port":"Genova","embarkation_date":"1860-12-20","discharge_port":"Genova","discharge_date":"1861-01-21","crew_surname":"Follegora","crew_name":"Prospero","crew_birth_location":"Camogli","crew_birth_date":"1803","crew_serial_number":"779","crew_profession_type":"Marinaio","crew_profession_wage":"Share","crew_profession_value":"1","crew_profession_months":"1","crew_profession_days":"2","crew_profession_pension_funds":"1,17"},"5":{"embarkation_port":"Genova","embarkation_date":"1860-12-20","discharge_port":"Genova","discharge_date":"1861-01-21","crew_surname":"Maggiolo","crew_name":"Silvestro","crew_birth_location":"Camogli","crew_birth_date":"1841","crew_serial_number":"12043","crew_profession_type":"Marinaio","crew_profession_wage":"Share","crew_profession_value":"1","crew_profession_months":"1","crew_profession_days":"2","crew_profession_pension_funds":"1,17"},"6":{"embarkation_port":"Genova","embarkation_date":"1860-12-20","discharge_port":"Genova","discharge_date":"1861-01-21","crew_surname":"Maggiolo","crew_name":"Giovanni","crew_birth_location":"Camogli","crew_birth_date":"1818","crew_serial_number":"11609","crew_profession_type":"Marinaio","crew_profession_wage":"Share","crew_profession_value":"1","crew_profession_months":"1","crew_profession_days":"2","crew_profession_pension_funds":"1,17"},"7":{"embarkation_port":"Genova","embarkation_date":"1860-12-20","discharge_port":"Genova","discharge_date":"1861-09-30","crew_surname":"Crovari","crew_name":"Fortunato","crew_birth_location":"Camogli","crew_birth_date":"1841","crew_serial_number":"14202","crew_profession_type":"Mozzo","crew_profession_wage":"Italian Lira","crew_profession_value":"110","crew_profession_months":"6","crew_profession_days":"16","crew_profession_pension_funds":"5,23"},"8":{"embarkation_port":"Camogli","embarkation_date":"1861-03-28","discharge_port":"Portofino","discharge_date":"1861-04-25","crew_surname":"Beretta","crew_name":"Giacomo","crew_birth_location":"S. Margherita","crew_birth_date":"1832","crew_serial_number":"3665","crew_profession_type":"Marinaio","crew_profession_wage":"Italian Lira","crew_profession_value":"50","crew_profession_days":"28","crew_profession_pension_funds":"1,03"},"9":{"embarkation_port":"Camogli","embarkation_date":"1861-03-28","discharge_port":"Portofino","discharge_date":"1861-04-25","crew_surname":"Pellerano","crew_name":"Giovanni","crew_birth_location":"S. Margherita","crew_birth_date":"1829","crew_serial_number":"2819","crew_profession_type":"Marinaio","crew_profession_wage":"Italian Lira","crew_profession_value":"50","crew_profession_days":"28","crew_profession_pension_funds":"1,03"},"10":{"embarkation_port":"Camogli","embarkation_date":"1861-03-28","discharge_port":"Portofino","discharge_date":"1861-04-25","crew_surname":"Beretta","crew_name":"Girolamo","crew_birth_location":"S. Margherita","crew_birth_date":"1844","crew_serial_number":"7852","crew_profession_type":"Mozzo","crew_profession_days":"28","crew_profession_pension_funds":"0,75"},"11":{"embarkation_port":"Camogli","embarkation_date":"1861-03-28","discharge_port":"Genova","discharge_date":"1861-09-30","crew_surname":"Crovari","crew_name":"Pietro","crew_birth_location":"S. Margherita","crew_birth_date":"1853","crew_profession_type":"Mozzo","crew_profession_wage":"Italian Lira","crew_profession_value":"15","crew_profession_months":"5","crew_profession_days":"14","crew_profession_pension_funds":"4,37"},"12":{"embarkation_port":"Genova","embarkation_date":"1861-05-15","discharge_port":"Camogli","discharge_date":"1861-08-15","crew_surname":"Luxardo","crew_name":"Giacomo","crew_birth_location":"Camogli","crew_birth_date":"1799","crew_serial_number":"1320","crew_profession_type":"Marinaio","crew_profession_months":"3","crew_profession_days":"15","crew_profession_pension_funds":"3,85"},"13":{"embarkation_port":"Genova","embarkation_date":"1861-05-15","discharge_port":"Camogli","discharge_date":"1861-08-15","crew_surname":"Canepa","crew_name":"Antonio","crew_birth_location":"Camogli","crew_birth_date":"1809","crew_serial_number":"808","crew_profession_type":"Marinaio","crew_profession_months":"3","crew_profession_days":"15","crew_profession_pension_funds":"3,85"},"14":{"embarkation_port":"Genova","embarkation_date":"1861-05-15","discharge_port":"Camogli","discharge_date":"1861-08-15","crew_surname":"Morgante","crew_name":"Giacomo","crew_birth_location":"Portofino","crew_birth_date":"1843","crew_serial_number":"6172","crew_profession_type":"Mozzo","crew_profession_wage":"Share","crew_profession_value":"2/3","crew_profession_months":"3","crew_profession_days":"15","crew_profession_pension_funds":"2,80"},"15":{"embarkation_port":"Barcellona","embarkation_date":"1861-08-03","discharge_port":"Camogli","discharge_date":"1861-08-15","crew_surname":"Laviosa","crew_name":"Filippo","crew_birth_location":"Camogli","crew_birth_date":"1843","crew_profession_type":"Mozzo","crew_profession_days":"13","crew_profession_pension_funds":"0,95"},"16":{"embarkation_port":"Camogli","embarkation_date":"1861-09-05","discharge_port":"Genova","discharge_date":"1861-09-30","crew_surname":"Maggiolo","crew_name":"Lazzaro","crew_birth_location":"Camogli","crew_birth_date":"1817","crew_serial_number":"2381","crew_profession_type":"Marinaio","crew_profession_wage":"Italian Lira","crew_profession_value":"60","crew_profession_days":"26","crew_profession_pension_funds":"0,95"},"17":{"embarkation_port":"Camogli","embarkation_date":"1861-09-05","discharge_port":"Genova","discharge_date":"1861-09-30","crew_surname":"Mitrani","crew_name":"Domenico","crew_birth_location":"Camogli","crew_birth_date":"1812","crew_serial_number":"802","crew_profession_type":"Marinaio","crew_profession_wage":"Italian Lira","crew_profession_value":"60","crew_profession_days":"26","crew_profession_pension_funds":"0,95"},"18":{"embarkation_port":"Camogli","embarkation_date":"1861-09-05","discharge_port":"Genova","discharge_date":"1861-09-30","crew_surname":"Mitrani","crew_name":"Antonio","crew_birth_location":"Camogli","crew_birth_date":"1849","crew_serial_number":"16335","crew_profession_type":"Mozzo","crew_profession_wage":"Italian Lira","crew_profession_value":"15","crew_profession_days":"26","crew_profession_pension_funds":"0,69"},"19":{},"20":{},"21":{},"22":{},"23":{},"24":{},"25":{},"26":{}},"route":{"0":{"departure_port":"Genova","departure_date":"1860-12-20"},"1":{"departure_port":"Talamone","departure_date":"1861-01-04"},"2":{"departure_port":"Portofino","departure_date":"1861-01-18"},"3":{"departure_port":"Camogli","departure_date":"1861-03-28"},"4":{"departure_port":"Talamone","departure_date":"1861-04-11"},"5":{"departure_port":"Portofino","departure_date":"1861-05-15"},"6":{"departure_port":"Porto Maurizio","departure_date":"1861-06-13"},"7":{"departure_port":"Talamone","departure_date":"1861-06-17"},"8":{"departure_port":"Portofino","departure_date":"1861-07-05"},"9":{"departure_port":"Barcellona","departure_date":"1861-08-03"},"10":{"departure_port":"Porto Maurizio","departure_date":"1861-08-13"},"11":{"departure_port":"Camogli","departure_date":"1861-09-05"},"12":{"departure_port":"Porto Venere","departure_date":"1861-09-11"},"13":{"departure_port":"Talamone","departure_date":"1861-09-20"},"14":{"departure_port":"Porto Venere","departure_date":"1961-09-24"},"15":{"arrival_port":"Genova","arrival_date":"1861-09-30"}}}}]}