﻿{"docs": [{"_id":"2018-04-03T14:08:22.710Z_16","template":"Crew List_IT","status":"Public","data":{"record_information":{"catalogue_id":"16","date_from":"2018-04-03","date_until":"2020-09-22T15:27:01","name":"Francesco ","surname":"Ferrando","role_in_project":""},"source_identity":{"archive_library":"Archivio di Stato di Genova","archive_library_location":"Genova","register_number":"14","number_of_document":"6885","date_of_document":"1861-02-20","date_of_document_to":"","issuing_authority":"Direzione Marittima di Genova","issuing_authority_location":"Genova","source_type_name":"","fond_number":"","fond_title":"","fond_series_number":"","file_number":"","file_tile":"","note":"","comment":""},"ship_records":{"ship_name":"I Tre Fratelli","ship_type":"Brigantino","ship_tonnage":"189,66","construction_location":"Varazze","construction_location_date":"1848","ammunition_type":"","ammunition_quantity_value":"","ammunition_quantity_unit":"","registry_port":"Genova","registry_number":"1394","organization_name":"","owner_name":"Agostino","owner_surname":"Schiaffino","owner_fathers_name":"Franco","note":"","comment":""},"ports_of_call":{"date_from":"1861-03-20","date_to":"1862-01-14","total_duration_months":"10","total_duration_years":"15","first_planned_destinations":"Danubio","total_crew_number":"10","note":"","comment":""},"crew_list":{"0":{"embarkation_port":"Genova","embarkation_date":"1861-03-20","discharge_port":"Genova","discharge_date":"1862-01-14","crew_surname":"Schiaffino","crew_name":"Agostino","crew_birth_location":"Camogli","crew_birth_date":"1822","crew_serial_number":"3796","crew_profession_type":"Capitano di 2* classe","crew_profession_wage":"Italian Lira","crew_profession_months":"10","crew_profession_days":"25","crew_profession_pension_funds":"37,98"},"1":{"embarkation_port":"Genova","embarkation_date":"1861-03-20","discharge_port":"Galaz","discharge_date":"1861-04-20","crew_surname":"Delpino","crew_name":"Gio Batta","crew_birth_location":"Quinto","crew_birth_date":"1803","crew_serial_number":"8423","crew_profession_type":"Secondo e Nostromo","crew_profession_wage":"Italian Lira","crew_profession_value":"80","crew_profession_months":"2","crew_profession_days":"1","crew_profession_pension_funds":"3,05"},"2":{"embarkation_port":"Genova","embarkation_date":"1861-03-20","discharge_port":"Galaz","discharge_date":"1861-04-20","crew_surname":"Giacopello","crew_name":"Pietro","crew_birth_location":"Lerici","crew_birth_date":"1843","crew_serial_number":"3344","crew_profession_type":"Dispensiere","crew_profession_wage":"Italian Lira","crew_profession_value":"60","crew_profession_months":"2","crew_profession_days":"1","crew_profession_pension_funds":"2,24"},"3":{"embarkation_port":"Genova","embarkation_date":"1861-03-20","discharge_port":"Galaz","discharge_date":"1861-04-20","crew_surname":"Brandi","crew_name":"Agostino","crew_birth_location":"Lerici","crew_birth_date":"1842","crew_serial_number":"3519","crew_profession_type":"Marinaio","crew_profession_wage":"Italian Lira","crew_profession_value":"60","crew_profession_months":"2","crew_profession_days":"1","crew_profession_pension_funds":"2,24"},"4":{"embarkation_port":"Genova","embarkation_date":"1861-03-20","discharge_port":"Galaz","discharge_date":"1861-04-20","crew_surname":"Bracco","crew_name":"Francesco","crew_birth_location":"Porto Maurizio","crew_birth_date":"1842","crew_serial_number":"2442","crew_profession_type":"Marinaio","crew_profession_wage":"Italian Lira","crew_profession_value":"60","crew_profession_months":"2","crew_profession_days":"1","crew_profession_pension_funds":"2,24"},"5":{"embarkation_port":"Genova","embarkation_date":"1861-03-20","discharge_port":"Galaz","discharge_date":"1861-04-20","crew_surname":"Lugeri","crew_name":"Giuseppe","crew_birth_location":"Ancona","crew_birth_date":"1837","crew_serial_number":"Permesso","crew_profession_type":"Marinaio","crew_profession_wage":"Italian Lira","crew_profession_value":"60","crew_profession_months":"2","crew_profession_days":"1","crew_profession_pension_funds":"2,24"},"6":{"embarkation_port":"Genova","embarkation_date":"1861-03-20","discharge_port":"Galaz","discharge_date":"1861-04-20","crew_surname":"Burattini","crew_name":"Mariano","crew_birth_location":"Ancona","crew_birth_date":"1838","crew_serial_number":"Permesso","crew_profession_type":"Marinaio","crew_profession_wage":"Italian Lira","crew_profession_value":"60","crew_profession_months":"2","crew_profession_days":"1","crew_profession_pension_funds":"2,24"},"7":{"embarkation_port":"Genova","embarkation_date":"1861-03-20","discharge_port":"Galaz","discharge_date":"1861-04-20","crew_surname":"Daste","crew_name":"Gio Batta","crew_birth_location":"Recco","crew_birth_date":"1839","crew_serial_number":"12608","crew_profession_type":"Marinaio","crew_profession_wage":"Italian Lira","crew_profession_value":"60","crew_profession_months":"2","crew_profession_days":"1","crew_profession_pension_funds":"2,24"},"8":{"embarkation_port":"Genova","embarkation_date":"1861-03-20","discharge_port":"Galaz","discharge_date":"1861-04-20","crew_surname":"Giacopello","crew_name":"Angeli","crew_birth_location":"Lerici","crew_birth_date":"1843","crew_serial_number":"3997","crew_profession_type":"Giovinetto","crew_profession_wage":"Italian Lira","crew_profession_value":"45","crew_profession_months":"2","crew_profession_days":"1","crew_profession_pension_funds":"2,24"},"9":{"embarkation_port":"Genova","embarkation_date":"1861-03-20","discharge_port":"Genova","discharge_date":"1862-01-14","crew_surname":"Corveto","crew_name":"Luigi","crew_birth_location":"Pieve di Sori","crew_birth_date":"1847","crew_serial_number":"16243","crew_profession_type":"Mozzo","crew_profession_wage":"Italian Lira","crew_profession_value":"10","crew_profession_months":"10","crew_profession_days":"25","crew_profession_pension_funds":"8,67"},"10":{"embarkation_port":"Galaz","embarkation_date":"1861-05-01","discharge_port":"Corch","discharge_date":"1861-08-18","crew_surname":"Bupanich","crew_name":"Gaspare","crew_birth_location":"Luningrand","crew_birth_date":"1832","crew_serial_number":"315","crew_profession_type":"Secondo e Nostromo","crew_profession_wage":"Italian Lira","crew_profession_value":"80","crew_profession_months":"3","crew_profession_days":"4","crew_profession_pension_funds":"4,70"},"11":{"embarkation_port":"Galaz","embarkation_date":"1861-05-01","discharge_port":"Corch","discharge_date":"1861-08-18","crew_surname":"Vidal","crew_name":"Francesco","crew_birth_location":"Pirano","crew_birth_date":"1839","crew_serial_number":"160","crew_profession_type":"Marinaio","crew_profession_wage":"Italian Lira","crew_profession_value":"60","crew_profession_months":"3","crew_profession_days":"4","crew_profession_pension_funds":"3,45"},"12":{"embarkation_port":"Galaz","embarkation_date":"1861-05-01","discharge_port":"Corch","discharge_date":"1861-08-18","crew_surname":"Urdepich","crew_name":"Luca","crew_birth_location":"Portorose","crew_birth_date":"1837","crew_profession_type":"Marinaio","crew_profession_wage":"Italian Lira","crew_profession_value":"60","crew_profession_months":"3","crew_profession_days":"4","crew_profession_pension_funds":"3,45"},"13":{"embarkation_port":"Galaz","embarkation_date":"1861-05-01","discharge_port":"Malta","discharge_date":"1861-06-20","crew_surname":"Papovich","crew_name":"Giovanni","crew_birth_location":"Lussinpiccolo","crew_birth_date":"1841","crew_serial_number":"Permesso","crew_profession_type":"Marinaio","crew_profession_wage":"Italian Lira","crew_profession_value":"60","crew_profession_months":"1","crew_profession_days":"6","crew_profession_pension_funds":"1,32"},"14":{"embarkation_port":"Galaz","embarkation_date":"1861-05-01","discharge_port":"Corch","discharge_date":"1861-08-18","crew_surname":"Dragubinavich","crew_name":"Matteo","crew_birth_location":"Lussinpiccolo","crew_birth_date":"1837","crew_serial_number":"Permesso","crew_profession_type":"Marinaio","crew_profession_wage":"Italian Lira","crew_profession_value":"60","crew_profession_months":"3","crew_profession_days":"4","crew_profession_pension_funds":"3,45"},"15":{"embarkation_port":"Galaz","embarkation_date":"1861-05-01","discharge_port":"Costantinopoli","discharge_date":"1861-05-27","crew_surname":"Socrati","crew_name":"Cambusheosa","crew_birth_location":"Cefalonia","crew_birth_date":"1838","crew_profession_type":"Marinaio","crew_profession_wage":"Italian Lira","crew_profession_value":"60","crew_profession_months":"1","crew_profession_days":"13","crew_profession_pension_funds":"3,48"},"16":{"embarkation_port":"Galaz","embarkation_date":"1861-05-01","discharge_port":"Costantinopoli","discharge_date":"1861-05-27","crew_surname":"Di Manso","crew_name":"Andrea","crew_birth_location":"Ischia","crew_birth_date":"1841","crew_serial_number":"Permesso","crew_profession_type":"Marinaio","crew_profession_wage":"Italian Lira","crew_profession_value":"60","crew_profession_months":"1","crew_profession_days":"13","crew_profession_pension_funds":"3,48"},"17":{"embarkation_port":"Gibilterra","embarkation_date":"1861-11-15","discharge_port":"Gibilterra","discharge_date":"1861-11-17","crew_surname":"De Sousa","crew_name":"Diego","crew_birth_location":"Portoghese","crew_profession_type":"Marinaio","crew_profession_wage":"Italian Lira","crew_profession_value":"11","crew_profession_days":"3","crew_profession_pension_funds":"0,11"},"18":{"embarkation_port":"Gibilterra","embarkation_date":"1861-11-25","discharge_port":"Cagliari","discharge_date":"1861-12-20","crew_surname":"Snout","crew_name":"John","crew_birth_location":"Inglese","crew_profession_type":"Marinaio","crew_profession_wage":"Italian Lira","crew_profession_value":"11","crew_profession_days":"26","crew_profession_pension_funds":"0,95"},"19":{"embarkation_port":"Gibilterra","embarkation_date":"1861-11-25","discharge_port":"Cagliari","discharge_date":"1861-12-20","crew_surname":"Brossen","crew_name":"William","crew_birth_location":"Inglese","crew_profession_type":"Marinaio","crew_profession_wage":"Italian Lira","crew_profession_value":"11","crew_profession_days":"26","crew_profession_pension_funds":"0,95"},"20":{"embarkation_port":"Gibilterra","embarkation_date":"1861-11-25","discharge_port":"Cagliari","discharge_date":"1861-12-20","crew_surname":"Schott","crew_name":"Joseph","crew_birth_location":"Inglese","crew_profession_type":"Marinaio","crew_profession_wage":"Italian Lira","crew_profession_value":"11","crew_profession_days":"26","crew_profession_pension_funds":"0,95"},"21":{"embarkation_port":"Gibilterra","embarkation_date":"1861-11-25","discharge_port":"Cagliari","discharge_date":"1861-12-20","crew_surname":"William","crew_name":"Giorgio","crew_birth_location":"Inglese","crew_profession_type":"Marinaio","crew_profession_wage":"Italian Lira","crew_profession_value":"11","crew_profession_days":"26","crew_profession_pension_funds":"0,95"},"22":{"embarkation_port":"Gibilterra","embarkation_date":"1861-11-25","discharge_port":"Cagliari","discharge_date":"1861-12-20","crew_surname":"Waith","crew_name":"John","crew_birth_location":"Inglese","crew_profession_type":"Marinaio","crew_profession_wage":"Italian Lira","crew_profession_value":"11","crew_profession_days":"26","crew_profession_pension_funds":"0,95"},"23":{"embarkation_port":"Gibilterra","embarkation_date":"1861-11-25","discharge_port":"Genova","discharge_date":"1862-01-14","crew_surname":"Fazio","crew_name":"Antonio Modesto","crew_birth_location":"Albaro","crew_birth_date":"1808","crew_serial_number":"290","crew_profession_type":"Marinaio","crew_profession_wage":"Italian Lira","crew_profession_value":"11","crew_profession_months":"1","crew_profession_days":"20","crew_profession_pension_funds":"0,83"},"24":{"embarkation_port":"Cagliari","embarkation_date":"1861-12-20","discharge_port":"Genova","discharge_date":"1862-01-14","crew_surname":"Galliera","crew_name":"Francesco","crew_birth_location":"Cagliari","crew_birth_date":"1832","crew_serial_number":"732","crew_profession_type":"Marinaio","crew_profession_days":"25","crew_profession_pension_funds":"0,92","note":"Pagano la traversata"},"25":{"embarkation_port":"Cagliari","embarkation_date":"1861-12-20","discharge_port":"Genova","discharge_date":"1862-01-14","crew_name":"Daniele","crew_birth_location":"Cagliari","crew_birth_date":"1829","crew_serial_number":"2261","crew_profession_type":"Marinaio","crew_profession_days":"25","crew_profession_pension_funds":"0,92","note":"Pagano la traversata"},"26":{"embarkation_port":"Cagliari","embarkation_date":"1861-12-20","discharge_port":"Genova","discharge_date":"1862-01-14","crew_surname":"Auda","crew_name":"Giovanni","crew_birth_location":"Cagliari","crew_birth_date":"1843","crew_serial_number":"1808","crew_profession_type":"Marinaio","crew_profession_days":"25","crew_profession_pension_funds":"0,92","note":"Pagano la traversata"},"27":{"embarkation_port":"Cagliari","embarkation_date":"1861-12-20","discharge_port":"Genova","discharge_date":"1862-01-14","crew_surname":"Bradi","crew_name":"Egidio","crew_birth_location":"Cagliari","crew_birth_date":"1817","crew_serial_number":"2250","crew_profession_type":"Marinaio","crew_profession_days":"25","crew_profession_pension_funds":"0,92","note":"Pagano la traversata"},"28":{"embarkation_port":"Cagliari","embarkation_date":"1861-12-20","discharge_port":"Genova","discharge_date":"1862-01-14","crew_surname":"Castagliola","crew_name":"Domingo","crew_birth_location":"Cagliari","crew_profession_type":"Marinaio","crew_profession_days":"25","crew_profession_pension_funds":"0,92","note":"Pagano la traversata"},"29":{"embarkation_port":"Costantinopoli","embarkation_date":"1861-05-29","discharge_port":"Malta","discharge_date":"1861-06-22","crew_surname":"Gandolfi","crew_name":"Daniele","crew_birth_location":"Ancona","crew_birth_date":"1826","crew_serial_number":"941","crew_profession_type":"Marinaio","crew_profession_wage":"Italian Lira","crew_profession_value":"50","crew_profession_months":"1","crew_profession_days":"26","crew_profession_pension_funds":"0,95"},"30":{"embarkation_port":"Costantinopoli","embarkation_date":"1861-05-29","discharge_port":"Malta","discharge_date":"1861-06-22","crew_surname":"Domenico","crew_name":"Franchini","crew_birth_location":"?","crew_birth_date":"1819","crew_serial_number":"27","crew_profession_type":"Marinaio","crew_profession_wage":"Italian Lira","crew_profession_value":"50","crew_profession_months":"1","crew_profession_days":"26","crew_profession_pension_funds":"0,95"},"31":{"embarkation_port":"Malta","embarkation_date":"1861-06-22","discharge_port":"Falmauth","discharge_date":"1861-08-18","crew_surname":"Pevovich","crew_name":"Nicolo","crew_birth_location":"?","crew_birth_date":"1837","crew_serial_number":"Permesso","crew_profession_type":"Marinaio","crew_profession_wage":"Italian Lira","crew_profession_value":"50","crew_profession_months":"1","crew_profession_days":"27","crew_profession_pension_funds":"2,09"},"32":{"embarkation_port":"Malta","embarkation_date":"1861-06-22","discharge_port":"Falmauth","discharge_date":"1861-08-18","crew_surname":"Depolli","crew_name":"Andrea Nicolò","crew_birth_location":"Fiume","crew_birth_date":"1838","crew_serial_number":"Permesso","crew_profession_type":"Marinaio","crew_profession_wage":"Italian Lira","crew_profession_value":"50","crew_profession_months":"1","crew_profession_days":"27","crew_profession_pension_funds":"2,09"},"33":{"embarkation_port":"Malta","embarkation_date":"1861-06-22","discharge_port":"Falmauth","discharge_date":"1861-08-18","crew_surname":"Costantinio","crew_name":"Giorgio","crew_birth_location":"Greco","crew_birth_date":"1836","crew_profession_type":"Marinaio","crew_profession_wage":"Italian Lira","crew_profession_value":"50","crew_profession_months":"1","crew_profession_days":"27","crew_profession_pension_funds":"2,09","note":"Matricola Greca"},"34":{"embarkation_port":"Swansea","embarkation_date":"1861-10-04","discharge_port":"Gibilterra","discharge_date":"1861-10-09","crew_surname":"Franchini","crew_name":"Vincenzo","crew_birth_location":"Venezia","crew_birth_date":"1825","crew_profession_type":"Nostromo","crew_profession_wage":"Italian Lira","crew_profession_value":"3,50","crew_profession_months":"1","crew_profession_days":"1","crew_profession_pension_funds":"1,55"},"35":{"embarkation_port":"Swansea","embarkation_date":"1861-10-04","discharge_port":"Gibilterra","discharge_date":"1861-11-13","crew_surname":"Balaria","crew_name":"Pasquale","crew_birth_location":"Trieste","crew_birth_date":"1839","crew_profession_type":"Marinaio","crew_profession_wage":"Italian Lira","crew_profession_value":"2,10","crew_profession_months":"1","crew_profession_days":"10","crew_profession_pension_funds":"1,47"},"36":{"embarkation_port":"Swansea","embarkation_date":"1861-10-04","discharge_port":"Gibilterra","discharge_date":"1861-11-13","crew_surname":"[Russo]","crew_name":"[Luigi]","crew_birth_location":"Fiume","crew_birth_date":"1840","crew_profession_type":"Marinaio","crew_profession_wage":"Italian Lira","crew_profession_value":"2,10","crew_profession_months":"1","crew_profession_days":"10","crew_profession_pension_funds":"1,47"},"37":{"embarkation_port":"Swansea","embarkation_date":"1861-10-04","discharge_port":"Gibilterra","discharge_date":"1861-11-13","crew_surname":"Antolic","crew_name":"Giovanni","crew_birth_location":"Fiume","crew_birth_date":"1841","crew_profession_type":"Marinaio","crew_profession_wage":"Italian Lira","crew_profession_value":"2,10","crew_profession_months":"1","crew_profession_days":"10","crew_profession_pension_funds":"1,47"},"38":{"embarkation_port":"Swansea","embarkation_date":"1861-10-04","discharge_port":"Gibilterra","discharge_date":"1861-11-13","crew_surname":"Dranovich","crew_name":"?","crew_birth_location":"Fiume","crew_birth_date":"1840","crew_profession_type":"Marinaio","crew_profession_wage":"Italian Lira","crew_profession_value":"2,00","crew_profession_months":"1","crew_profession_days":"10","crew_profession_pension_funds":"1,47"},"39":{"embarkation_port":"Swansea","embarkation_date":"1861-10-04","discharge_port":"Gibilterra","discharge_date":"1861-11-13","crew_surname":"Musa","crew_name":"Ludovico","crew_birth_location":"Fiume","crew_birth_date":"1844","crew_profession_type":"Marinaio","crew_profession_wage":"Italian Lira","crew_profession_value":"2,10","crew_profession_months":"3","crew_profession_days":"11","crew_profession_pension_funds":"3,76"},"40":{"embarkation_port":"Gibilterra","embarkation_date":"1861-11-15","discharge_port":"Gibilterra","discharge_date":"1861-11-21","crew_surname":"Gioachino","crew_name":"Manoel","crew_birth_location":"Portoghese","crew_birth_date":"1836","crew_profession_type":"Marinaio","crew_profession_wage":"Italian Lira","crew_profession_value":"11","crew_profession_days":"6","crew_profession_pension_funds":"3,22","note":"Disertato"},"41":{"embarkation_port":"Gibilterra","embarkation_date":"1861-11-15","discharge_port":"Gibilterra","discharge_date":"1861-11-21","crew_surname":"Duarte","crew_name":"Antonio Josè","crew_birth_location":"Portoghese","crew_profession_type":"Marinaio","crew_profession_wage":"Italian Lira","crew_profession_value":"11","crew_profession_days":"6","crew_profession_pension_funds":"3,22","note":"Disertato"},"42":{"embarkation_port":"Gibilterra","embarkation_date":"1861-11-15","discharge_port":"Gibilterra","discharge_date":"1861-11-17","crew_surname":"Maria","crew_name":"Bernardo","crew_birth_location":"Portoghese","crew_profession_type":"Marinaio","crew_profession_wage":"Italian Lira","crew_profession_value":"11","crew_profession_days":"3","crew_profession_pension_funds":"3,11"},"43":{},"44":{}},"route":{"0":{"departure_port":"Costantinopoli","departure_date":"1861-03-14"},"1":{"departure_port":"Sulina","departure_date":"1861-03-21"},"2":{"departure_port":"Galaz","departure_date":"1861-05-15"},"3":{"departure_port":"Sulina","departure_date":"1861-05-21"},"4":{"departure_port":"Costantinopoli","departure_date":"1861-05-27"},"5":{"departure_port":"Malta","departure_date":"1861-06-22"},"6":{"departure_port":"Queenstown","departure_date":"1861-09-04"},"7":{"departure_port":"Swansea","departure_date":"1861-10-04"},"8":{"departure_port":"Gibilterra","departure_date":"1861-11-25"},"9":{},"10":{},"11":{},"12":{},"13":{},"14":{}}}}]}