﻿{
    "docs": [
        {
            "_id": "2018-04-03T14:57:35.212Z_27",
            "template": "Crew List_IT",
            "status": "Public",
            "data": {
                "record_information": {
                    "catalogue_id": "27",
                    "date_from": "2018-04-03",
                    "date_until": "2020-09-22T21:38:11",
                    "name": "Carolina",
                    "surname": "Gaggero ",
                    "role_in_project": ""
                },
                "source_identity": {
                    "archive_library": "Archivio di Stato di Genova",
                    "archive_library_location": "Genova",
                    "register_number": "14",
                    "number_of_document": "9577",
                    "date_of_document": "1862-02-18",
                    "date_of_document_to": "",
                    "issuing_authority": "Direzione marittima di Genova",
                    "issuing_authority_location": "Genova",
                    "source_type_name": "",
                    "fond_number": "",
                    "fond_title": "",
                    "fond_series_number": "",
                    "file_number": "",
                    "file_tile": "",
                    "note": "",
                    "comment": ""
                },
                "ship_records": {
                    "ship_name": "Giuseppe",
                    "ship_type": "Brigantino",
                    "ship_tonnage": "176,19",
                    "construction_location": "Savona",
                    "construction_location_date": "1850",
                    "ammunition_type": "",
                    "ammunition_quantity_value": "",
                    "ammunition_quantity_unit": "",
                    "registry_port": "Genova",
                    "registry_number": "1319",
                    "organization_name": "",
                    "owner_name": "Domenico",
                    "owner_surname": "Antola",
                    "owner_fathers_name": "",
                    "note": "",
                    "comment": ""
                },
                "ports_of_call": {
                    "date_from": "1862-02-16",
                    "date_to": "1863-06-03",
                    "total_duration_months": "14",
                    "total_duration_years": "24",
                    "first_planned_destinations": "Azov",
                    "total_crew_number": "9",
                    "note": "",
                    "comment": ""
                },
                "crew_list": {
                    "0": {
                        "embarkation_port": "Genova",
                        "embarkation_date": "1862-02-16",
                        "discharge_port": "Genova",
                        "discharge_date": "1863-06-03",
                        "crew_surname": "Antola",
                        "crew_name": "Andrea",
                        "crew_birth_location": "Genova",
                        "crew_birth_date": "1824",
                        "crew_serial_number": "1677",
                        "crew_profession_type": "Capitano di seconda classe",
                        "crew_profession_wage": "Italian Lira",
                        "crew_profession_months": "14",
                        "crew_profession_days": "14",
                        "crew_profession_pension_funds": "50,63"
                    },
                    "1": {
                        "embarkation_port": "Livorno",
                        "embarkation_date": "1862-03-10",
                        "discharge_port": "Genova",
                        "discharge_date": "1862-06-14",
                        "crew_surname": "Scriola",
                        "crew_name": "Stefano",
                        "crew_birth_location": "Genova",
                        "crew_birth_date": "1829",
                        "crew_serial_number": "359",
                        "crew_profession_type": "Secondo",
                        "crew_profession_wage": "Italian Lira",
                        "crew_profession_value": "87",
                        "crew_profession_months": "3",
                        "crew_profession_days": "5",
                        "crew_profession_pension_funds": "4,75"
                    },
                    "2": {
                        "embarkation_port": "Livorno",
                        "embarkation_date": "1862-03-10",
                        "discharge_port": "Marsiglia",
                        "discharge_date": "1862-11-20",
                        "crew_surname": "Canegra",
                        "crew_name": "Antonio Felice",
                        "crew_birth_location": "Sori",
                        "crew_birth_date": "1819",
                        "crew_serial_number": "3651",
                        "crew_profession_type": "Nostromo",
                        "crew_profession_wage": "Italian Lira",
                        "crew_profession_value": "77",
                        "crew_profession_months": "7",
                        "crew_profession_days": "19",
                        "crew_profession_pension_funds": "11,45"
                    },
                    "3": {
                        "embarkation_port": "Livorno",
                        "embarkation_date": "1862-03-10",
                        "discharge_port": "Genova",
                        "discharge_date": "1862-06-14",
                        "crew_surname": "Stagno",
                        "crew_name": "Antonio",
                        "crew_birth_location": "Sori",
                        "crew_birth_date": "1810",
                        "crew_serial_number": "2759",
                        "crew_profession_type": "Dispensiere",
                        "crew_profession_wage": "Italian Lira",
                        "crew_profession_value": "70",
                        "crew_profession_months": "3",
                        "crew_profession_days": "5",
                        "crew_profession_pension_funds": "3,48"
                    },
                    "4": {
                        "embarkation_port": "Livorno",
                        "embarkation_date": "1862-03-10",
                        "discharge_port": "Marsiglia",
                        "discharge_date": "1862-10-28",
                        "crew_surname": "Bozzo",
                        "crew_name": "Giacomo",
                        "crew_birth_location": "Camogli",
                        "crew_birth_date": "1843",
                        "crew_serial_number": "11447",
                        "crew_profession_type": "Marinaio",
                        "crew_profession_wage": "Italian Lira",
                        "crew_profession_value": "60",
                        "crew_profession_months": "6",
                        "crew_profession_days": "27",
                        "crew_profession_pension_funds": "7,59"
                    },
                    "5": {
                        "embarkation_port": "Livorno",
                        "embarkation_date": "1862-03-10",
                        "discharge_port": "Genova",
                        "discharge_date": "1862-06-14",
                        "crew_surname": "Figari",
                        "crew_name": "Girolamo",
                        "crew_birth_location": "Sori",
                        "crew_birth_date": "1844",
                        "crew_serial_number": "15493",
                        "crew_profession_type": "Marinaio",
                        "crew_profession_wage": "Italian Lira",
                        "crew_profession_value": "60",
                        "crew_profession_months": "3",
                        "crew_profession_days": "5",
                        "crew_profession_pension_funds": "3,48"
                    },
                    "6": {
                        "embarkation_port": "Livorno",
                        "embarkation_date": "1862-03-10",
                        "discharge_port": "Genova",
                        "discharge_date": "1862-06-14",
                        "crew_surname": "Valle",
                        "crew_name": "Antonio Felice",
                        "crew_birth_location": "Sori",
                        "crew_birth_date": "1842",
                        "crew_serial_number": "15416",
                        "crew_profession_type": "Marinaio",
                        "crew_profession_wage": "Italian Lira",
                        "crew_profession_value": "60",
                        "crew_profession_months": "3",
                        "crew_profession_days": "5",
                        "crew_profession_pension_funds": "3,48"
                    },
                    "7": {
                        "embarkation_port": "Livorno",
                        "embarkation_date": "1862-03-10",
                        "discharge_port": "Genova",
                        "discharge_date": "1862-06-14",
                        "crew_surname": "Cavassa",
                        "crew_name": "Vincenzo",
                        "crew_birth_location": "Sori",
                        "crew_birth_date": "1845",
                        "crew_serial_number": "14201",
                        "crew_profession_type": "Giovinetto",
                        "crew_profession_wage": "Italian Lira",
                        "crew_profession_value": "47",
                        "crew_profession_months": "3",
                        "crew_profession_days": "5",
                        "crew_profession_pension_funds": "3,48"
                    },
                    "8": {
                        "embarkation_port": "Livorno",
                        "embarkation_date": "1862-03-10",
                        "discharge_port": "Genova",
                        "discharge_date": "1863-06-03",
                        "crew_surname": "Valle",
                        "crew_name": "Giuseppe",
                        "crew_birth_location": "Sori",
                        "crew_birth_date": "1847",
                        "crew_serial_number": "16785",
                        "crew_profession_type": "Mozzo",
                        "crew_profession_wage": "Italian Lira",
                        "crew_profession_value": "40",
                        "crew_profession_months": "14",
                        "crew_profession_days": "4",
                        "crew_profession_pension_funds": "11,25"
                    },
                    "9": {
                        "embarkation_port": "Genova",
                        "embarkation_date": "1862-07-07",
                        "discharge_port": "Genova",
                        "discharge_date": "1863-06-03",
                        "crew_surname": "Antola",
                        "crew_name": "Giuseppe",
                        "crew_birth_location": "Genova",
                        "crew_birth_date": "1836",
                        "crew_serial_number": "8621",
                        "crew_profession_type": "Secondo",
                        "crew_profession_wage": "Italian Lira",
                        "crew_profession_value": "90",
                        "crew_profession_months": "10",
                        "crew_profession_days": "29",
                        "crew_profession_pension_funds": "16,35"
                    },
                    "10": {
                        "embarkation_port": "Genova",
                        "embarkation_date": "1862-07-07",
                        "discharge_port": "Marsiglia",
                        "discharge_date": "1862-10-25",
                        "crew_surname": "Forno",
                        "crew_name": "Andrea",
                        "crew_birth_location": "Genova",
                        "crew_birth_date": "1842",
                        "crew_serial_number": "12333",
                        "crew_profession_type": "Dispensiere",
                        "crew_profession_wage": "Italian Lira",
                        "crew_profession_value": "65",
                        "crew_profession_months": "3",
                        "crew_profession_days": "19",
                        "crew_profession_pension_funds": "4"
                    },
                    "11": {
                        "embarkation_port": "Genova",
                        "embarkation_date": "1862-07-07",
                        "discharge_port": "Marsiglia",
                        "discharge_date": "1862-10-25",
                        "crew_surname": "Dodero",
                        "crew_name": "Giobatta",
                        "crew_birth_location": "Genova",
                        "crew_birth_date": "1822",
                        "crew_serial_number": "5070",
                        "crew_profession_type": "Marinaio",
                        "crew_profession_wage": "Italian Lira",
                        "crew_profession_value": "56",
                        "crew_profession_months": "3",
                        "crew_profession_days": "19",
                        "crew_profession_pension_funds": "4"
                    },
                    "12": {
                        "embarkation_port": "Genova",
                        "embarkation_date": "1862-07-07",
                        "discharge_port": "Marsiglia",
                        "discharge_date": "1862-10-25",
                        "crew_surname": "Ferrando",
                        "crew_name": "Nicolò",
                        "crew_birth_location": "Savona",
                        "crew_birth_date": "1843",
                        "crew_serial_number": "4897",
                        "crew_profession_type": "Marinaio",
                        "crew_profession_wage": "Italian Lira",
                        "crew_profession_value": "56",
                        "crew_profession_months": "3",
                        "crew_profession_days": "19",
                        "crew_profession_pension_funds": "4"
                    },
                    "13": {
                        "embarkation_port": "Genova",
                        "embarkation_date": "1862-07-07",
                        "discharge_port": "Marsiglia",
                        "discharge_date": "1862-10-25",
                        "crew_surname": "Furigo",
                        "crew_name": "Francesco Domenico",
                        "crew_birth_location": "Savona",
                        "crew_birth_date": "1841",
                        "crew_serial_number": "4685",
                        "crew_profession_type": "Marinaio",
                        "crew_profession_wage": "Italian Lira",
                        "crew_profession_value": "56",
                        "crew_profession_months": "3",
                        "crew_profession_days": "19",
                        "crew_profession_pension_funds": "4"
                    },
                    "14": {
                        "embarkation_port": "Genova",
                        "embarkation_date": "1862-07-07",
                        "discharge_port": "Genova",
                        "discharge_date": "1863-06-03",
                        "crew_surname": "Capurro",
                        "crew_name": "Paolo",
                        "crew_birth_location": "Genova",
                        "crew_birth_date": "1848",
                        "crew_serial_number": "15711",
                        "crew_profession_type": "Mozzo",
                        "crew_profession_wage": "Italian Lira",
                        "crew_profession_value": "20",
                        "crew_profession_months": "10",
                        "crew_profession_days": "27",
                        "crew_profession_pension_funds": "8,27"
                    },
                    "15": {
                        "embarkation_port": "Marsiglia",
                        "embarkation_date": "1863-02-18",
                        "discharge_port": "Marsiglia",
                        "discharge_date": "1863-02-18",
                        "crew_surname": "Antola",
                        "crew_name": "Giuseppe",
                        "crew_birth_location": "Sori",
                        "crew_birth_date": "1836",
                        "crew_serial_number": "862",
                        "crew_profession_type": "Secondo",
                        "crew_profession_wage": "Italian Lira",
                        "crew_profession_value": "96",
                        "note": "sceso all`imbarco"
                    },
                    "16": {
                        "embarkation_port": "Marsiglia",
                        "embarkation_date": "1863-02-18",
                        "discharge_port": "Genova",
                        "discharge_date": "1863-06-03",
                        "crew_surname": "Canessa",
                        "crew_name": "Antonio Felice",
                        "crew_birth_location": "Sori",
                        "crew_birth_date": "1819",
                        "crew_serial_number": "3651",
                        "crew_profession_type": "Nostromo",
                        "crew_profession_wage": "Italian Lira",
                        "crew_profession_value": "77",
                        "crew_profession_months": "3",
                        "crew_profession_days": "16",
                        "crew_profession_pension_funds": "5,30"
                    },
                    "17": {
                        "embarkation_port": "Marsiglia",
                        "embarkation_date": "1863-02-18",
                        "discharge_port": "Genova",
                        "discharge_date": "1863-06-03",
                        "crew_surname": "Fontana",
                        "crew_name": "Francesco",
                        "crew_birth_location": "Sori",
                        "crew_birth_date": "1842",
                        "crew_serial_number": "11821",
                        "crew_profession_type": "Marinaio",
                        "crew_profession_wage": "Italian Lira",
                        "crew_profession_value": "60",
                        "crew_profession_months": "3",
                        "crew_profession_days": "16",
                        "crew_profession_pension_funds": "3,89"
                    },
                    "18": {
                        "embarkation_port": "Marsiglia",
                        "embarkation_date": "1863-02-18",
                        "discharge_port": "Genova",
                        "discharge_date": "1863-06-03",
                        "crew_surname": "Vallebona",
                        "crew_name": "Giuseppe",
                        "crew_birth_location": "Sori",
                        "crew_birth_date": "1827",
                        "crew_serial_number": "2601",
                        "crew_profession_type": "Marinaio",
                        "crew_profession_wage": "Italian Lira",
                        "crew_profession_value": "60",
                        "crew_profession_months": "3",
                        "crew_profession_days": "16",
                        "crew_profession_pension_funds": "3,89"
                    },
                    "19": {
                        "embarkation_port": "Marsiglia",
                        "embarkation_date": "1863-02-18",
                        "discharge_port": "Genova",
                        "discharge_date": "1863-06-03",
                        "crew_surname": "Barbagelata",
                        "crew_name": "Michelangelo",
                        "crew_birth_location": "Sori",
                        "crew_birth_date": "1842",
                        "crew_serial_number": "11897",
                        "crew_profession_type": "Marinaio",
                        "crew_profession_wage": "Italian Lira",
                        "crew_profession_value": "60",
                        "crew_profession_months": "3",
                        "crew_profession_days": "16",
                        "crew_profession_pension_funds": "3,89"
                    },
                    "20": {
                        "embarkation_port": "Marsiglia",
                        "embarkation_date": "1863-02-18",
                        "discharge_port": "Genova",
                        "discharge_date": "1863-06-03",
                        "crew_surname": "Catterata",
                        "crew_name": "Andrea",
                        "crew_birth_location": "Sori",
                        "crew_birth_date": "1842",
                        "crew_serial_number": "14843",
                        "crew_profession_type": "Marinaio",
                        "crew_profession_wage": "Italian Lira",
                        "crew_profession_value": "60",
                        "crew_profession_months": "3",
                        "crew_profession_days": "16",
                        "crew_profession_pension_funds": "3,89"
                    },
                    "21": {
                        "embarkation_port": "Marsiglia",
                        "embarkation_date": "1863-02-18",
                        "discharge_port": "Genova",
                        "discharge_date": "1863-06-03",
                        "crew_surname": "Geriola",
                        "crew_name": "Nicolò Giovanni",
                        "crew_birth_location": "Sori",
                        "crew_birth_date": "1849",
                        "crew_serial_number": "19693",
                        "crew_profession_type": "Mozzo",
                        "crew_profession_wage": "Italian Lira",
                        "crew_profession_value": "12",
                        "crew_profession_months": "3",
                        "crew_profession_days": "16",
                        "crew_profession_pension_funds": "2,83"
                    },
                    "22": {},
                    "23": {},
                    "24": {},
                    "25": {}
                },
                "route": {
                    "0": {
                        "departure_port": "Genova",
                        "departure_date": "1862-02-16"
                    },
                    "1": {
                        "departure_port": "Costantinopoli",
                        "departure_date": "1862-03-31"
                    },
                    "2": {
                        "departure_port": "Kertch",
                        "departure_date": "1862-04-18"
                    },
                    "3": {
                        "departure_port": "Marianopoli",
                        "departure_date": "1862-05-03"
                    },
                    "4": {
                        "departure_port": "Costantinopoli",
                        "departure_date": "1862-05-14"
                    },
                    "5": {
                        "departure_port": "Cagliari",
                        "departure_date": "1862-06-05"
                    },
                    "6": {
                        "departure_port": "Genova",
                        "departure_date": "1862-07-07"
                    },
                    "7": {
                        "departure_port": "Costantinopoli",
                        "departure_date": "1862-08-15"
                    },
                    "8": {
                        "departure_port": "Kertch",
                        "departure_date": "1862-08-27"
                    },
                    "9": {
                        "departure_port": "Marianopoli",
                        "departure_date": "1862-09-12"
                    },
                    "10": {
                        "departure_port": "Costantinopoli",
                        "departure_date": "1862-09-22"
                    },
                    "11": {
                        "departure_port": "Livorno",
                        "departure_date": "1862-10-16"
                    },
                    "12": {
                        "arrival_port": "Marsiglia",
                        "arrival_date": "1862-10-25"
                    },
                    "13": {
                        "departure_port": "Marsiglia",
                        "departure_date": "1863-02-18"
                    },
                    "14": {
                        "departure_port": "Costantinopoli",
                        "departure_date": "1863-03-17"
                    },
                    "15": {
                        "departure_port": "Berdiansk",
                        "departure_date": "1863-04-27"
                    },
                    "16": {
                        "departure_port": "Costantinopoli",
                        "departure_date": "1863-05-06"
                    },
                    "17": {
                        "arrival_port": "Genova",
                        "arrival_date": "1863-06-03"
                    },
                    "18": {},
                    "19": {},
                    "20": {},
                    "21": {},
                    "22": {},
                    "23": {},
                    "24": {}
                }
            }
        }
    ]
}