﻿{"docs": [{"_id":"2018-03-20T15:26:08.221Z_9","template":"Crew List_IT","status":"Public","data":{"record_information":{"catalogue_id":"9","date_from":"2018-03-20","date_until":"2020-09-22T16:03:25","name":"Francesco","surname":"Ferrando","role_in_project":""},"source_identity":{"archive_library":"Archivio di Stato di Genova","archive_library_location":"Genova","register_number":"14","number_of_document":"6859","date_of_document":"1861-02-14","date_of_document_to":"","issuing_authority":"Direzione Marittima di Genova","issuing_authority_location":"Genova","source_type_name":"","fond_number":"","fond_title":"","fond_series_number":"","file_number":"","file_tile":"","note":"","comment":""},"ship_records":{"ship_name":"Mardocheo","ship_type":"Brigantino","ship_tonnage":"279,72","construction_location":"Varazze","construction_location_date":"1853-1854","ammunition_type":"","ammunition_quantity_value":"","ammunition_quantity_unit":"","registry_port":"Genova","registry_number":"1605","organization_name":"","owner_name":"Antonio","owner_surname":"Ansaldo","owner_fathers_name":"","note":"","comment":""},"ports_of_call":{"date_from":"1861-02-14","date_to":"1861-10-01","total_duration_months":"7","total_duration_years":"18","first_planned_destinations":"Danubio","total_crew_number":"13","note":"","comment":""},"crew_list":{"0":{"embarkation_port":"Genova","embarkation_date":"1861-02-14","discharge_port":"Genova","discharge_date":"1861-10-01","crew_surname":"Ansaldo","crew_name":"Antonio","crew_birth_location":"Recco","crew_birth_date":"1825","crew_serial_number":"3896","crew_profession_type":"Capitano di 2* classe","crew_profession_wage":"Italian Lira","crew_profession_months":"7","crew_profession_days":"18","crew_profession_pension_funds":"26,60"},"1":{"embarkation_port":"Genova","embarkation_date":"1861-02-14","discharge_port":"Genova","discharge_date":"1861-10-01","crew_surname":"Bozzo","crew_name":"Stefano","crew_birth_location":"Camogli","crew_birth_date":"1830","crew_serial_number":"2715","crew_profession_type":"Secondo","crew_profession_wage":"Italian Lira","crew_profession_value":"90","crew_profession_months":"7","crew_profession_days":"18","crew_profession_pension_funds":"11,40"},"2":{"embarkation_port":"Genova","embarkation_date":"1861-02-14","discharge_port":"Genova","discharge_date":"1861-10-01","crew_surname":"Pagano","crew_name":"Achille","crew_birth_location":"Lerici","crew_birth_date":"1833","crew_serial_number":"2294","crew_profession_type":"Nostromo","crew_profession_wage":"Italian Lira","crew_profession_value":"80","crew_profession_months":"7","crew_profession_days":"18","crew_profession_pension_funds":"11,40"},"3":{"embarkation_port":"Genova","embarkation_date":"1861-02-14","discharge_port":"Spezia","discharge_date":"1861-02-21","crew_surname":"Bardi","crew_name":"Pietro","crew_birth_location":"Lerici","crew_birth_date":"1827","crew_serial_number":"702","crew_profession_type":"Dispensiere","crew_profession_wage":"Italian Lira","crew_profession_value":"72","crew_profession_months":"7","crew_profession_days":"8","crew_profession_pension_funds":"0,29"},"4":{"embarkation_port":"Genova","embarkation_date":"1861-02-14","discharge_port":"Genova","discharge_date":"1861-10-01","crew_surname":"Faridone","crew_name":"Alessandro","crew_birth_location":"Lerici","crew_birth_date":"1841","crew_serial_number":"3508","crew_profession_type":"Marinaio","crew_profession_wage":"Italian Lira","crew_profession_value":"60","crew_profession_months":"7","crew_profession_days":"18","crew_profession_pension_funds":"8,96"},"5":{"embarkation_port":"Genova","embarkation_date":"1861-02-14","discharge_port":"Genova","discharge_date":"1861-10-01","crew_surname":"Olivari","crew_name":"Emanuele","crew_birth_location":"Ruta","crew_birth_date":"1841","crew_serial_number":"14269","crew_profession_type":"Marinaio","crew_profession_wage":"Italian Lira","crew_profession_value":"60","crew_profession_months":"7","crew_profession_days":"18","crew_profession_pension_funds":"8,96"},"6":{"embarkation_port":"Genova","embarkation_date":"1861-02-14","discharge_port":"Genova","discharge_date":"1861-10-01","crew_surname":"Pagano","crew_name":"Franco","crew_birth_location":"Lerici","crew_birth_date":"1840","crew_serial_number":"3554","crew_profession_type":"Marinaio","crew_profession_wage":"Italian Lira","crew_profession_value":"60","crew_profession_months":"7","crew_profession_days":"18","crew_profession_pension_funds":"8,96"},"7":{"embarkation_port":"Genova","embarkation_date":"1861-02-14","discharge_port":"Genova","discharge_date":"1861-10-01","crew_surname":"Medusei","crew_name":"Marco Antonio","crew_birth_location":"Lerici","crew_birth_date":"1837","crew_serial_number":"2977","crew_profession_type":"Marinaio","crew_profession_wage":"Italian Lira","crew_profession_value":"60","crew_profession_months":"7","crew_profession_days":"18","crew_profession_pension_funds":"8,96"},"8":{"embarkation_port":"Genova","embarkation_date":"1861-02-14","discharge_port":"Scilla","discharge_date":"1861-08-07","crew_surname":"Matacera","crew_name":"Pietro","crew_birth_location":"Porto Ferraio","crew_birth_date":"1837","crew_serial_number":"Permesso","crew_profession_type":"Marinaio","crew_profession_wage":"Italian Lira","crew_profession_value":"60","crew_profession_months":"5","crew_profession_days":"24","crew_profession_pension_funds":"6,98"},"9":{"embarkation_port":"Genova","embarkation_date":"1861-02-14","discharge_port":"Spezia","discharge_date":"1861-02-21","crew_surname":"Marziali","crew_name":"Damico","crew_birth_location":"Civita Nova","crew_serial_number":"Permesso","crew_profession_type":"Marinaio","crew_profession_wage":"Italian Lira","crew_profession_value":"60","crew_profession_days":"5","crew_profession_pension_funds":"0,29"},"10":{"embarkation_port":"Genova","embarkation_date":"1861-02-14","discharge_port":"Genova","discharge_date":"1861-10-01","crew_surname":"Zanelli","crew_name":"Natale","crew_birth_location":"Lerici","crew_birth_date":"1842","crew_serial_number":"3968","crew_profession_type":"Mozzo","crew_profession_wage":"Italian Lira","crew_profession_value":"30","crew_profession_months":"7","crew_profession_days":"18","crew_profession_pension_funds":"8,96"},"11":{"embarkation_port":"Genova","embarkation_date":"1861-02-14","discharge_port":"Genova","discharge_date":"1861-10-01","crew_surname":"Capurro","crew_name":"Giuseppe","crew_birth_location":"Camogli","crew_birth_date":"1842","crew_serial_number":"12697","crew_profession_type":"Mozzo","crew_profession_wage":"Italian Lira","crew_profession_value":"20","crew_profession_months":"7","crew_profession_days":"18","crew_profession_pension_funds":"6,08"},"12":{"embarkation_port":"Genova","embarkation_date":"1861-02-14","discharge_port":"Genova","discharge_date":"1861-10-01","crew_surname":"Arpe","crew_name":"Paolo","crew_birth_location":"Vezzano","crew_birth_date":"1839","crew_serial_number":"4743","crew_profession_type":"Mozzo","crew_profession_wage":"Italian Lira","crew_profession_value":"15","crew_profession_months":"7","crew_profession_days":"18","crew_profession_pension_funds":"8,36"},"13":{"embarkation_port":"Spezia","embarkation_date":"1861-02-21","discharge_port":"Genova","discharge_date":"1861-10-01","crew_surname":"Galotti","crew_name":"Gio Batta","crew_birth_location":"Cadimare","crew_birth_date":"1830","crew_serial_number":"2099","crew_profession_type":"Mozzo","crew_profession_wage":"Italian Lira","crew_profession_months":"7","crew_profession_days":"11","crew_profession_pension_funds":"8,10"},"14":{"embarkation_port":"Spezia","embarkation_date":"1861-02-14","discharge_port":"Genova","discharge_date":"1861-10-01","crew_surname":"Cerpena","crew_name":"Gerolamo","crew_birth_location":"Genova","crew_birth_date":"1828","crew_serial_number":"1828","crew_profession_type":"Dispensiere","crew_profession_wage":"Italian Lira","crew_profession_months":"7","crew_profession_days":"11","crew_profession_pension_funds":"8,10"},"15":{}},"route":{"0":{"departure_port":"Spezia","departure_date":"1861-02-21"},"1":{"departure_port":"Sulina","departure_date":"1861-03-21"},"2":{"departure_port":"Ismail","departure_date":"1861-05-15"},"3":{"departure_port":"Costantinopoli","departure_date":"1861-05-22"},"4":{"departure_port":"Malta","departure_date":"1861-06-06"},"5":{"departure_port":"Edinburgo","departure_date":"1861-08-07"},"6":{"departure_port":"Costantinopoli","departure_date":"1861-0816"},"7":{},"8":{},"9":{},"10":{},"11":{},"12":{},"13":{},"14":{}}}}]}