﻿{"docs": [{"_id":"2018-03-27T15:25:41.452Z_13","template":"Crew List_IT","status":"Public","data":{"record_information":{"catalogue_id":"13","date_from":"2018-03-27","date_until":"2020-09-22T15:25:22","name":"Francesco","surname":"Ferrando","role_in_project":""},"source_identity":{"archive_library":"Archivio di Stato di Genova","archive_library_location":"Genova","register_number":"14","number_of_document":"6869","date_of_document":"1861-02-11","date_of_document_to":"","issuing_authority":"Direzione Marittima di Genova","issuing_authority_location":"Genova","source_type_name":"","fond_number":"","fond_title":"","fond_series_number":"","file_number":"","file_tile":"","note":"","comment":""},"ship_records":{"ship_name":"Geromina","ship_type":"Brigantino","ship_tonnage":"274,94","construction_location":"Varazze","construction_location_date":"1857","ammunition_type":"","ammunition_quantity_value":"","ammunition_quantity_unit":"","registry_port":"Genova","registry_number":"1894","organization_name":"","owner_name":"Gio Bono","owner_surname":"Ferrari","owner_fathers_name":"","note":"","comment":""},"ports_of_call":{"date_from":"1861-02-15","date_to":"1862-09-17","total_duration_months":"19","total_duration_years":"3","first_planned_destinations":"Azof","total_crew_number":"12","note":"","comment":""},"crew_list":{"0":{"embarkation_port":"Genova","embarkation_date":"1861-02-15","discharge_port":"Marsiglia","discharge_date":"1862-02-07","crew_surname":"Ferrari","crew_name":"Gio Bono","crew_birth_location":"Camogli","crew_birth_date":"1824","crew_serial_number":"2179","crew_profession_type":"Capitano di 2* classe","crew_profession_wage":"Italian Lira","crew_profession_value":"100","crew_profession_months":"11","crew_profession_days":"23","crew_profession_pension_funds":"41,18"},"1":{"embarkation_port":"Genova","embarkation_date":"1861-02-15","discharge_port":"Marsiglia","discharge_date":"1862-01-09","crew_surname":"Bozzo","crew_name":"Nicolò","crew_birth_location":"Camogli","crew_birth_date":"1832","crew_serial_number":"7418","crew_profession_type":"Secondo\nNostromo","crew_profession_wage":"Italian Lira\n ","crew_profession_value":"100\n ","crew_profession_months":"10\n ","crew_profession_days":"21\n ","crew_profession_pension_funds":"16,25\n "},"2":{"embarkation_port":"Genova","embarkation_date":"1861-02-15","discharge_port":"Marsiglia","discharge_date":"1861-12-21","crew_surname":"Schiappacasse","crew_name":"Gio Batta","crew_birth_location":"Camogli","crew_birth_date":"1827","crew_serial_number":"6347","crew_profession_type":"Dispensiere","crew_profession_wage":"Italian Lira","crew_profession_value":"75","crew_profession_months":"10","crew_profession_days":"7","crew_profession_pension_funds":"15,25"},"3":{"embarkation_port":"Genova","embarkation_date":"1861-02-15","discharge_port":"Marsiglia","discharge_date":"1861-12-21","crew_surname":"Pratolongo","crew_name":"franco","crew_birth_location":"Foce","crew_birth_date":"1840","crew_serial_number":"10857","crew_profession_type":"Marinaio","crew_profession_wage":"Italian Lira","crew_profession_value":"60","crew_profession_months":"3","crew_profession_days":"24","crew_profession_pension_funds":"4,18"},"4":{"embarkation_port":"Genova","embarkation_date":"1861-02-15","discharge_port":"Marsiglia","discharge_date":"1861-12-21","crew_surname":"Tassino","crew_name":"Fortunato","crew_birth_location":"Foce","crew_birth_date":"1844","crew_serial_number":"14165","crew_profession_type":"Marinaio","crew_profession_wage":"Italian Lira","crew_profession_value":"60","crew_profession_months":"3","crew_profession_days":"24","crew_profession_pension_funds":"4,18"},"5":{"embarkation_port":"Genova","embarkation_date":"1861-02-15","discharge_port":"Marsiglia","discharge_date":"1861-06-08","crew_surname":"Musante","crew_name":"Gio Batta","crew_birth_location":"Foce","crew_birth_date":"1842","crew_serial_number":"13848","crew_profession_type":"Marinaio","crew_profession_wage":"Italian Lira","crew_profession_value":"60","crew_profession_months":"3","crew_profession_days":"24","crew_profession_pension_funds":"4,18"},"6":{"embarkation_port":"Genova","embarkation_date":"1861-02-15","discharge_port":"Marsiglia","discharge_date":"1861-06-08","crew_surname":"Dassori","crew_name":"Giacomo","crew_birth_location":"Foce","crew_birth_date":"1842","crew_serial_number":"12861","crew_profession_type":"Marinaio","crew_profession_wage":"Italian Lira","crew_profession_value":"60","crew_profession_months":"3","crew_profession_days":"24","crew_profession_pension_funds":"4,18"},"7":{"embarkation_port":"Genova","embarkation_date":"1861-02-15","discharge_port":"Marsiglia","discharge_date":"1861-06-08","crew_surname":"Simonetti","crew_name":"Fortunato","crew_birth_location":"Camogli","crew_birth_date":"1842","crew_serial_number":"12793","crew_profession_type":"Giovinetto","crew_profession_wage":"Italian Lira","crew_profession_value":"45","crew_profession_months":"3","crew_profession_days":"24","crew_profession_pension_funds":"4,18"},"8":{"embarkation_port":"Genova","embarkation_date":"1861-02-15","discharge_port":"Marsiglia","discharge_date":"1861-06-08","crew_surname":"Terra","crew_name":"Giovanni","crew_birth_location":"Rapallo","crew_birth_date":"1840","crew_serial_number":"7185","crew_profession_type":"Giovinetto","crew_profession_wage":"Italian Lira","crew_profession_value":"45","crew_profession_months":"3","crew_profession_days":"24","crew_profession_pension_funds":"4,18"},"9":{"embarkation_port":"Genova","embarkation_date":"1861-02-15","discharge_port":"Marsiglia","discharge_date":"1861-06-08","crew_surname":"Degregori","crew_name":"Giuseppe","crew_birth_location":"Camogli","crew_birth_date":"1846","crew_serial_number":"14911","crew_profession_type":"Mozzo","crew_profession_wage":"Italian Lira","crew_profession_value":"10","crew_profession_months":"3","crew_profession_days":"24","crew_profession_pension_funds":"3,04"},"10":{"embarkation_port":"Genova","embarkation_date":"1861-02-15","discharge_port":"Marsiglia","discharge_date":"1861-12-17","crew_surname":"Pardi","crew_name":"Tommaso","crew_birth_location":"Mele","crew_birth_date":"1831","crew_serial_number":"17153","crew_profession_type":"Mozzo","crew_profession_wage":"Italian Lira","crew_profession_value":"10","crew_profession_months":"10","crew_profession_days":"3","crew_profession_pension_funds":"11,11"},"11":{"embarkation_port":"Genova","embarkation_date":"1861-02-15","discharge_port":"Marsiglia","discharge_date":"1861-06-08","crew_surname":"Cerromi","crew_name":"Paolo","crew_birth_location":"Arcola","crew_birth_date":"1833","crew_serial_number":"2632","crew_profession_type":"Marinaio","crew_profession_wage":"Italian Lira","crew_profession_value":"60","crew_profession_months":"3","crew_profession_days":"24","crew_profession_pension_funds":"4,18"},"12":{"embarkation_port":"Marsiglia","embarkation_date":"1861-07-19","discharge_port":"Marsiglia","discharge_date":"1862-01-19","crew_surname":"Bertelli","crew_name":"Francesco","crew_birth_location":"Camogli","crew_birth_date":"1843","crew_serial_number":"12660","crew_profession_type":"Marinaio","crew_profession_wage":"Italian Lira","crew_profession_value":"50","crew_profession_months":"5","crew_profession_days":"26","crew_profession_pension_funds":"6,45"},"13":{"embarkation_port":"Marsiglia","embarkation_date":"1861-07-19","discharge_port":"Marsiglia","discharge_date":"1861-12-17","crew_surname":"Desimoni","crew_name":"Domenico Gio Batta","crew_birth_location":"Cerso","crew_birth_date":"1840","crew_serial_number":"2464","crew_profession_type":"Marinaio","crew_profession_wage":"Italian Lira","crew_profession_value":"50","crew_profession_months":"5","crew_profession_days":"26","crew_profession_pension_funds":"5,50"},"14":{"embarkation_port":"Marsiglia","embarkation_date":"1861-07-19","discharge_port":"Marsiglia","discharge_date":"1861-12-17","crew_surname":"Deferrari","crew_name":"Giacomo Antonio Stefano","crew_birth_location":"Oneglia","crew_birth_date":"1842","crew_serial_number":"2610","crew_profession_type":"Marinaio","crew_profession_wage":"Italian Lira","crew_profession_value":"50","crew_profession_months":"5","crew_profession_days":"26","crew_profession_pension_funds":"5,50"},"15":{"embarkation_port":"Marsiglia","embarkation_date":"1861-07-19","discharge_port":"Marsiglia","discharge_date":"1861-12-17","crew_surname":"Raineri","crew_name":"Felice Gio Batta","crew_birth_location":"Porto Maurizio","crew_birth_date":"1841","crew_serial_number":"2830","crew_profession_type":"Marinaio","crew_profession_wage":"Italian Lira","crew_profession_value":"50","crew_profession_months":"5","crew_profession_days":"26","crew_profession_pension_funds":"5,50"},"16":{"embarkation_port":"Marsiglia","embarkation_date":"1861-07-19","discharge_port":"Marsiglia","discharge_date":"1861-12-17","crew_surname":"Bonifazio","crew_name":"Agostino Biagi","crew_birth_location":"Lerici","crew_birth_date":"1835","crew_serial_number":"2141","crew_profession_type":"Marinaio","crew_profession_wage":"Italian Lira","crew_profession_value":"50","crew_profession_months":"5","crew_profession_days":"26","crew_profession_pension_funds":"5,50"},"17":{"embarkation_port":"Marsiglia","embarkation_date":"1861-07-19","discharge_port":"Marsiglia","discharge_date":"1861-12-17","crew_surname":"Ainaldo","crew_name":"Pietro Paolo Francesco","crew_birth_location":"Alassio","crew_birth_date":"1817","crew_serial_number":"1292","crew_profession_type":"Marinaio","crew_profession_wage":"Italian Lira","crew_profession_value":"50","crew_profession_months":"5","crew_profession_days":"26","crew_profession_pension_funds":"5,50"},"18":{"embarkation_port":"Marsiglia","embarkation_date":"1861-07-19","discharge_port":"Marsiglia","discharge_date":"1861-12-17","crew_surname":"Biaggini","crew_name":"Pietro Luigi","crew_birth_location":"Lerici","crew_birth_date":"1833","crew_serial_number":"2293","crew_profession_type":"Marinaio","crew_profession_wage":"Italian Lira","crew_profession_value":"50","crew_profession_months":"5","crew_profession_days":"26","crew_profession_pension_funds":"5,50"},"19":{"embarkation_port":"Marsiglia","embarkation_date":"1861-07-19","discharge_port":"Genova","discharge_date":"1862-02-17","crew_surname":"Brignati","crew_name":"Prospero Ambrogio","crew_birth_location":"Camogli","crew_birth_date":"1851","crew_serial_number":"17569","crew_profession_type":"Mozzo","crew_profession_wage":"Italian Lira","crew_profession_value":"10","crew_profession_months":"13","crew_profession_days":"29","crew_profession_pension_funds":"11,17"},"20":{"embarkation_port":"Marsiglia","embarkation_date":"1862-02-07","discharge_port":"Genova","discharge_date":"1862-02-17","crew_surname":"Chiesa","crew_name":"Bartolomeo","crew_birth_location":"Camogli","crew_birth_date":"1835","crew_serial_number":"9410","crew_profession_type":"Capitano di 2* classe","crew_profession_wage":"Italian Lira","crew_profession_value":"90","crew_profession_months":"7","crew_profession_days":"11","crew_profession_pension_funds":"25,78"},"21":{"embarkation_port":"Marsiglia","embarkation_date":"1862-02-07","discharge_port":"Genova","discharge_date":"1862-02-17","crew_surname":"Guaro","crew_name":"Gerolamo","crew_birth_location":"Ruta","crew_birth_date":"1834","crew_serial_number":"9735","crew_profession_type":"Secondo","crew_profession_wage":"Italian Lira","crew_profession_value":"60","crew_profession_months":"7","crew_profession_days":"11","crew_profession_pension_funds":"11,05"},"22":{"embarkation_port":"Marsiglia","embarkation_date":"1862-02-07","discharge_port":"Genova","discharge_date":"1862-02-17","crew_surname":"Sanguineli","crew_name":"Domenico","crew_birth_location":"Camogli","crew_birth_date":"1829","crew_serial_number":"17536","crew_profession_type":"Nostromo","crew_profession_wage":"Italian Lira","crew_profession_value":"60","crew_profession_months":"7","crew_profession_days":"11","crew_profession_pension_funds":"11,05"},"23":{"embarkation_port":"Marsiglia","embarkation_date":"1862-02-07","discharge_port":"Genova","discharge_date":"1862-02-17","crew_surname":"Bianchi","crew_name":"Francesco","crew_birth_location":"Porto Maurizio","crew_birth_date":"1844","crew_serial_number":"2485","crew_profession_type":"Marinaio","crew_profession_wage":"Italian Lira","crew_profession_value":"60","crew_profession_months":"7","crew_profession_days":"11","crew_profession_pension_funds":"8,10"},"24":{"embarkation_port":"Marsiglia","embarkation_date":"1862-02-07","discharge_port":"Genova","discharge_date":"1862-02-17","crew_surname":"Massabò","crew_name":"Giuseppe","crew_birth_location":"Porto Maurizio","crew_birth_date":"1838","crew_serial_number":"2244","crew_profession_type":"Marinaio","crew_profession_wage":"Italian Lira","crew_profession_value":"60","crew_profession_months":"7","crew_profession_days":"11","crew_profession_pension_funds":"8,10"},"25":{"embarkation_port":"Marsiglia","embarkation_date":"1862-02-07","discharge_port":"Genova","discharge_date":"1862-02-17","crew_surname":"Solimano","crew_name":"Maurizio","crew_birth_location":"San Lorenzo della Costa","crew_birth_date":"1834","crew_serial_number":"4930","crew_profession_type":"Marinaio","crew_profession_wage":"Italian Lira","crew_profession_value":"60","crew_profession_months":"7","crew_profession_days":"11","crew_profession_pension_funds":"8,10"},"26":{"embarkation_port":"Marsiglia","embarkation_date":"1862-02-07","discharge_port":"Genova","discharge_date":"1862-02-17","crew_surname":"Solimano","crew_name":"Gerolamo","crew_birth_location":"San Margherita","crew_birth_date":"1832","crew_serial_number":"3935","crew_profession_type":"Marinaio","crew_profession_wage":"Italian Lira","crew_profession_value":"60","crew_profession_months":"7","crew_profession_days":"11","crew_profession_pension_funds":"8,10"},"27":{"embarkation_port":"Marsiglia","embarkation_date":"1862-02-07","discharge_port":"Genova","discharge_date":"1862-02-17","crew_surname":"Marciani","crew_name":"Diego","crew_birth_location":"Camogli","crew_birth_date":"1844","crew_serial_number":"12193","crew_profession_type":"Marinaio","crew_profession_wage":"Italian Lira","crew_profession_value":"60","crew_profession_months":"7","crew_profession_days":"11","crew_profession_pension_funds":"8,10"},"28":{"embarkation_port":"Marsiglia","embarkation_date":"1862-02-07","discharge_port":"Genova","discharge_date":"1862-02-17","crew_surname":"Maggiolo","crew_name":"Geroloamo","crew_birth_location":"Camogli","crew_birth_date":"1825","crew_serial_number":"3897","crew_profession_type":"Marinaio","crew_profession_wage":"Italian Lira","crew_profession_value":"60","crew_profession_months":"7","crew_profession_days":"11","crew_profession_pension_funds":"8,10"},"29":{"embarkation_port":"Marsiglia","embarkation_date":"1862-02-07","discharge_port":"Genova","discharge_date":"1862-02-17","crew_surname":"Macchiavello","crew_name":"Paolo","crew_birth_location":"Zoagli","crew_birth_date":"1843","crew_serial_number":"7639","crew_profession_type":"Giovinetto","crew_profession_wage":"Italian Lira","crew_profession_value":"45","crew_profession_months":"7","crew_profession_days":"11","crew_profession_pension_funds":"8,10"},"30":{"embarkation_port":"Marsiglia","embarkation_date":"1862-02-07","discharge_port":"Genova","discharge_date":"1862-02-17","crew_surname":"Schiaffino","crew_name":"Antonio","crew_birth_location":"San Siro","crew_birth_date":"1844","crew_serial_number":"7539","crew_profession_type":"Mozzo","crew_profession_wage":"Italian Lira","crew_profession_value":"15","crew_profession_months":"7","crew_profession_days":"11","crew_profession_pension_funds":"8,10"},"31":{"embarkation_port":"Marsiglia","embarkation_date":"1862-02-07","discharge_port":"Genova","discharge_date":"1862-02-17","crew_surname":"Briganti","crew_name":"[P]","crew_birth_location":"Camogli","crew_birth_date":"1851","crew_serial_number":"17569","crew_profession_type":"Mozzo","crew_profession_wage":"Italian Lira","crew_profession_value":"10","crew_profession_months":"7","crew_profession_days":"11","crew_profession_pension_funds":"5,89"},"32":{},"33":{}},"route":{"0":{"departure_port":"Costantinopoli","departure_date":"1861-03-14"},"1":{"departure_port":"Kertch","departure_date":"1861-04-05"},"2":{"departure_port":"Berbiansk","departure_date":"1861-04-26"},"3":{"departure_port":"Costantinopoli","departure_date":"1861-05-09"},"4":{"departure_port":"Costantinopoli","departure_date":"1861-06-01"},"5":{"departure_port":"Marsiglia","departure_date":"1861-06-08"},"6":{"departure_port":"Marsiglia","departure_date":"1861-07-19"},"7":{"departure_port":"Costantinopoli","departure_date":"1861-08-18"},"8":{"departure_port":"Taganrog","departure_date":"18691-10-06"},"9":{"departure_port":"Costantinopoli","departure_date":"1861-11-09"},"10":{"departure_port":"Marsiglia","departure_date":"1861-12-16"},"11":{"departure_port":"Marsiglia","departure_date":"1862-02-07"},"12":{"departure_port":"Costantinopoli","departure_date":"1862-03-08"},"13":{"departure_port":"Odessa","departure_date":"1862-04-10"},"14":{"departure_port":"Costantinopoli","departure_date":"1862-04-19"},"15":{"departure_port":"Malta","departure_date":"1862-05-09"},"16":{"departure_port":"Falmouth","departure_date":"1862-06-27"},"17":{"departure_port":"Sunderland","departure_date":"1862-07-30"}}}}]}