﻿{"docs": [{"_id":"2018-03-20T14:55:39.145Z_8","template":"Crew List_IT","status":"Public","data":{"record_information":{"catalogue_id":"8","date_from":"2018-03-20","date_until":"2019-08-29T12:57:52","name":"Francesco","surname":"Ferrando","role_in_project":""},"source_identity":{"archive_library":"Archivio di Stato di Genova","archive_library_location":"Genova","register_number":"14","number_of_document":"6860","date_of_document":"1861-02-15","issuing_authority":"Direzione Marittima di Genova","issuing_authority_location":"Genova","note":"","comment":""},"ship_records":{"ship_name":"Colombia","ship_type":"Barca","ship_tonnage":"345,82","construction_location":"Sestri Ponente","construction_location_date":"1856","ammunition_type":"","ammunition_quantity_value":"","ammunition_quantity_unit":"","registry_port":"Genova","registry_number":"2176","owner_name":"Benedetto","owner_surname":"Baderacco","owner_fathers_name":"","note":"","comment":""},"ports_of_call":{"date_from":"1861-02-15","date_to":"1861-10-09","total_duration_months":"7","total_duration_years":"25","first_planned_destinations":"Danubio\nNord Europa","total_crew_number":"14","note":"","comment":""},"crew_list":{"0":{"embarkation_port":"Genova","embarkation_date":"1861-02-15","discharge_port":"Genova","discharge_date":"1861-10-09","crew_surname":"Mortola","crew_name":"Gio Batta","crew_birth_location":"Camogli","crew_birth_date":"1817","crew_serial_number":"279","crew_profession_type":"Capitano di 2* classe","crew_profession_wage":"Italian Lira","crew_profession_value":"200","crew_profession_months":"7","crew_profession_days":"25","crew_profession_pension_funds":"27,42"},"1":{"embarkation_port":"Genova","embarkation_date":"1861-02-15","discharge_port":"Genova","discharge_date":"1861-10-09","crew_surname":"Baderaccio","crew_name":"Federico","crew_birth_location":"Recco","crew_birth_date":"1840","crew_serial_number":"11442","crew_profession_type":"Secondo","crew_profession_wage":"Italian Lira","crew_profession_value":"95","crew_profession_months":"7","crew_profession_days":"25","crew_profession_pension_funds":"11,75"},"2":{"embarkation_port":"Genova","embarkation_date":"1861-02-15","discharge_port":"Genova","discharge_date":"1861-10-09","crew_surname":"Novella","crew_name":"Gerolamo","crew_birth_location":"Sori","crew_birth_date":"1821","crew_serial_number":"1351","crew_profession_type":"Nostromo","crew_profession_wage":"Italian Lira","crew_profession_value":"80","crew_profession_months":"7","crew_profession_days":"25","crew_profession_pension_funds":"11,75"},"3":{"embarkation_port":"Genova","embarkation_date":"1861-02-15","discharge_port":"Genova","discharge_date":"1861-10-09","crew_surname":"Viacava","crew_name":"Giuseppe","crew_birth_location":"Portofino","crew_birth_date":"1830","crew_serial_number":"2813","crew_profession_type":"Dispensiere","crew_profession_wage":"Italian Lira","crew_profession_value":"70","crew_profession_months":"7","crew_profession_days":"25","crew_profession_pension_funds":"8,62"},"4":{"embarkation_port":"Genova","embarkation_date":"1861-02-15","discharge_port":"Genova","discharge_date":"1861-10-09","crew_surname":"Benzo","crew_name":"Angelo","crew_birth_location":"Portofino","crew_birth_date":"1825","crew_serial_number":"1727","crew_profession_type":"Marinaio","crew_profession_wage":"Italian Lira","crew_profession_value":"60","crew_profession_months":"7","crew_profession_days":"25","crew_profession_pension_funds":"8,62"},"5":{"embarkation_port":"Genova","embarkation_date":"1861-02-15","discharge_port":"Genova","discharge_date":"1861-10-09","crew_surname":"Viacava","crew_name":"Benedetto","crew_birth_location":"Lerici","crew_birth_date":"1840","crew_serial_number":"6433","crew_profession_type":"Marinaio","crew_profession_wage":"Italian Lira","crew_profession_value":"60","crew_profession_months":"7","crew_profession_days":"25","crew_profession_pension_funds":"8,62"},"6":{"embarkation_port":"Genova","embarkation_date":"1861-02-15","discharge_port":"Genova","discharge_date":"1861-10-09","crew_surname":"Mortola","crew_name":"Angelo","crew_birth_location":"Camogli","crew_birth_date":"1849","crew_serial_number":"11909","crew_profession_type":"Marinaio","crew_profession_wage":"Italian Lira","crew_profession_value":"60","crew_profession_months":"7","crew_profession_days":"25","crew_profession_pension_funds":"6,27"},"7":{"embarkation_port":"Genova","embarkation_date":"1861-02-15","discharge_port":"Genova","discharge_date":"1861-10-09","crew_surname":"Cordiglia","crew_name":"Andrea","crew_birth_location":"Camogli","crew_birth_date":"1844","crew_serial_number":"13034","crew_profession_type":"Marinaio","crew_profession_wage":"Italian Lira","crew_profession_value":"60","crew_profession_months":"7","crew_profession_days":"25","crew_profession_pension_funds":"6,27"},"8":{"embarkation_port":"Genova","embarkation_date":"1861-02-15","discharge_port":"Genova","discharge_date":"1861-10-09","crew_surname":"Onesto","crew_name":"Giuseppe","crew_birth_location":"Portofino","crew_birth_date":"1841","crew_serial_number":"6409","crew_profession_type":"Marinaio","crew_profession_wage":"Italian Lira","crew_profession_value":"60","crew_profession_months":"7","crew_profession_days":"25","crew_profession_pension_funds":"8,62"},"9":{"embarkation_port":"Genova","embarkation_date":"1861-02-15","discharge_port":"Genova","discharge_date":"1861-10-09","crew_surname":"Gnecco","crew_name":"Luigi","crew_birth_location":"Portofino","crew_birth_date":"1827","crew_serial_number":"1964","crew_profession_type":"Marinaio","crew_profession_wage":"Italian Lira","crew_profession_value":"60","crew_profession_months":"7","crew_profession_days":"25","crew_profession_pension_funds":"8,62"},"10":{"embarkation_port":"Genova","embarkation_date":"1861-02-15","discharge_port":"Genova","discharge_date":"1861-02-19","crew_surname":"Moltedo","crew_name":"Giovanni","crew_birth_location":"Recco","crew_birth_date":"1842","crew_serial_number":"13565","crew_profession_type":"Mozzo","crew_profession_wage":"Italian Lira","crew_profession_value":"45","crew_profession_months":"7","crew_profession_days":"9","crew_profession_pension_funds":"0,18"},"11":{"embarkation_port":"Genova","embarkation_date":"1861-02-15","discharge_port":"Genova","discharge_date":"1861-10-09","crew_surname":"Bozzo","crew_name":"Barnico","crew_birth_location":"Ventimiglia","crew_birth_date":"1845","crew_serial_number":"13867","crew_profession_type":"Mozzo","crew_profession_wage":"Italian Lira","crew_profession_value":"45","crew_profession_months":"7","crew_profession_days":"25","crew_profession_pension_funds":"6,27"},"12":{"embarkation_port":"Genova","embarkation_date":"1861-02-15","discharge_port":"Genova","discharge_date":"1861-10-09","crew_surname":"Novella","crew_name":"Giuseppe","crew_birth_location":"Sori","crew_birth_date":"1846","crew_serial_number":"14197","crew_profession_type":"Mozzo","crew_profession_wage":"Italian Lira","crew_profession_value":"25","crew_profession_months":"7","crew_profession_days":"25","crew_profession_pension_funds":"6,27"},"13":{"embarkation_port":"Genova","embarkation_date":"1861-02-15","crew_surname":"Faricone","crew_name":"Putro","crew_birth_location":"Lerici","crew_birth_date":"1840","crew_serial_number":"3191","crew_profession_type":"Marinaio","crew_profession_wage":"Italian Lira","crew_profession_value":"60","crew_profession_months":"7","crew_profession_days":"1","crew_profession_pension_funds":"7,74","note":"Morto 1861-09-15"},"14":{"embarkation_port":"Genova","embarkation_date":"1861-02-15","discharge_port":"Genova","discharge_date":"1861-10-09","crew_surname":"Porro","crew_name":"Antonio","crew_birth_location":"Loano","crew_birth_date":"1842","crew_serial_number":"5280","crew_profession_type":"Mozzo","crew_profession_wage":"Italian Lira","crew_profession_value":"30","crew_profession_months":"7","crew_profession_days":"25","crew_profession_pension_funds":"8,62"},"15":{}},"route":{"0":{"departure_port":"Costantinopoli","departure_date":"1861-03-14"},"1":{"departure_port":"Sulina","departure_date":"1861-03-21"},"2":{"departure_port":"Braila","departure_date":"1861-05-08"},"3":{"departure_port":"Sulina","departure_date":"1861-05-19"},"4":{"departure_port":"Costantinopoli","departure_date":"1861-05-25"},"5":{"departure_port":"Queenstown","departure_date":"1861-07-15"},"6":{"departure_port":"Cardiff","departure_date":"1861-08-31"},"7":{},"8":{},"9":{},"10":{},"11":{},"12":{},"13":{},"14":{}}}}]}