﻿{"docs": [{"_id":"2018-03-06T15:20:22.852Z_11","template":"Crew List_IT","status":"Public","data":{"record_information":{"catalogue_id":"11","date_from":"2018-03-06","date_until":"2020-09-22T14:44:12","name":"Carolina","surname":"Gaggero","role_in_project":""},"source_identity":{"archive_library":"Archivio di Stato di Genova","archive_library_location":"Genova","register_number":"14","number_of_document":"6718","date_of_document":"1860-04-29","date_of_document_to":"","issuing_authority":"Direzione marittima di Genova","issuing_authority_location":"Genova","source_type_name":"","fond_number":"","fond_title":"","fond_series_number":"","file_number":"","file_tile":"","note":"","comment":""},"ship_records":{"ship_name":"Antonietta","ship_type":"Brigantino","ship_tonnage":"247,33","construction_location":"Loano","construction_location_date":"1848","ammunition_type":"","ammunition_quantity_value":"","ammunition_quantity_unit":"","registry_port":"Genova","registry_number":"1153","organization_name":"","owner_name":"Luigi","owner_surname":"Bertolotto","owner_fathers_name":"","note":"","comment":""},"ports_of_call":{"date_from":"1860-12-29","date_to":"1862-01-13","total_duration_months":"12","total_duration_years":"15","first_planned_destinations":"Salonicco","total_crew_number":"11","note":"","comment":""},"crew_list":{"0":{"embarkation_port":"Genova","embarkation_date":"1860-12-29","discharge_port":"Genova","discharge_date":"1862-01-12","crew_surname":"Degregori","crew_name":"Franco","crew_birth_location":"Camogli","crew_birth_date":"1830","crew_serial_number":"1298","crew_profession_type":"Capitano di seconda classe","crew_profession_wage":"Italian Lira","crew_profession_value":"100","crew_profession_months":"12","crew_profession_days":"15","crew_profession_pension_funds":"43,75"},"1":{"embarkation_port":"Genova","embarkation_date":"1860-12-29","discharge_port":"Genova","discharge_date":"1862-01-12","crew_surname":"Risso","crew_name":"Francesco","crew_birth_location":"Camogli","crew_birth_date":"1834","crew_serial_number":"7180","crew_profession_type":"Secondo","crew_profession_wage":"Italian Lira","crew_profession_value":"90","crew_profession_months":"12","crew_profession_days":"15","crew_profession_pension_funds":"18,75"},"2":{"embarkation_port":"Genova","embarkation_date":"1860-12-29","discharge_port":"Castellammare","discharge_date":"1831-03-10","crew_surname":"Bertolotto","crew_name":"Nicolò","crew_birth_location":"Pietra","crew_birth_date":"1813","crew_serial_number":"851","crew_profession_type":"Dispensiere","crew_profession_wage":"Italian Lira","crew_profession_value":"70","crew_profession_months":"2","crew_profession_days":"12","crew_profession_pension_funds":"2,64"},"3":{"embarkation_port":"Genova","embarkation_date":"1860-12-29","discharge_port":"Gibilterra","discharge_date":"1861-08-06","crew_surname":"Bertolotto","crew_name":"Giobatta","crew_birth_location":"Genova","crew_birth_date":"1840","crew_serial_number":"11049","crew_profession_type":"Marinaio","crew_profession_wage":"Italian Lira","crew_profession_value":"60","crew_profession_months":"7","crew_profession_days":"8","crew_profession_pension_funds":"7,99"},"4":{"embarkation_port":"Genova","embarkation_date":"1860-12-29","discharge_port":"Genova","discharge_date":"1862-01-12","crew_surname":"Rivera","crew_name":"Giobatta Andrea","crew_birth_location":"Diano","crew_birth_date":"1840","crew_serial_number":"2577","crew_profession_type":"Marinaio","crew_profession_wage":"Italian Lira","crew_profession_value":"60","crew_profession_months":"12","crew_profession_days":"15","crew_profession_pension_funds":"13,75"},"5":{"embarkation_port":"Genova","embarkation_date":"1860-12-29","discharge_port":"Genova","discharge_date":"1860-12-29","crew_surname":"Ciccione","crew_name":"Luigi","crew_birth_location":"Alassio","crew_birth_date":"1839","crew_serial_number":"2271","crew_profession_type":"Marinaio","crew_profession_wage":"Italian Lira","crew_profession_value":"60","crew_profession_pension_funds":"13,75","note":"malattia"},"6":{"embarkation_port":"Genova","embarkation_date":"1860-12-29","discharge_port":"Genova","discharge_date":"1862-01-12","crew_surname":"Maggi","crew_name":"Giuseppe","crew_birth_location":"Alassio","crew_birth_date":"1839","crew_serial_number":"2793","crew_profession_type":"Marinaio","crew_profession_wage":"Italian Lira","crew_profession_value":"60","crew_profession_months":"12","crew_profession_days":"15","crew_profession_pension_funds":"13,75"},"7":{"embarkation_port":"Genova","embarkation_date":"1860-12-29","discharge_port":"Genova","discharge_date":"1862-01-12","crew_surname":"Rambaldi","crew_name":"Giuseppe","crew_birth_location":"San Remo","crew_birth_date":"1840","crew_serial_number":"1635","crew_profession_type":"Marinaio","crew_profession_wage":"Italian Lira","crew_profession_value":"60","crew_profession_months":"12","crew_profession_days":"15","crew_profession_pension_funds":"13,75"},"8":{"embarkation_port":"Genova","embarkation_date":"1860-12-29","discharge_port":"Castellammare","discharge_date":"1831-03-12","crew_surname":"Bortorello","crew_name":"Agostino","crew_birth_location":"Pietra","crew_birth_date":"1836","crew_serial_number":"3764","crew_profession_type":"Marinaio","crew_profession_wage":"Italian Lira","crew_profession_value":"60","crew_profession_months":"2","crew_profession_days":"14","crew_profession_pension_funds":"2,51"},"9":{"embarkation_port":"Genova","embarkation_date":"1860-12-29","discharge_port":"Genova","discharge_date":"1862-01-12","crew_surname":"Quirolo","crew_name":"Giovanni","crew_birth_location":"Santa Margherita","crew_birth_date":"1843","crew_serial_number":"7375","crew_profession_type":"Mozzo","crew_profession_wage":"Italian Lira","crew_profession_value":"20","crew_profession_months":"12","crew_profession_days":"15","crew_profession_pension_funds":"13,75"},"10":{"embarkation_port":"Genova","embarkation_date":"1860-12-29","discharge_port":"Genova","discharge_date":"1862-01-12","crew_surname":"Bertolotto","crew_name":"Giuseppe","crew_birth_location":"Genova","crew_birth_date":"1846","crew_serial_number":"15093","crew_profession_type":"Mozzo","crew_profession_wage":"Italian Lira","crew_profession_value":"15","crew_profession_months":"12","crew_profession_days":"15","crew_profession_pension_funds":"10"},"11":{"embarkation_port":"Genova","embarkation_date":"1860-12-29","discharge_port":"Castellammare","discharge_date":"1831-03-12","crew_surname":"Ghirardi","crew_name":"Giuseppe","crew_birth_location":"Loano","crew_birth_date":"1844","crew_serial_number":"4697","crew_profession_type":"Marinaio","crew_profession_wage":"Italian Lira","crew_profession_value":"45","crew_profession_months":"2","crew_profession_days":"14","crew_profession_pension_funds":"2,51"},"12":{"embarkation_port":"Castellammare","embarkation_date":"1861-04-10","discharge_port":"Genova","discharge_date":"1862-01-12","crew_surname":"Ciriaco","crew_name":"Alessandro","crew_birth_location":"Falconara","crew_birth_date":"1833","crew_serial_number":"56","crew_profession_type":"Marinaio","crew_profession_wage":"Italian Lira","crew_profession_value":"60","crew_profession_months":"9","crew_profession_days":"4","crew_profession_pension_funds":"10,05"},"13":{"embarkation_port":"Castellammare","embarkation_date":"1861-04-10","discharge_port":"Genova","discharge_date":"1862-01-12","crew_surname":"Trapani","crew_name":"Giovanni","crew_birth_location":"Meta","crew_birth_date":"1826","crew_serial_number":"233","crew_profession_type":"Marinaio","crew_profession_wage":"Italian Lira","crew_profession_value":"60","crew_profession_months":"9","crew_profession_days":"4","crew_profession_pension_funds":"10,05"},"14":{"embarkation_port":"Castellammare","embarkation_date":"1861-04-10","discharge_port":"Genova","discharge_date":"1862-01-12","crew_surname":"Lauro","crew_name":"Gaspare","crew_birth_location":"Meta","crew_birth_date":"1828","crew_serial_number":"58","crew_profession_type":"Dispensiere","crew_profession_wage":"Italian Lira","crew_profession_value":"70","crew_profession_months":"9","crew_profession_days":"4","crew_profession_pension_funds":"10,05"},"15":{"embarkation_port":"Queenstown","embarkation_date":"1861-08-05","discharge_port":"Dunkerque","discharge_date":"1861-10-02","crew_surname":"Urdissich","crew_name":"Luca","crew_birth_location":"Fiume","crew_birth_date":"1836","crew_profession_type":"Marinaio","crew_profession_wage":"Italian Lira","crew_profession_value":"60","crew_profession_days":"28","crew_profession_pension_funds":"1,05"},"16":{"embarkation_port":"Hartlepool","embarkation_date":"1861-10-26","discharge_port":"Genova","discharge_date":"1862-01-12","crew_surname":"Crus","crew_name":"John","crew_birth_location":"Manila","crew_profession_type":"Marinaio","crew_profession_wage":"Italian Lira","crew_profession_value":"60","crew_profession_months":"2","crew_profession_days":"18","crew_profession_pension_funds":"2,86"},"17":{"crew_profession_wage":"Italian Lira"},"18":{}},"route":{"0":{"departure_port":"Genova","departure_date":"1860-12-29"},"1":{"departure_port":"Malta","departure_date":"1861-01-19"},"2":{"departure_port":"Salonicco"},"3":{"departure_port":"Castellammare","departure_date":"1861-04-11"},"4":{"departure_port":"Costantinopoli","departure_date":"1861-05-01"},"5":{"departure_port":"Sulina","departure_date":"1861-05-11"},"6":{"departure_port":"Braila","departure_date":"1861-06-22"},"7":{"departure_port":"Sulina","departure_date":"1861-07-01"},"8":{"departure_port":"Costantinopoli"},"9":{"departure_port":"Gibilterra","departure_date":"1861-08-06"},"10":{},"11":{},"12":{},"13":{},"14":{}}}}]}