﻿{"docs": [{"_id":"2018-02-27T14:39:07.123Z_2","template":"Crew List_IT","status":"Public","data":{"record_information":{"catalogue_id":"2","date_from":"2018-02-27","date_until":"2020-07-16T14:19:49","name":"Maurizio","surname":"Antinori","role_in_project":""},"source_identity":{"archive_library":"Archivio di Stato di Genova","archive_library_location":"Genova","register_number":"14","number_of_document":"6796","date_of_document":"1861-1-30","date_of_document_to":"","issuing_authority":"Direzione Marittima di Genova","issuing_authority_location":"Genova","source_type_name":"","fond_number":"","fond_title":"","fond_series_number":"","file_number":"","file_tile":"","note":"","comment":""},"ship_records":{"ship_name":"Telemaco","ship_type":"Brigantino","ship_tonnage":"144,66","construction_location":"Varazze","construction_location_date":"1841","ammunition_type":"","ammunition_quantity_value":"","ammunition_quantity_unit":"","registry_port":"Genova","registry_number":"721","organization_name":"","owner_name":"Giovanni Battista","owner_surname":"Schiappacasse","owner_fathers_name":"","note":"","comment":""},"ports_of_call":{"date_from":"1861-1-31","date_to":"1861-12-20","total_duration_months":"8","total_duration_years":"20","first_planned_destinations":"Danubio","total_crew_number":"10","note":"","comment":""},"crew_list":{"0":{"embarkation_port":"Genova","embarkation_date":"1861-1-31","discharge_port":"Genova","discharge_date":"1861-12-20","crew_surname":"Maggiolo","crew_name":"Antonio","crew_birth_location":"Camogli","crew_birth_date":"1824","crew_serial_number":"1114","crew_profession_type":"Capitano di seconda classe","crew_profession_wage":"Italian Lira","crew_profession_value":"128,28","crew_profession_months":"8","crew_profession_days":"20","crew_profession_pension_funds":"30,33"},"1":{"embarkation_port":"Genova","embarkation_date":"1861-1-31","discharge_port":"Nizza","discharge_date":"1861-06-04","crew_surname":"Schiappacasse","crew_name":"Prospero","crew_birth_location":"Camogli","crew_birth_date":"1828","crew_serial_number":"547","crew_profession_type":"Secondo","crew_profession_wage":"Italian Lira","crew_profession_value":"90","crew_profession_months":"3","crew_profession_days":"18","crew_profession_pension_funds":"5,40"},"2":{"embarkation_port":"Genova","embarkation_date":"1861-1-31","discharge_port":"Genova","discharge_date":"1861-2-18","crew_surname":"Maggiolo","crew_name":"Giovanni Battista","crew_birth_location":"Camogli","crew_birth_date":"1833","crew_serial_number":"8734","crew_profession_type":"Dispensiere","crew_profession_wage":"Italian Lira","crew_profession_value":"67,5","crew_profession_months":"0","crew_profession_days":"2","crew_profession_pension_funds":"0,7"},"3":{"embarkation_port":"Genova","embarkation_date":"1861-1-31","discharge_port":"Genova","discharge_date":"1861-2-18","crew_surname":"D`Aste","crew_name":"Giovanni Battista","crew_birth_location":"Recco","crew_birth_date":"1839","crew_serial_number":"12608","crew_profession_type":"Marinaio","crew_profession_wage":"Italian Lira","crew_profession_value":"60","crew_profession_months":"0","crew_profession_days":"2","crew_profession_pension_funds":"0,7"},"4":{"embarkation_port":"Genova","embarkation_date":"1861-1-31","discharge_port":"Genova","discharge_date":"1861-2-18","crew_surname":"Garvagnini","crew_name":"Domenico","crew_birth_location":"Riomaggiore","crew_birth_date":"1840","crew_serial_number":"198","crew_profession_type":"Marinaio","crew_profession_wage":"Italian Lira","crew_profession_value":"60","crew_profession_months":"0","crew_profession_days":"2","crew_profession_pension_funds":"0,7"},"5":{"embarkation_port":"Genova","embarkation_date":"1861-1-31","discharge_port":"Nizza","discharge_date":"1861-06-04","crew_surname":"Bisso","crew_name":"Agostino","crew_birth_location":"Recco","crew_birth_date":"1840","crew_serial_number":"13042","crew_profession_type":"Marinaio","crew_profession_wage":"Italian Lira","crew_profession_value":"60","crew_profession_months":"3","crew_profession_days":"18","crew_profession_pension_funds":"3,96"},"6":{"embarkation_port":"Genova","embarkation_date":"1861-1-31","discharge_port":"Genova","discharge_date":"1861-2-18","crew_surname":"Pasini","crew_name":"Andrea","crew_birth_location":"Riomaggiore","crew_birth_date":"1842","crew_serial_number":"4315","crew_profession_type":"Marinaio","crew_profession_wage":"Italian Lira","crew_profession_value":"60","crew_profession_months":"0","crew_profession_days":"2","crew_profession_pension_funds":"0,7"},"7":{"embarkation_port":"Genova","embarkation_date":"1861-1-31","discharge_port":"Genova","discharge_date":"1861-7-15","crew_surname":"Schiappacasse","crew_name":"Fortunato","crew_birth_location":"Camogli","crew_birth_date":"1846","crew_serial_number":"13990","crew_profession_type":"Mozzo","crew_profession_wage":"Italian Lira","crew_profession_value":"30","crew_profession_months":"4","crew_profession_days":"29","crew_profession_pension_funds":"3,97"},"8":{"embarkation_port":"Genova","embarkation_date":"1861-1-31","discharge_port":"Genova","discharge_date":"1861-7-15","crew_surname":"Canepa","crew_name":"Giuseppe","crew_birth_location":"San Massimo","crew_birth_date":"1846","crew_serial_number":"9819","crew_profession_type":"Mozzo","crew_profession_wage":"Italian Lira","crew_profession_value":"20","crew_profession_months":"4","crew_profession_days":"29","crew_profession_pension_funds":"3,97"},"9":{"embarkation_port":"Genova","embarkation_date":"1861-1-31","discharge_port":"Nizza","discharge_date":"1861-06-04","crew_surname":"Boggiano","crew_name":"Francesco","crew_birth_location":"Recco","crew_birth_date":"1849","crew_serial_number":"17079","crew_profession_type":"Mozzo","crew_profession_wage":"Italian Lira","crew_profession_value":"10","crew_profession_months":"3","crew_profession_days":"18","crew_profession_pension_funds":"2,88"},"10":{"embarkation_port":"Genova","embarkation_date":"1861-2-18","discharge_port":"Nizza","discharge_date":"1861-06-04","crew_surname":"Riccobaldi","crew_name":"Angelo","crew_birth_location":"Spezia","crew_birth_date":"1827","crew_serial_number":"2967","crew_profession_type":"Dispensiere","crew_profession_wage":"Italian Lira","crew_profession_value":"75","crew_profession_months":"3","crew_profession_days":"17","crew_profession_pension_funds":"3,92","note":"Ricompare linea 15"},"11":{"embarkation_port":"Genova","embarkation_date":"1861-2-18","discharge_port":"Nizza","discharge_date":"1861-06-04","crew_surname":"Scirello","crew_name":"Francesco","crew_birth_location":"Spotorno","crew_birth_date":"1841","crew_serial_number":"5049","crew_profession_type":"Marinaio","crew_profession_wage":"Italian Lira","crew_profession_value":"60","crew_profession_months":"3","crew_profession_days":"17","crew_profession_pension_funds":"3,92"},"12":{"embarkation_port":"Genova","embarkation_date":"1861-2-18","discharge_port":"Nizza","discharge_date":"1861-06-04","crew_surname":"Cignoni","crew_name":"Giovanni Maria","crew_birth_location":"Toscana","crew_birth_date":"1832","crew_profession_type":"Marinaio","crew_profession_wage":"Italian Lira","crew_profession_value":"60","crew_profession_months":"3","crew_profession_days":"17","crew_profession_pension_funds":"3,92"},"13":{"embarkation_port":"Genova","embarkation_date":"1861-2-18","discharge_port":"Nizza","discharge_date":"1861-06-04","crew_surname":"Arrighi","crew_name":"Francesco","crew_birth_location":"Toscana","crew_birth_date":"1835","crew_profession_type":"Marinaio","crew_profession_wage":"Italian Lira","crew_profession_value":"60","crew_profession_months":"3","crew_profession_days":"17","crew_profession_pension_funds":"3,92"},"14":{"embarkation_port":"Genova","embarkation_date":"1861-06-21","discharge_port":"Genova","discharge_date":"1861-7-15","crew_surname":"Riccobaldi","crew_name":"Angelo","crew_birth_location":"Manarola","crew_birth_date":"1827","crew_serial_number":"2967","crew_profession_type":"Nostromo","crew_profession_wage":"Italian Lira","crew_profession_value":"70","crew_profession_months":"0","crew_profession_days":"25","crew_profession_pension_funds":"1,95","note":"Ricompare linea 21"},"15":{"embarkation_port":"Nizza","embarkation_date":"1861-06-21","discharge_port":"Genova","discharge_date":"1861-7-15","crew_surname":"Camoirano","crew_name":"Agostino","crew_birth_location":"Savona","crew_birth_date":"1820","crew_serial_number":"2965","crew_profession_type":"Marinaio","crew_profession_wage":"Italian Lira","crew_profession_value":"65","crew_profession_months":"0","crew_profession_days":"25","crew_profession_pension_funds":"0,92","note":"Pagato in Franchi"},"16":{"embarkation_port":"Nizza","embarkation_date":"1861-06-21","discharge_port":"Genova","discharge_date":"1861-7-15","crew_surname":"Podestà","crew_name":"Antonio","crew_birth_location":"Chiavari","crew_birth_date":"1840","crew_serial_number":"5957","crew_profession_type":"Marinaio","crew_profession_wage":"Italian Lira","crew_profession_value":"65","crew_profession_months":"0","crew_profession_days":"25","crew_profession_pension_funds":"0,92","note":"Pagato in Franchi"},"17":{"embarkation_port":"Nizza","embarkation_date":"1861-06-21","discharge_port":"Genova","discharge_date":"1861-7-15","crew_surname":"Marceddu","crew_name":"Paolo","crew_birth_location":"Cagliari","crew_birth_date":"1834","crew_serial_number":"2109","crew_profession_type":"Marinaio","crew_profession_wage":"Italian Lira","crew_profession_value":"65","crew_profession_months":"0","crew_profession_days":"25","crew_profession_pension_funds":"0,92","note":"Pagato in Franchi"},"18":{"embarkation_port":"Nizza","embarkation_date":"1861-06-21","discharge_port":"Genova","discharge_date":"1861-7-15","crew_surname":"Pani","crew_name":"Francesco","crew_birth_location":"Cagliari","crew_birth_date":"1810","crew_serial_number":"402","crew_profession_type":"Marinaio","crew_profession_wage":"Italian Lira","crew_profession_value":"65","crew_profession_months":"0","crew_profession_days":"25","crew_profession_pension_funds":"0,92","note":"Pagato in Franchi"},"19":{"embarkation_port":"Cagliari","embarkation_date":"1861-7-6","discharge_port":"Genova","discharge_date":"1861-7-15","crew_surname":"Graziani","crew_name":"Antonio","crew_birth_location":"Cagliari","crew_birth_date":"1843","crew_serial_number":"15913","crew_profession_type":"Mozzo","crew_profession_wage":"Italian Lira","crew_profession_value":"0","crew_profession_months":"0","crew_profession_days":"10","crew_profession_pension_funds":"0,37","note":"Paga il Passaggio"},"20":{"embarkation_port":"Genova","embarkation_date":"1861-8-31","discharge_port":"Genova","discharge_date":"1861-12-20","crew_surname":"Riccobaldi","crew_name":"Angelo","crew_birth_location":"Manarola","crew_birth_date":"1827","crew_serial_number":"2967","crew_profession_type":"Secondo","crew_profession_wage":"Italian Lira","crew_profession_value":"73","crew_profession_months":"3","crew_profession_days":"21","crew_profession_pension_funds":"5,55"},"21":{"embarkation_port":"Genova","embarkation_date":"1861-8-31","discharge_port":"Genova","discharge_date":"1861-12-20","crew_surname":"Cavero","crew_name":"Antonio","crew_birth_location":"Chiavari","crew_birth_date":"1836","crew_serial_number":"6294","crew_profession_type":"Marinaio","crew_profession_wage":"Italian Lira","crew_profession_value":"60","crew_profession_months":"3","crew_profession_days":"21","crew_profession_pension_funds":"4,7"},"22":{"embarkation_port":"Genova","embarkation_date":"1861-8-31","discharge_port":"Genova","discharge_date":"1861-12-20","crew_surname":"Schiaffino","crew_name":"Niccolo`","crew_birth_location":"Camogli","crew_birth_date":"1842","crew_serial_number":"11653","crew_profession_type":"Marinaio","crew_profession_wage":"Italian Lira","crew_profession_value":"60","crew_profession_months":"3","crew_profession_days":"21","crew_profession_pension_funds":"4,7"},"23":{"embarkation_port":"Genova","embarkation_date":"1861-8-31","discharge_port":"Genova","discharge_date":"1861-12-20","crew_surname":"Puccini","crew_name":"Pietro Giovanni","crew_birth_location":"Capoliveri","crew_birth_date":"1838","crew_profession_type":"Marinaio","crew_profession_wage":"Italian Lira","crew_profession_value":"60","crew_profession_months":"3","crew_profession_days":"21","crew_profession_pension_funds":"4,7"},"24":{"embarkation_port":"Genova","embarkation_date":"1861-8-31","discharge_port":"Genova","discharge_date":"1861-12-20","crew_surname":"Ferretto","crew_name":"Emanuele Agostino","crew_birth_location":"Camogli","crew_birth_date":"1844","crew_serial_number":"12603","crew_profession_type":"Mozzo","crew_profession_wage":"Italian Lira","crew_profession_value":"30","crew_profession_months":"3","crew_profession_days":"21","crew_profession_pension_funds":"2,96"},"25":{"embarkation_port":"Genova","embarkation_date":"1861-8-31","discharge_port":"Genova","discharge_date":"1861-12-20","crew_surname":"Olcese","crew_name":"Domenico","crew_birth_location":"Camogli","crew_birth_date":"1841","crew_serial_number":"11716","crew_profession_type":"Dispensiere","crew_profession_wage":"Italian Lira","crew_profession_value":"95","crew_profession_months":"3","crew_profession_days":"21","crew_profession_pension_funds":"4,7"},"26":{"embarkation_port":"Genova","embarkation_date":"1861-8-31","discharge_port":"Genova","discharge_date":"1861-12-20","crew_surname":"Perasso","crew_name":"Antonio","crew_birth_location":"Voltri","crew_birth_date":"1844","crew_serial_number":"15068","crew_profession_type":"Mozzo","crew_profession_wage":"Italian Lira","crew_profession_value":"35","crew_profession_months":"3","crew_profession_days":"21","crew_profession_pension_funds":"2,96"},"27":{"embarkation_port":"Genova","embarkation_date":"1861-8-31","discharge_port":"Genova","discharge_date":"1861-12-20","crew_surname":"Lottero","crew_name":"Niccolo`","crew_birth_location":"Savona","crew_birth_date":"1840","crew_serial_number":"6110","crew_profession_type":"Marinaio","crew_profession_wage":"Italian Lira","crew_profession_value":"20","crew_profession_months":"3","crew_profession_days":"21","crew_profession_pension_funds":"4,7"},"28":{},"29":{},"30":{},"31":{},"32":{},"33":{},"34":{}},"route":{"0":{"departure_port":"Genova","departure_date":"1861-1-31"},"1":{"departure_port":"Genova","departure_date":"1861-2-18"},"2":{"departure_port":"Costantinopoli","departure_date":"1861-3-14"},"3":{"departure_port":"Kertch","departure_date":"1861-4-5"},"4":{"departure_port":"Berdiansk","departure_date":"1861-4-27"},"5":{"departure_port":"Costantinopoli","departure_date":"1861-5-7"},"6":{"departure_port":"Nizza","departure_date":"1861-5-22"},"7":{"departure_port":"Cagliari","departure_date":"1861-7-6"},"8":{"departure_port":"Genova","departure_date":"1861-8-31"},"9":{"departure_port":"Costantinopoli","departure_date":"1861-9-30"},"10":{"departure_port":"Sulina","departure_date":"1861-10-09"},"11":{"departure_port":"Galatz"},"12":{"departure_port":"Sulina","departure_date":"1861-11-8"},"13":{"departure_port":"Costantinopoli","departure_date":"1861-11-9"},"14":{"departure_port":"Messina","departure_date":"1861-12-6"},"15":{"arrival_port":"Genova","arrival_date":"1861-12-20"}}}}]}