﻿{
    "docs": [
        {
            "_id": "2018-03-27T14:06:17.784Z_3",
            "template": "Crew List_IT",
            "status": "Public",
            "data": {
                "record_information": {
                    "catalogue_id": "3",
                    "date_from": "2018-03-27",
                    "date_until": "2020-09-22T21:33:10",
                    "name": "Maki",
                    "surname": "Asai",
                    "role_in_project": ""
                },
                "source_identity": {
                    "archive_library": "Archivio di Stato di Genova",
                    "archive_library_location": "Genova",
                    "register_number": "14",
                    "number_of_document": "9560",
                    "date_of_document": "1862-02-13",
                    "date_of_document_to": "",
                    "issuing_authority": "Direzione Marittima di Genova",
                    "issuing_authority_location": "Genova",
                    "source_type_name": "",
                    "fond_number": "",
                    "fond_title": "",
                    "fond_series_number": "",
                    "file_number": "",
                    "file_tile": "",
                    "note": "",
                    "comment": ""
                },
                "ship_records": {
                    "ship_name": "Verità",
                    "ship_type": "Brik Barca",
                    "ship_tonnage": "362,65",
                    "construction_location": "Sestri Ponente",
                    "construction_location_date": "1858",
                    "ammunition_type": "",
                    "ammunition_quantity_value": "",
                    "ammunition_quantity_unit": "",
                    "registry_port": "Genova",
                    "registry_number": "1947",
                    "organization_name": "",
                    "owner_name": "Fortunato",
                    "owner_surname": "Bertolotto",
                    "owner_fathers_name": "Michele",
                    "note": "",
                    "comment": ""
                },
                "ports_of_call": {
                    "date_from": "1862-02-13",
                    "date_to": "1862-09-24",
                    "total_duration_months": "7",
                    "total_duration_years": "12",
                    "first_planned_destinations": "Danubio (region) / Romania (country)",
                    "total_crew_number": "16",
                    "note": "",
                    "comment": ""
                },
                "crew_list": {
                    "0": {
                        "embarkation_port": "Genova",
                        "embarkation_date": "1862-02-13",
                        "discharge_port": "Genova",
                        "discharge_date": "1862-09-24",
                        "crew_surname": "Cuneo",
                        "crew_name": "Fortunato",
                        "crew_birth_location": "Genova",
                        "crew_birth_date": "1831",
                        "crew_serial_number": "1813",
                        "crew_profession_type": "Capitano di prima classe",
                        "crew_profession_months": "7",
                        "crew_profession_days": "12",
                        "crew_profession_pension_funds": "39,00"
                    },
                    "1": {
                        "embarkation_port": "Genova",
                        "embarkation_date": "1862-02-13",
                        "discharge_port": "Genova",
                        "discharge_date": "1862-09-24",
                        "crew_surname": "Ageno",
                        "crew_name": "Stefano",
                        "crew_birth_location": "Genova",
                        "crew_birth_date": "1824",
                        "crew_serial_number": "5225",
                        "crew_profession_type": "Secondo",
                        "crew_profession_wage": "Italian Lira",
                        "crew_profession_value": "80",
                        "crew_profession_months": "7",
                        "crew_profession_days": "12",
                        "crew_profession_pension_funds": "11,10"
                    },
                    "2": {
                        "embarkation_port": "Genova",
                        "embarkation_date": "1862-02-13",
                        "discharge_port": "Genova",
                        "discharge_date": "1862-09-24",
                        "crew_surname": "Cuneo",
                        "crew_name": "Francesco",
                        "crew_birth_location": "Genova",
                        "crew_birth_date": "1842",
                        "crew_serial_number": "11691",
                        "crew_profession_type": "Nostromo",
                        "crew_profession_wage": "Italian Lira",
                        "crew_profession_value": "80",
                        "crew_profession_months": "7",
                        "crew_profession_days": "12",
                        "crew_profession_pension_funds": "11,10"
                    },
                    "3": {
                        "embarkation_port": "Genova",
                        "embarkation_date": "1862-02-13",
                        "discharge_port": "Genova",
                        "discharge_date": "1862-09-24",
                        "crew_surname": "Olivari",
                        "crew_name": "Andrea Fortunato",
                        "crew_birth_location": "Genova",
                        "crew_birth_date": "1821",
                        "crew_serial_number": "2345",
                        "crew_profession_type": "Dispensiere",
                        "crew_profession_wage": "Italian Lira",
                        "crew_profession_value": "73",
                        "crew_profession_months": "7",
                        "crew_profession_days": "12",
                        "crew_profession_pension_funds": "8,14"
                    },
                    "4": {
                        "embarkation_port": "Genova",
                        "embarkation_date": "1862-02-13",
                        "discharge_port": "Genova",
                        "discharge_date": "1862-09-24",
                        "crew_surname": "Bozza",
                        "crew_name": "Bernardo",
                        "crew_birth_location": "Genova",
                        "crew_birth_date": "1842",
                        "crew_serial_number": "12106",
                        "crew_profession_type": "Marinaio",
                        "crew_profession_wage": "Italian Lira",
                        "crew_profession_value": "60",
                        "crew_profession_months": "7",
                        "crew_profession_days": "12",
                        "crew_profession_pension_funds": "8,14"
                    },
                    "5": {
                        "embarkation_port": "Genova",
                        "embarkation_date": "1862-02-13",
                        "discharge_port": "Genova",
                        "discharge_date": "1862-09-24",
                        "crew_surname": "Schiappacasse",
                        "crew_name": "Antonio",
                        "crew_birth_location": "Genova",
                        "crew_birth_date": "1842",
                        "crew_serial_number": "11456",
                        "crew_profession_type": "Marinaio",
                        "crew_profession_wage": "Italian Lira",
                        "crew_profession_value": "60",
                        "crew_profession_months": "7",
                        "crew_profession_days": "12",
                        "crew_profession_pension_funds": "8,14"
                    },
                    "6": {
                        "embarkation_port": "Genova",
                        "embarkation_date": "1862-02-13",
                        "discharge_port": "Genova",
                        "discharge_date": "1862-09-24",
                        "crew_surname": "Campodonica",
                        "crew_name": "Fortunato",
                        "crew_birth_location": "Genova",
                        "crew_birth_date": "1842",
                        "crew_serial_number": "11158",
                        "crew_profession_type": "Marinaio",
                        "crew_profession_wage": "Italian Lira",
                        "crew_profession_value": "60",
                        "crew_profession_months": "7",
                        "crew_profession_days": "12",
                        "crew_profession_pension_funds": "8,14"
                    },
                    "7": {
                        "embarkation_port": "Genova",
                        "embarkation_date": "1862-02-13",
                        "discharge_port": "Genova",
                        "discharge_date": "1862-09-24",
                        "crew_surname": "Mortola",
                        "crew_name": "Andrea",
                        "crew_birth_location": "Genova",
                        "crew_birth_date": "1839",
                        "crew_serial_number": "11494",
                        "crew_profession_type": "Marinaio",
                        "crew_profession_wage": "Italian Lira",
                        "crew_profession_value": "60",
                        "crew_profession_months": "7",
                        "crew_profession_days": "12",
                        "crew_profession_pension_funds": "8,14"
                    },
                    "8": {
                        "embarkation_port": "Genova",
                        "embarkation_date": "1862-02-13",
                        "discharge_port": "Genova",
                        "discharge_date": "1862-09-24",
                        "crew_surname": "Gazzano",
                        "crew_name": "Giacomo Antonio",
                        "crew_birth_location": "Oneglia",
                        "crew_birth_date": "1843",
                        "crew_serial_number": "3193",
                        "crew_profession_type": "Mozzo",
                        "crew_profession_wage": "Italian Lira",
                        "crew_profession_value": "30",
                        "crew_profession_months": "7",
                        "crew_profession_days": "12",
                        "crew_profession_pension_funds": "8,14"
                    },
                    "9": {
                        "embarkation_port": "Genova",
                        "embarkation_date": "1862-02-13",
                        "discharge_port": "Genova",
                        "discharge_date": "1862-09-24",
                        "crew_surname": "Bregliano",
                        "crew_name": "Giovanni Battista",
                        "crew_birth_location": "Oneglia",
                        "crew_birth_date": "1844",
                        "crew_serial_number": "3099",
                        "crew_profession_type": "Mozzo",
                        "crew_profession_wage": "Italian Lira",
                        "crew_profession_value": "30",
                        "crew_profession_months": "7",
                        "crew_profession_days": "12",
                        "crew_profession_pension_funds": "8,14"
                    },
                    "10": {
                        "embarkation_port": "Genova",
                        "embarkation_date": "1862-02-13",
                        "discharge_port": "Genova",
                        "discharge_date": "1862-09-24",
                        "crew_surname": "Bertolotto",
                        "crew_name": "Michele",
                        "crew_birth_location": "Genova",
                        "crew_birth_date": "1846",
                        "crew_serial_number": "15028",
                        "crew_profession_type": "Mozzo",
                        "crew_profession_wage": "Italian Lira",
                        "crew_profession_value": "15",
                        "crew_profession_months": "7",
                        "crew_profession_days": "12",
                        "crew_profession_pension_funds": "5,92"
                    },
                    "11": {
                        "embarkation_port": "Genova",
                        "embarkation_date": "1862-02-13",
                        "discharge_port": "Genova",
                        "discharge_date": "1862-09-24",
                        "crew_surname": "Ageno",
                        "crew_name": "Giuseppe Giovanni Battista",
                        "crew_birth_location": "Genova",
                        "crew_birth_date": "1850",
                        "crew_serial_number": "17841",
                        "crew_profession_type": "Mozzo",
                        "crew_profession_wage": "Italian Lira",
                        "crew_profession_value": "15",
                        "crew_profession_months": "7",
                        "crew_profession_days": "12",
                        "crew_profession_pension_funds": "5,92"
                    },
                    "12": {
                        "embarkation_port": "Genova",
                        "embarkation_date": "1862-02-13",
                        "discharge_port": "Malta",
                        "discharge_date": "1862-03-25",
                        "crew_surname": "Rossetti",
                        "crew_name": "Matteo",
                        "crew_birth_location": "Trieste",
                        "crew_birth_date": "1839",
                        "crew_profession_type": "Marinaio",
                        "crew_profession_wage": "Italian Lira",
                        "crew_profession_value": "60",
                        "crew_profession_months": "1",
                        "crew_profession_days": "10",
                        "crew_profession_pension_funds": "1,58"
                    },
                    "13": {
                        "embarkation_port": "Genova",
                        "embarkation_date": "1862-02-13",
                        "discharge_port": "Malta",
                        "discharge_date": "1862-03-25",
                        "crew_surname": "Dobbro",
                        "crew_name": "Matteo",
                        "crew_birth_location": "Zara",
                        "crew_birth_date": "1828",
                        "crew_profession_type": "Marinaio",
                        "crew_profession_wage": "Italian Lira",
                        "crew_profession_value": "60",
                        "crew_profession_months": "1",
                        "crew_profession_days": "10",
                        "crew_profession_pension_funds": "1,58"
                    },
                    "14": {
                        "embarkation_port": "Genova",
                        "embarkation_date": "1862-02-13",
                        "discharge_port": "Genova",
                        "discharge_date": "1862-09-24",
                        "crew_surname": "Besach",
                        "crew_name": "Antonio",
                        "crew_birth_location": "Fiume",
                        "crew_birth_date": "1840",
                        "crew_profession_type": "Maestro",
                        "crew_profession_wage": "Italian Lira",
                        "crew_profession_value": "70",
                        "crew_profession_months": "7",
                        "crew_profession_days": "12",
                        "crew_profession_pension_funds": "8,14"
                    },
                    "15": {
                        "embarkation_port": "Genova",
                        "embarkation_date": "1862-02-13",
                        "discharge_port": "Genova",
                        "discharge_date": "1862-09-24",
                        "crew_surname": "Ferrari",
                        "crew_name": "Bartolomeo",
                        "crew_birth_location": "Genova",
                        "crew_birth_date": "1846",
                        "crew_serial_number": "18125",
                        "crew_profession_type": "Mozzo",
                        "crew_profession_wage": "Italian Lira",
                        "crew_profession_value": "15",
                        "crew_profession_months": "7",
                        "crew_profession_days": "12",
                        "crew_profession_pension_funds": "5,92"
                    },
                    "16": {
                        "embarkation_port": "Malta",
                        "embarkation_date": "1872-03-25",
                        "discharge_port": "Genova",
                        "discharge_date": "1862-09-24",
                        "crew_surname": "Videva",
                        "crew_name": "Mattia",
                        "crew_birth_location": "Sorrento",
                        "crew_birth_date": "1827",
                        "crew_profession_type": "Marinaio",
                        "crew_profession_wage": "Italian Lira",
                        "crew_profession_value": "60",
                        "crew_profession_months": "6",
                        "crew_profession_pension_funds": "6,60"
                    },
                    "17": {
                        "embarkation_port": "Malta",
                        "embarkation_date": "1872-03-25",
                        "discharge_port": "Genova",
                        "discharge_date": "1862-09-24",
                        "crew_surname": "Pustranico",
                        "crew_name": "[M]",
                        "crew_birth_location": "Spagna (country)",
                        "crew_birth_date": "1840",
                        "crew_profession_type": "Marinaio",
                        "crew_profession_wage": "Italian Lira",
                        "crew_profession_value": "60",
                        "crew_profession_months": "6",
                        "crew_profession_pension_funds": "6,60"
                    },
                    "18": {},
                    "19": {},
                    "20": {},
                    "21": {},
                    "22": {},
                    "23": {},
                    "24": {},
                    "25": {},
                    "26": {},
                    "27": {}
                },
                "route": {
                    "0": {
                        "departure_port": "Costantinopoli",
                        "departure_date": "1862-03-26"
                    },
                    "1": {
                        "departure_port": "Sulina",
                        "departure_date": "1862-04-01"
                    },
                    "2": {
                        "departure_port": "Braila",
                        "departure_date": "1862-05-08"
                    },
                    "3": {
                        "departure_port": "Sulina",
                        "departure_date": "1862-05-20"
                    },
                    "4": {
                        "departure_port": "Costantinopoli",
                        "departure_date": "1862-05-23"
                    },
                    "5": {
                        "departure_port": "Queenstown",
                        "departure_date": "1862-07-18"
                    },
                    "6": {
                        "departure_port": "Waterford",
                        "departure_date": "1862-08-11"
                    },
                    "7": {
                        "departure_port": "Newport",
                        "departure_date": "1862-08-22"
                    },
                    "8": {},
                    "9": {},
                    "10": {},
                    "11": {},
                    "12": {},
                    "13": {},
                    "14": {}
                }
            }
        }
    ]
}