﻿{"docs": [{"_id":"2018-02-26T15:21:10.239Z_3","template":"Crew List_IT","status":"Public","data":{"record_information":{"catalogue_id":"3","date_from":"2018-02-26","date_until":"2020-09-22T21:16:12","name":"Carolina","surname":"Gaggero","role_in_project":""},"source_identity":{"archive_library":"Archivio di Stato di Genova","archive_library_location":"Genova","register_number":"14","number_of_document":"6730","date_of_document":"1861-06-03","date_of_document_to":"","issuing_authority":"","issuing_authority_location":"","source_type_name":"","fond_number":"","fond_title":"","fond_series_number":"","file_number":"","file_tile":"","note":"","comment":""},"ship_records":{"ship_name":"S. Giobatta","ship_type":"Brigantino","ship_tonnage":"207,95","construction_location":"Chiavari","construction_location_date":"1855","ammunition_type":"","ammunition_quantity_value":"","ammunition_quantity_unit":"","registry_port":"Genova","registry_number":"1797","organization_name":"","owner_name":"Giobatta","owner_surname":"Schiaffino","owner_fathers_name":"","note":"","comment":""},"ports_of_call":{"date_from":"1861-01-03","date_to":"1862-09-04","total_duration_months":"20","total_duration_years":"2","first_planned_destinations":"Danubio","total_crew_number":"11","note":"","comment":""},"crew_list":{"0":{"embarkation_port":"Genova","embarkation_date":"1861-01-03","discharge_port":"Genova","discharge_date":"1861-09-04","crew_surname":"Schiaffino","crew_name":"Fortunato","crew_birth_location":"Camogli","crew_birth_date":"1827","crew_serial_number":"4531","crew_profession_type":"Capitano di seconda classe","crew_profession_months":"20","crew_profession_days":"2","crew_profession_pension_funds":"70,23"},"1":{"embarkation_date":"1862-02-15","discharge_date":"1863-01-11","crew_surname":"Olivari","crew_name":"Antonio","crew_birth_location":"Camogli","crew_birth_date":"1827","crew_serial_number":"1906","crew_profession_type":"Secondo","crew_profession_wage":"Italian Lira","crew_profession_value":"90","crew_profession_months":"18","crew_profession_days":"29","crew_profession_pension_funds":"28,45"},"2":{"embarkation_port":"Genova","embarkation_date":"1861-01-03","crew_surname":"Gennaro","crew_name":"Prospero","crew_birth_location":"Camogli","crew_birth_date":"1827","crew_serial_number":"6816","crew_profession_type":"Nostromo","crew_profession_wage":"Italian Lira","crew_profession_value":"80","crew_profession_months":"11","crew_profession_days":"18","crew_profession_pension_funds":"17,40"},"3":{"embarkation_date":"1862-02-15","crew_surname":"Massa","crew_name":"Franco","crew_birth_location":"Camogli","crew_birth_date":"1818","crew_serial_number":"2775","crew_profession_type":"Dispensiere","crew_profession_wage":"Italian Lira","crew_profession_value":"75","crew_profession_months":"18","crew_profession_days":"20","crew_profession_pension_funds":"20,50"},"4":{"embarkation_port":"Genova","embarkation_date":"1861-01-03","crew_surname":"Marini","crew_name":"Domenico","crew_birth_location":"Camogli","crew_birth_date":"1830","crew_serial_number":"6185","crew_profession_type":"Marinaio","crew_profession_wage":"Italian Lira","crew_profession_value":"60","crew_profession_months":"11","crew_profession_days":"18","crew_profession_pension_funds":"12,76"},"5":{"embarkation_port":"Genova","embarkation_date":"1861-01-03","discharge_port":"Genova","discharge_date":"1861-09-04","crew_surname":"Massa","crew_name":"Gaetano","crew_birth_location":"Camogli","crew_birth_date":"1832","crew_serial_number":"6295","crew_profession_type":"Marinaio","crew_profession_wage":"Italian Lira","crew_profession_value":"60","crew_profession_months":"20","crew_profession_days":"2","crew_profession_pension_funds":"22,07"},"6":{"embarkation_port":"Genova","embarkation_date":"1861-01-03","crew_surname":"Marini","crew_name":"Bartolomeo","crew_birth_location":"Camogli","crew_birth_date":"1840","crew_serial_number":"10577","crew_profession_type":"Marinaio","crew_profession_wage":"Italian Lira","crew_profession_value":"60","crew_profession_months":"11","crew_profession_days":"18","crew_profession_pension_funds":"12,76"},"7":{"embarkation_port":"Genova","embarkation_date":"1861-01-03","crew_surname":"Viacava","crew_name":"Geronimo","crew_birth_location":"Portofino","crew_birth_date":"1840","crew_serial_number":"5953","crew_profession_type":"Marinaio","crew_profession_wage":"Italian Lira","crew_profession_value":"60","crew_profession_months":"11","crew_profession_days":"18","crew_profession_pension_funds":"12,76"},"8":{"embarkation_port":"Genova","embarkation_date":"1861-01-03","crew_surname":"Pisani","crew_name":"Antonio","crew_birth_location":"Longone","crew_birth_date":"1838","crew_profession_type":"Marinaio","crew_profession_wage":"Italian Lira","crew_profession_value":"60","crew_profession_months":"11","crew_profession_days":"18","crew_profession_pension_funds":"12,76"},"9":{"embarkation_port":"Genova","embarkation_date":"1861-01-03","crew_surname":"Mortola","crew_name":"Ferdinando Giuseppe","crew_birth_location":"Camogli","crew_birth_date":"1849","crew_serial_number":"15784","crew_profession_type":"Mozzo","crew_profession_wage":"Italian Lira","crew_profession_value":"15","crew_profession_months":"12","crew_profession_days":"9","crew_profession_pension_funds":"9,84"},"10":{"embarkation_port":"Genova","embarkation_date":"1861-01-03","crew_surname":"Ferro","crew_name":"Luigi","crew_birth_location":"Celle","crew_birth_date":"1844","crew_serial_number":"5828","crew_profession_type":"Mozzo","crew_profession_wage":"Italian Lira","crew_profession_value":"16","crew_profession_months":"12","crew_profession_days":"9","crew_profession_pension_funds":"13,53"},"11":{"embarkation_date":"1862-02-15","crew_surname":"Bertetta","crew_name":"Ferdinando Giuseppe","crew_birth_location":"Lerici","crew_birth_date":"1831","crew_serial_number":"2060","crew_profession_type":"Marinaio","crew_profession_wage":"Italian Lira","crew_profession_value":"60","crew_profession_months":"6","crew_profession_days":"20","crew_profession_pension_funds":"7,33"},"12":{"embarkation_date":"1862-02-15","crew_surname":"Baracchino","crew_name":"Francesco","crew_birth_location":"Lerici","crew_birth_date":"1825","crew_serial_number":"646","crew_profession_type":"Marinaio","crew_profession_wage":"Italian Lira","crew_profession_value":"60","crew_profession_months":"6","crew_profession_days":"20","crew_profession_pension_funds":"7,33"},"13":{"embarkation_date":"1862-02-15","crew_surname":"Schiaffino","crew_name":"Bernardo","crew_birth_location":"Camogli","crew_birth_date":"1834","crew_serial_number":"8402","crew_profession_type":"Marinaio","crew_profession_wage":"Italian Lira","crew_profession_value":"60","crew_profession_months":"6","crew_profession_days":"20","crew_profession_pension_funds":"7,33"},"14":{"embarkation_date":"1862-02-15","crew_surname":"Schiappacane","crew_name":"Antonio","crew_birth_location":"Chiavari","crew_birth_date":"1822","crew_serial_number":"34","crew_profession_type":"Marinaio","crew_profession_wage":"Italian Lira","crew_profession_value":"60","crew_profession_months":"6","crew_profession_days":"20","crew_profession_pension_funds":"7,33"},"15":{"embarkation_date":"1862-02-15","crew_surname":"Molfino","crew_name":"Antonio","crew_birth_location":"Chiavari","crew_birth_date":"1845","crew_serial_number":"6850","crew_profession_type":"Marinaio","crew_profession_wage":"Italian Lira","crew_profession_value":"60","crew_profession_months":"6","crew_profession_days":"20","crew_profession_pension_funds":"7,33"},"16":{"embarkation_date":"1862-02-15","crew_surname":"Schiappacane","crew_name":"Giovanni","crew_birth_location":"Chiavari","crew_birth_date":"1847","crew_serial_number":"5696","crew_profession_type":"Mozzo","crew_profession_wage":"Italian Lira","crew_profession_value":"15","crew_profession_months":"6","crew_profession_days":"20","crew_profession_pension_funds":"5,33"},"17":{"crew_surname":"Rosello","crew_name":"Francesco","crew_birth_location":"Camogli","crew_birth_date":"1856","crew_serial_number":"18255","crew_profession_type":"Mozzo","crew_profession_wage":"Italian Lira","crew_profession_value":"15","crew_profession_months":"6","crew_profession_days":"20","crew_profession_pension_funds":"5,33"},"18":{}},"route":{"0":{"departure_port":"Genova","departure_date":"1861-01-03"},"1":{"departure_port":"Costantinopoli","departure_date":"1861-03-10"},"2":{"departure_port":"Sulina","departure_date":"1861-04-19"},"3":{"departure_port":"Costantinopoli","departure_date":"1861-04-26"},"4":{"departure_port":"Malta","departure_date":"1861-05-13"},"5":{"departure_port":"Queenstown","departure_date":"1861-07-13"},"6":{"departure_port":"Cardiff","departure_date":"1861-07-22"},"7":{"departure_port":"Malta","departure_date":"1861-09-21"},"8":{"departure_port":"Costantinopoli","departure_date":"1861-11-02"},"9":{"departure_port":"Odessa","departure_date":"1861-11-14"},"10":{"departure_port":"Costantinopoli","departure_date":"1861-11-23"},"11":{"departure_port":"Messina","departure_date":"1861-12-06"},"12":{"departure_date":"1862-02-15"},"13":{"departure_port":"Costantinopoli","departure_date":"1862-03-22"},"14":{"departure_port":"Sulina","departure_date":"1862-03-29"},"15":{"departure_port":"Galatz","departure_date":"1862-04-18"},"16":{"departure_port":"Sulina","departure_date":"1862-04-22"},"17":{"departure_port":"Costantinopoli","departure_date":"1862-04-28"},"18":{"departure_port":"Malta","departure_date":"1862-05-09"},"19":{"departure_port":"Queenstown","departure_date":"1862-06-20"},"20":{"departure_port":"Newcastle upon Tyne","departure_date":"1862-07-26"},"21":{"arrival_port":"Genova","arrival_date":"1862-09-04"},"22":{},"23":{},"24":{}}}}]}