﻿{"docs": [{"_id":"2018-12-13T09:10:01.852Z_4","template":"Crew List_IT","status":"Public","data":{"record_information":{"catalogue_id":"4","date_from":"2018-12-13","date_until":"2020-09-22T15:53:26","name":"Massimo","surname":"Ponasso","role_in_project":""},"source_identity":{"archive_library":"Archivio di Stato di Genova","archive_library_location":"Genova","register_number":"13","number_of_document":"4021","date_of_document":"1853-07-07","date_of_document_to":"","issuing_authority":"Direzione Marittima di Genova","issuing_authority_location":"Genova","source_type_name":"","fond_number":"","fond_title":"","fond_series_number":"","file_number":"","file_tile":"","note":"","comment":""},"ship_records":{"ship_name":"Laura","ship_type":"Brigantino","ship_tonnage":"185,19","construction_location":"Chiavati","construction_location_date":"1848","ammunition_type":"","ammunition_quantity_value":"","ammunition_quantity_unit":"","registry_port":"Genova","registry_number":"1161","organization_name":"","owner_name":"Lazzaro","owner_surname":"Bertolotto","owner_fathers_name":"","note":"","comment":""},"ports_of_call":{"date_from":"1853-07-07","date_to":"1855-01-02","total_duration_months":"17","total_duration_years":"26","first_planned_destinations":"Kertch","total_crew_number":"11","note":"","comment":""},"crew_list":{"0":{"embarkation_port":"Genova","embarkation_date":"1853-07-07","discharge_port":"Villa Franca","discharge_date":"1854-09-14","crew_surname":"Bertolotto","crew_name":"Lazzaro","crew_birth_location":"Camogli","crew_birth_date":"1818","crew_serial_number":"5018","crew_profession_type":"Capitano di Prima Classe","crew_profession_months":"14","crew_profession_days":"8","crew_profession_pension_funds":"71,33"},"1":{"embarkation_port":"Genova","embarkation_date":"1853-07-07","discharge_port":"Genova","discharge_date":"1853-07-09","crew_surname":"Schiaffino","crew_name":"Nicolò","crew_birth_location":"Camogli","crew_birth_date":"1824","crew_serial_number":"5677","crew_profession_type":"Secondo","crew_profession_wage":"Italian Lira","crew_profession_value":"70","crew_profession_months":"0","crew_profession_days":"3","crew_profession_pension_funds":"0,15"},"2":{"embarkation_port":"Genova","embarkation_date":"1853-07-07","discharge_port":"Genova","discharge_date":"1855-01-02","crew_surname":"Olivari","crew_name":"Gio. Batta","crew_birth_location":"Camogli","crew_birth_date":"1813","crew_serial_number":"5127","crew_profession_type":"Nostromo","crew_profession_wage":"Italian Lira","crew_profession_value":"60","crew_profession_months":"16","crew_profession_days":"6","crew_profession_pension_funds":"24,80","note":"Sbarca a Livorno il 05/06/1854 e si reimbarca a Livorno il 26/07/1854. Durante il suo periodo di imbarco viene promosso temporanemente a Secondo per poi tornare Nostromo"},"3":{"embarkation_port":"Genova","embarkation_date":"1853-07-07","discharge_port":"Cagliari","discharge_date":"1853-10-27","crew_surname":"Dassori","crew_name":"Gio. Batta","crew_birth_location":"Genova","crew_birth_date":"1796","crew_serial_number":"5926","crew_profession_type":"Dispensiere","crew_profession_wage":"Italian Lira","crew_profession_value":"50","crew_profession_months":"3","crew_profession_days":"21","crew_profession_pension_funds":"4,07"},"4":{"embarkation_port":"Genova","embarkation_date":"1853-07-07","discharge_port":"Malta","discharge_date":"1854-04-06","crew_surname":"Madrignani","crew_name":"Pietro","crew_birth_location":"Lerici","crew_birth_date":"1832","crew_serial_number":"1995","crew_profession_type":"Marinaio","crew_profession_wage":"Italian Lira","crew_profession_value":"44","crew_profession_months":"9","crew_profession_days":"0","crew_profession_pension_funds":"9,90"},"5":{"embarkation_port":"Genova","embarkation_date":"1853-07-07","discharge_port":"Malta","discharge_date":"1854-04-06","crew_surname":"Carletti","crew_name":"Vincenzo","crew_birth_location":"Suddito toscano","crew_birth_date":"1830","crew_profession_type":"Marinaio","crew_profession_wage":"Italian Lira","crew_profession_value":"44","crew_profession_months":"9","crew_profession_days":"0","crew_profession_pension_funds":"9,90"},"6":{"embarkation_port":"Genova","embarkation_date":"1853-07-07","discharge_port":"Malta","discharge_date":"1854-04-06","crew_surname":"Chianzini","crew_name":"Giuseppe","crew_birth_location":"Suddito toscano","crew_birth_date":"1828","crew_profession_type":"Marinaio","crew_profession_wage":"Italian Lira","crew_profession_value":"44","crew_profession_months":"9","crew_profession_days":"0","crew_profession_pension_funds":"9,90"},"7":{"embarkation_port":"Genova","embarkation_date":"1853-07-07","discharge_port":"Livorno","discharge_date":"1854-05-23","crew_surname":"Maggiolo","crew_name":"Domenico","crew_birth_location":"Camogli","crew_birth_date":"1836","crew_serial_number":"8806","crew_profession_type":"Mozzo","crew_profession_wage":"Italian Lira","crew_profession_value":"33","crew_profession_months":"10","crew_profession_days":"17","crew_profession_pension_funds":"8,45"},"8":{"embarkation_port":"Genova","embarkation_date":"1853-07-07","discharge_port":"Malta","discharge_date":"1854-04-06","crew_surname":"Morteo","crew_name":"Emanuele","crew_birth_location":"Alassio","crew_birth_date":"1831","crew_serial_number":"831","crew_profession_type":"Marinaio","crew_profession_wage":"Italian Lira","crew_profession_value":"44","crew_profession_months":"9","crew_profession_days":"0","crew_profession_pension_funds":"9,90"},"9":{"embarkation_port":"Genova","embarkation_date":"1853-07-07","discharge_port":"Livorno","discharge_date":"1854-06-16","crew_surname":"Maggiolo","crew_name":"Filippo","crew_birth_location":"Camogli","crew_birth_date":"1838","crew_serial_number":"11646","crew_profession_type":"Mozzo","crew_profession_wage":"Italian Lira","crew_profession_value":"5","crew_profession_months":"11","crew_profession_days":"10","crew_profession_pension_funds":"9,07"},"10":{"embarkation_port":"Genova","embarkation_date":"1853-07-07","discharge_port":"Malta","discharge_date":"1854-04-06","crew_surname":"Fassianio","crew_name":"Gio. Batta","crew_birth_location":"Ceriale","crew_birth_date":"1821","crew_serial_number":"384","crew_profession_type":"Marinaio","crew_profession_wage":"Italian Lira","crew_profession_value":"44","crew_profession_months":"9","crew_profession_days":"0","crew_profession_pension_funds":"9,90"},"11":{"embarkation_port":"Genova","embarkation_date":"1853-07-09","discharge_port":"Costantinopoli","discharge_date":"1853-10-06","crew_surname":"Levrero","crew_name":"Francesco","crew_birth_location":"Genova","crew_birth_date":"1826","crew_serial_number":"466","crew_profession_type":"Secondo","crew_profession_wage":"Italian Lira","crew_profession_value":"70","crew_profession_months":"2","crew_profession_days":"28","crew_profession_pension_funds":"4,40","note":"Scende a Constantinopoli causa malattia"},"12":{"embarkation_port":"Cagliari","embarkation_date":"1853-11-04","discharge_port":"Livorno","discharge_date":"1854-05-23","crew_surname":"Figari","crew_name":"Giuseppe","crew_birth_location":"Camogli","crew_birth_date":"1804","crew_serial_number":"5232","crew_profession_type":"Dispensiere","crew_profession_wage":"Italian Lira","crew_profession_value":"44","crew_profession_months":"6","crew_profession_days":"20","crew_profession_pension_funds":"7,33"},"13":{"embarkation_port":"Cagliari","embarkation_date":"1853-11-04","discharge_port":"Genova","discharge_date":"1853-12-04","crew_surname":"Comcik","crew_name":"Gregorio","crew_birth_location":"Illegible content","crew_birth_date":"1806","crew_profession_type":"Marinaio","crew_profession_wage":"Italian Lira","crew_profession_value":"50","crew_profession_months":"1","crew_profession_days":"1","crew_profession_pension_funds":"1,14"},"14":{"embarkation_port":"Malta","embarkation_date":"1854-05-08","discharge_port":"Livorno","discharge_date":"1854-05-20","crew_surname":"Galiazzato","crew_name":"Giovanni Valiano","crew_birth_location":"Cefalonia","crew_birth_date":"1822","crew_profession_type":"Marinaio","crew_profession_wage":"Italian Lira","crew_profession_value":"50","crew_profession_months":"0","crew_profession_days":"13","crew_profession_pension_funds":"48"},"15":{"embarkation_port":"Malta","embarkation_date":"1854-05-08","discharge_port":"Livorno","discharge_date":"1854-05-20","crew_surname":"Degiorgio","crew_name":"Giovanni","crew_birth_location":"Malta","crew_birth_date":"1814","crew_profession_type":"Marinaio","crew_profession_wage":"Italian Lira","crew_profession_value":"50","crew_profession_months":"0","crew_profession_days":"13","crew_profession_pension_funds":"48"},"16":{"embarkation_port":"Livorno","embarkation_date":"1854-07-26","discharge_port":"Genova","discharge_date":"1855-01-02","crew_surname":"Anselmi","crew_name":"Raffaello","crew_birth_location":"Suddito toscano","crew_birth_date":"1825","crew_profession_type":"Marinaio","crew_profession_wage":"Italian Lira","crew_profession_value":"42","crew_profession_months":"5","crew_profession_days":"07","crew_profession_pension_funds":"5,76"},"17":{"embarkation_port":"Livorno","embarkation_date":"1854-07-26","discharge_port":"Genova","discharge_date":"1855-01-02","crew_surname":"Bonifazio","crew_name":"Gaetano","crew_birth_location":"Lerici","crew_birth_date":"1837","crew_serial_number":"2363","crew_profession_type":"Mozzo","crew_profession_months":"5","crew_profession_days":"07","crew_profession_pension_funds":"4,19"},"18":{"embarkation_port":"Malta","embarkation_date":"1854-05-08","discharge_port":"Livorno","discharge_date":"1854-05-20","crew_surname":"Barretta","crew_name":"Francesco","crew_birth_location":"Roma","crew_birth_date":"1834","crew_profession_type":"Mozzo","crew_profession_months":"0","crew_profession_days":"13","crew_profession_pension_funds":"0,35"},"19":{"embarkation_port":"Malta","embarkation_date":"1854-05-08","discharge_port":"Livorno","discharge_date":"1854-05-20","crew_surname":"Sxoeloi","crew_name":"Spirio","crew_birth_location":"Cefalonia","crew_birth_date":"1818","crew_profession_type":"Marinaio","crew_profession_wage":"Italian Lira","crew_profession_value":"50","crew_profession_months":"0","crew_profession_days":"13","crew_profession_pension_funds":"0,48"},"20":{"embarkation_port":"Malta","embarkation_date":"1854-05-09","discharge_port":"Livorno","discharge_date":"1854-07-26","crew_surname":"Sardi","crew_name":"Giovanni Giuseppe","crew_birth_location":"Marciana","crew_birth_date":"1831","crew_profession_type":"Marinaio","crew_profession_wage":"Italian Lira","crew_profession_value":"40","crew_profession_months":"2","crew_profession_days":"18","crew_profession_pension_funds":"2,86"},"21":{"embarkation_port":"Malta","embarkation_date":"1854-05-09","discharge_port":"Livorno","discharge_date":"1854-07-26","crew_surname":"Sardi","crew_name":"Giovanni Antonio","crew_birth_location":"Marciana","crew_birth_date":"1830","crew_profession_type":"Marinaio","crew_profession_wage":"Italian Lira","crew_profession_value":"40","crew_profession_months":"2","crew_profession_days":"18","crew_profession_pension_funds":"2,86"},"22":{"embarkation_port":"Livorno","embarkation_date":"1854-06-02","discharge_port":"Livorno","discharge_date":"1854-06-03","crew_surname":"Razzeto","crew_name":"Stefano","crew_birth_location":"Camogli","crew_birth_date":"1828","crew_serial_number":"5152","crew_profession_type":"Marinaio","crew_profession_wage":"Italian Lira","crew_profession_months":"0","crew_profession_days":"2","crew_profession_pension_funds":"0,07"},"23":{"embarkation_port":"Livorno","embarkation_date":"1854-06-02","discharge_port":"Livorno","discharge_date":"1854-06-07","crew_surname":"Mortola","crew_name":"Nicolò Antonio","crew_birth_location":"Camogli","crew_birth_date":"1830","crew_serial_number":"4654","crew_profession_type":"Marinaio","crew_profession_months":"0","crew_profession_days":"6","crew_profession_pension_funds":"0,22"},"24":{"embarkation_port":"Livorno","embarkation_date":"1854-07-26","discharge_port":"Genova","discharge_date":"1855-01-02","crew_surname":"Borzone","crew_name":"Luigi","crew_birth_location":"Chiavari","crew_birth_date":"1818","crew_serial_number":"6063","crew_profession_type":"Secondo","crew_profession_wage":"Italian Lira","crew_profession_value":"65","crew_profession_months":"5","crew_profession_days":"07","crew_profession_pension_funds":"7,85"},"25":{"embarkation_port":"Livorno","embarkation_date":"1854-07-26","discharge_port":"Genova","discharge_date":"1855-01-02","crew_surname":"Morteo","crew_name":"Gio. Batta","crew_birth_location":"Alassio","crew_birth_date":"1801","crew_serial_number":"510","crew_profession_type":"Dispensiere","crew_profession_wage":"Italian Lira","crew_profession_value":"48","crew_profession_months":"5","crew_profession_days":"07","crew_profession_pension_funds":"5,76"},"26":{"embarkation_port":"Livorno","embarkation_date":"1854-07-26","discharge_port":"Genova","discharge_date":"1855-01-02","crew_surname":"Colotto","crew_name":"Pompilio","crew_birth_location":"Lerici","crew_birth_date":"1831","crew_serial_number":"1917","crew_profession_type":"Marinaio","crew_profession_wage":"Italian Lira","crew_profession_value":"42","crew_profession_months":"5","crew_profession_days":"07","crew_profession_pension_funds":"5,76"},"27":{"embarkation_port":"Livorno","embarkation_date":"1854-07-26","discharge_port":"Genova","discharge_date":"1855-01-02","crew_surname":"Madrignani","crew_name":"Bartolomeo","crew_birth_location":"Lerici","crew_birth_date":"1835","crew_serial_number":"2232","crew_profession_type":"Marinaio","crew_profession_wage":"Italian Lira","crew_profession_value":"42","crew_profession_months":"5","crew_profession_days":"07","crew_profession_pension_funds":"5,76"},"28":{"embarkation_port":"Livorno","embarkation_date":"1854-07-26","discharge_port":"Genova","discharge_date":"1855-01-02","crew_surname":"Bibolino","crew_name":"Bartolomeo","crew_birth_location":"Lerici","crew_birth_date":"1835","crew_serial_number":"2227","crew_profession_type":"Marinaio","crew_profession_wage":"Italian Lira","crew_profession_value":"42","crew_profession_months":"5","crew_profession_days":"07","crew_profession_pension_funds":"5,76"},"29":{"embarkation_port":"Livorno","embarkation_date":"1854-07-26","discharge_port":"Genova","discharge_date":"1855-01-02","crew_surname":"Colotto","crew_name":"Tobia","crew_birth_location":"Lerici","crew_birth_date":"1834","crew_serial_number":"1722","crew_profession_type":"Marinaio","crew_profession_wage":"Italian Lira","crew_profession_value":"42","crew_profession_months":"5","crew_profession_days":"07","crew_profession_pension_funds":"5,76"},"30":{"embarkation_port":"Livorno","embarkation_date":"1854-07-26","discharge_port":"Genova","discharge_date":"1855-01-02","crew_surname":"Poggi","crew_name":"Gio. Batta","crew_birth_location":"Lerici","crew_birth_date":"1834","crew_serial_number":"2393","crew_profession_type":"Marinaio","crew_profession_wage":"Italian Lira","crew_profession_value":"42","crew_profession_months":"5","crew_profession_days":"07","crew_profession_pension_funds":"5,76"},"31":{},"32":{},"33":{},"34":{}},"route":{"0":{"departure_port":"Camogli","departure_date":"1853-07-09"},"1":{"departure_port":"Costantinopoli","departure_date":"1853-08-13"},"2":{"departure_port":"Kertch","departure_date":"1853-09-06"},"3":{"departure_port":"Marianopoli","departure_date":"1853-09-23"},"4":{"departure_port":"Costantinopoli","departure_date":"1853-10-06"},"5":{"departure_port":"Cagliari","departure_date":"1853-11-04"},"6":{"departure_port":"Malta","departure_date":"1854-05-08"},"7":{"departure_port":"Livorno","departure_date":"1854-05-20"},"8":{},"9":{},"10":{},"11":{},"12":{},"13":{},"14":{}}}}]}