﻿{"docs": [{"_id":"2018-03-27T15:33:02.073Z_5","template":"Crew List_IT","status":"Public","data":{"record_information":{"catalogue_id":"5","date_from":"2018-03-27","date_until":"2020-09-22T15:03:44","name":"Maki","surname":"Asai","role_in_project":""},"source_identity":{"archive_library":"Archivio di Stato di Genova","archive_library_location":"Genova","register_number":"14","number_of_document":"9556","date_of_document":"1862-03-26","date_of_document_to":"","issuing_authority":"Direzione marittima di Genova","issuing_authority_location":"Genova","source_type_name":"","fond_number":"","fond_title":"","fond_series_number":"","file_number":"","file_tile":"","note":"","comment":""},"ship_records":{"ship_name":"Dio mi Vede","ship_type":"Brigantino","ship_tonnage":"160,01","construction_location":"Varazze","construction_location_date":"1852","ammunition_type":"","ammunition_quantity_value":"","ammunition_quantity_unit":"","registry_port":"Genova","registry_number":"1449","organization_name":"","owner_name":"Giuseppe","owner_surname":"Boggiano","owner_fathers_name":"","note":"","comment":""},"ports_of_call":{"date_from":"1862-03-26","date_to":"1862-12-12","total_duration_months":"8","total_duration_years":"18","first_planned_destinations":"Tiro (city)/ Libano (country)","total_crew_number":"10","note":"","comment":""},"crew_list":{"0":{"embarkation_port":"Genova","embarkation_date":"1862-03-26","discharge_port":"Genova","discharge_date":"1862-12-12","crew_surname":"Schiaffino","crew_name":"Antonio","crew_birth_location":"Genova","crew_birth_date":"1824","crew_serial_number":"1272","crew_profession_type":"Capitano di seconda classe","crew_profession_months":"8","crew_profession_days":"18","crew_profession_pension_funds":"30,10"},"1":{"embarkation_port":"Genova","embarkation_date":"1862-03-26","discharge_port":"Genova","discharge_date":"1862-12-12","crew_surname":"Oneto","crew_name":"Paolo","crew_birth_location":"Genova","crew_birth_date":"1837","crew_serial_number":"10963","crew_profession_type":"Secondo","crew_profession_wage":"Share","crew_profession_value":"1,50","crew_profession_months":"8","crew_profession_days":"18","crew_profession_pension_funds":"12,90"},"2":{"embarkation_port":"Genova","embarkation_date":"1862-03-26","discharge_port":"Genova","discharge_date":"1862-12-12","crew_surname":"Boggiano","crew_name":"Giuseppe","crew_birth_location":"Genova","crew_birth_date":"1820","crew_serial_number":"4631","crew_profession_type":"Nostromo","crew_profession_wage":"Share","crew_profession_value":"1,25","crew_profession_months":"8","crew_profession_days":"18","crew_profession_pension_funds":"12,90"},"3":{"embarkation_port":"Genova","embarkation_date":"1862-03-26","discharge_port":"Genova","discharge_date":"1862-12-12","crew_surname":"Olcese","crew_name":"Stefano Prospero","crew_birth_location":"Genova","crew_birth_date":"1844","crew_serial_number":"13574","crew_profession_type":"Marinaio","crew_profession_wage":"Share","crew_profession_value":"1","crew_profession_months":"8","crew_profession_days":"18","crew_profession_pension_funds":"9,46"},"4":{"embarkation_port":"Genova","embarkation_date":"1862-03-26","discharge_port":"Genova","discharge_date":"1862-12-12","crew_surname":"Peragallo","crew_name":"Rocco","crew_birth_location":"Genova","crew_birth_date":"1842","crew_serial_number":"11804","crew_profession_type":"Marinaio","crew_profession_wage":"Share","crew_profession_value":"1","crew_profession_months":"8","crew_profession_days":"18","crew_profession_pension_funds":"9,46"},"5":{"embarkation_port":"Genova","embarkation_date":"1862-03-26","discharge_port":"Genova","discharge_date":"1862-12-12","crew_surname":"Olivari","crew_name":"Gio Batta","crew_birth_location":"Genova","crew_birth_date":"1846","crew_serial_number":"13745","crew_profession_type":"Marinaio","crew_profession_wage":"Share","crew_profession_value":"1","crew_profession_months":"8","crew_profession_days":"18","crew_profession_pension_funds":"9,46"},"6":{"embarkation_port":"Genova","embarkation_date":"1862-03-26","discharge_port":"Genova","discharge_date":"1862-12-12","crew_surname":"Gazzale","crew_name":"Fortunato Emanuele","crew_birth_location":"Genova","crew_birth_date":"1843","crew_serial_number":"14366","crew_profession_type":"Marinaio","crew_profession_wage":"Share","crew_profession_value":"0,67","crew_profession_months":"8","crew_profession_days":"18","crew_profession_pension_funds":"9,46"},"7":{"embarkation_port":"Genova","embarkation_date":"1862-03-26","discharge_port":"Genova","discharge_date":"1862-12-12","crew_surname":"Marini","crew_name":"Giuseppe","crew_birth_location":"Genova","crew_birth_date":"1847","crew_serial_number":"15293","crew_profession_type":"Marinaio","crew_profession_wage":"Share","crew_profession_value":"0,67","crew_profession_months":"8","crew_profession_days":"18","crew_profession_pension_funds":"6,88"},"8":{"embarkation_port":"Genova","embarkation_date":"1862-03-26","discharge_port":"Genova","discharge_date":"1862-12-12","crew_surname":"Baggiano","crew_name":"Stefano Prospero","crew_birth_location":"Genova","crew_birth_date":"1849","crew_serial_number":"16153","crew_profession_type":"Mozzo","crew_profession_wage":"Share","crew_profession_value":"0,25","crew_profession_months":"8","crew_profession_days":"18","crew_profession_pension_funds":"6,88"},"9":{"embarkation_port":"Genova","embarkation_date":"1862-03-26","discharge_port":"Genova","discharge_date":"1862-12-12","crew_surname":"Sancristoforo","crew_name":"Giulio","crew_birth_location":"Genova","crew_birth_date":"1847","crew_serial_number":"18262","crew_profession_type":"Mozzo","crew_profession_wage":"Share","crew_profession_value":"0,25","crew_profession_months":"8","crew_profession_days":"18","crew_profession_pension_funds":"6,88"},"10":{},"11":{},"12":{},"13":{},"14":{}},"route":{"0":{"departure_port":"Sira","departure_date":"1862-04-26"},"1":{"departure_port":"Costantinopoli","departure_date":"1862-05-19"},"2":{"departure_port":"Berdjans`k","departure_date":"1862-06-13"},"3":{"departure_port":"Costantinopoli","departure_date":"1862-06-26"},"4":{"departure_port":"Zante","departure_date":"1862-07-16"},"5":{"departure_port":"Corfù","departure_date":"1862-08-16"},"6":{"departure_port":"Costantinopoli","departure_date":"1862-09-10"},"7":{"departure_port":"Kertch","departure_date":"1862-09-18"},"8":{"departure_port":"Berdjans`k","departure_date":"1862-10-04"},"9":{"arrival_port":"Costantinopoli","arrival_date":"1862-10-17"},"10":{"departure_port":"Costantinopoli","departure_date":"1862-10-17"},"11":{"departure_port":"Alessandria","departure_date":"1862-11-17"},"12":{},"13":{},"14":{}}}}]}