﻿{"docs": [{"_id":"2018-03-06T13:53:38.808Z_3","template":"Crew List_IT","status":"Public","data":{"record_information":{"catalogue_id":"3","date_from":"2018-03-06","date_until":"2020-09-22T15:14:44","name":"Francesco","surname":"Ferrando","role_in_project":""},"source_identity":{"archive_library":"Archivio di Stato di Genova","archive_library_location":"Genova","register_number":"14","number_of_document":"6835","date_of_document":"1861-02-08","date_of_document_to":"","issuing_authority":"Direzione Marittima di Genova","issuing_authority_location":"Genova","source_type_name":"","fond_number":"","fond_title":"","fond_series_number":"","file_number":"","file_tile":"","note":"","comment":""},"ship_records":{"ship_name":"Doge","ship_type":"Brigantino","ship_tonnage":"261,21","construction_location":"Varazze","construction_location_date":"1857","ammunition_type":"","ammunition_quantity_value":"","ammunition_quantity_unit":"","registry_port":"Genova","registry_number":"1850","organization_name":"","owner_name":"Prospero","owner_surname":"Schiaffino","owner_fathers_name":"Nicolò","note":"","comment":""},"ports_of_call":{"date_from":"1861-02-08","date_to":"1861-09-10","total_duration_months":"8","total_duration_years":"3","first_planned_destinations":"Danubio","total_crew_number":"12","note":"","comment":""},"crew_list":{"0":{"embarkation_port":"Genova","embarkation_date":"1861-02-08","discharge_port":"Genova","discharge_date":"1861-10-10","crew_surname":"Schiaffino","crew_name":"Prospero","crew_birth_location":"Camogli","crew_birth_date":"1825","crew_serial_number":"2445","crew_profession_type":"Capitano di 2* classe","crew_profession_wage":"Italian Lira","crew_profession_months":"8","crew_profession_days":"9","crew_profession_pension_funds":"28,95"},"1":{"embarkation_port":"Genova","embarkation_date":"1861-02-08","discharge_port":"Genova","discharge_date":"1861-10-10","crew_surname":"Marciani","crew_name":"Gaetano","crew_birth_location":"Camogli","crew_birth_date":"1813","crew_serial_number":"2444","crew_profession_type":"Secondo","crew_profession_wage":"Italian Lira","crew_profession_value":"85","crew_profession_months":"8","crew_profession_days":"9","crew_profession_pension_funds":"12,15"},"2":{"embarkation_port":"Genova","embarkation_date":"1861-02-08","discharge_port":"Genova","discharge_date":"1861-10-10","crew_surname":"Oneto","crew_name":"Nicolò","crew_birth_location":"Rapallo","crew_birth_date":"1834","crew_serial_number":"4327","crew_profession_type":"Nostromo","crew_profession_wage":"Italian Lira","crew_profession_value":"70","crew_profession_months":"8","crew_profession_days":"9","crew_profession_pension_funds":"12,15"},"3":{"embarkation_port":"Genova","embarkation_date":"1861-02-08","discharge_port":"Genova","discharge_date":"1861-10-10","crew_surname":"Beretta","crew_name":"Tomaso","crew_birth_location":"Rapallo","crew_birth_date":"1841","crew_serial_number":"6203","crew_profession_type":"Marinaio","crew_profession_wage":"Italian Lira","crew_profession_value":"60","crew_profession_months":"8","crew_profession_days":"9","crew_profession_pension_funds":"8,91"},"4":{"embarkation_port":"Genova","embarkation_date":"1861-02-08","discharge_port":"Genova","discharge_date":"1861-10-10","crew_surname":"Avegno","crew_name":"GioBatta","crew_birth_location":"Recco","crew_birth_date":"1841","crew_serial_number":"13560","crew_profession_type":"Marinaio","crew_profession_wage":"Italian Lira","crew_profession_value":"60","crew_profession_months":"8","crew_profession_days":"9","crew_profession_pension_funds":"8,91"},"5":{"embarkation_port":"Genova","embarkation_date":"1861-02-08","discharge_port":"Genova","discharge_date":"1861-10-10","crew_surname":"Boccardo","crew_name":"GioBatta","crew_birth_location":"Camogli","crew_birth_date":"1831","crew_serial_number":"9092","crew_profession_type":"Marinaio","crew_profession_wage":"Italian Lira","crew_profession_value":"60","crew_profession_months":"8","crew_profession_days":"9","crew_profession_pension_funds":"8,91"},"6":{"embarkation_port":"Genova","embarkation_date":"1861-02-08","discharge_port":"Genova","discharge_date":"1861-10-10","crew_surname":"Canevaro","crew_name":"GioBatta","crew_birth_location":"Genova","crew_birth_date":"1843","crew_serial_number":"14533","crew_profession_type":"Mozzo","crew_profession_wage":"Italian Lira","crew_profession_value":"40","crew_profession_months":"8","crew_profession_days":"9","crew_profession_pension_funds":"6,48"},"7":{"embarkation_port":"Genova","embarkation_date":"1861-02-08","discharge_port":"Genova","discharge_date":"1861-10-10","crew_surname":"Ageno","crew_name":"Giacomo","crew_birth_location":"Recco","crew_birth_date":"1844","crew_serial_number":"16074","crew_profession_type":"Mozzo","crew_profession_wage":"Italian Lira","crew_profession_value":"20","crew_profession_months":"8","crew_profession_days":"9","crew_profession_pension_funds":"6,48"},"8":{"embarkation_port":"Genova","embarkation_date":"1861-02-08","discharge_port":"Genova","discharge_date":"1861-10-10","crew_surname":"Solimano","crew_name":"Stefano","crew_birth_location":"Rapallo","crew_birth_date":"1845","crew_serial_number":"7237","crew_profession_type":"Mozzo","crew_profession_wage":"Italian Lira","crew_profession_value":"15","crew_profession_months":"8","crew_profession_days":"9","crew_profession_pension_funds":"6,48"},"9":{"embarkation_port":"Genova","embarkation_date":"1861-02-08","discharge_port":"Genova","discharge_date":"1861-10-10","crew_surname":"Rocchi","crew_name":"Domenico","crew_birth_location":"Austriaco","crew_serial_number":"Permesso","crew_profession_type":"Marinaio","crew_profession_wage":"Italian Lira","crew_profession_value":"60","crew_profession_months":"8","crew_profession_days":"9","crew_profession_pension_funds":"8,91"},"10":{"embarkation_port":"Genova","embarkation_date":"1861-02-08","discharge_port":"Camogli","discharge_date":"1861-03-18","crew_surname":"Gliubelich","crew_name":"Antonio","crew_birth_location":"Austriaco","crew_serial_number":"Permesso","crew_profession_type":"Marinaio","crew_profession_wage":"Italian Lira","crew_profession_value":"60","crew_profession_months":"1","crew_profession_days":"11","crew_profession_pension_funds":"1,50"},"11":{"embarkation_port":"Genova","embarkation_date":"1861-02-08","discharge_port":"Genova","discharge_date":"1861-10-10","crew_surname":"Fassio","crew_name":"Giacomo","crew_birth_location":"Varazze","crew_birth_date":"1840","crew_profession_type":"Maestro","crew_profession_wage":"Italian Lira","crew_profession_value":"65","crew_profession_months":"8","crew_profession_days":"9","crew_profession_pension_funds":"8,91","note":"passaggio"},"12":{"embarkation_port":"Camogli","embarkation_date":"1861-03-18","discharge_port":"Genova","discharge_date":"1861-10-10","crew_surname":"Pardolli","crew_name":"Eliseo","crew_birth_location":"Toscano","crew_birth_date":"1840","crew_profession_type":"Marinaio","crew_profession_wage":"Italian Lira","crew_profession_value":"60","crew_profession_months":"6","crew_profession_days":"29","crew_profession_pension_funds":"7,44"},"13":{},"14":{}},"route":{"0":{"departure_port":"Costantinopoli","departure_date":"1861-03-19"},"1":{"departure_port":"Sulina","departure_date":"1861-03-21"},"2":{"departure_port":"Galaz","departure_date":"1861-04-22"},"3":{"departure_port":"Sulina","departure_date":"1861-05-03"},"4":{"departure_port":"Costantinopoli","departure_date":"1861-05-10"},"5":{"departure_port":"Malta","departure_date":"1861-05-24"},"6":{"departure_port":"Gibilterra","departure_date":"1861-06-19"},"7":{"departure_port":"Londondarry","departure_date":"1861-08-13"},"8":{},"9":{},"10":{},"11":{},"12":{},"13":{},"14":{}}}}]}