﻿{"docs": [{"_id":"2018-03-27T13:46:34.699Z_12","template":"Crew List_IT","status":"Public","data":{"record_information":{"catalogue_id":"12","date_from":"2018-03-27","date_until":"2020-09-22T20:58:03","name":"Francesco","surname":"Ferrando","role_in_project":""},"source_identity":{"archive_library":"Archivio di Stato di Genova","archive_library_location":"Genova","register_number":"14","number_of_document":"6865","date_of_document":"1861-02-15","date_of_document_to":"","issuing_authority":"Direzione Marittima di Genova","issuing_authority_location":"Genova","source_type_name":"","fond_number":"","fond_title":"","fond_series_number":"","file_number":"","file_tile":"","note":"","comment":""},"ship_records":{"ship_name":"S.Prospero","ship_type":"Brigantino","ship_tonnage":"239,66","construction_location":"Varazze","construction_location_date":"1856","ammunition_type":"","ammunition_quantity_value":"","ammunition_quantity_unit":"","registry_port":"Genova","registry_number":"1842","organization_name":"","owner_name":"Simonetti","owner_surname":"Biagio","owner_fathers_name":"","note":"","comment":""},"ports_of_call":{"date_from":"1861-02-15","date_to":"1862-12-12","total_duration_months":"21","total_duration_years":"28","first_planned_destinations":"Danubio","total_crew_number":"12","note":"","comment":""},"crew_list":{"0":{"embarkation_port":"Genova","embarkation_date":"1861-02-25","discharge_port":"Genova","discharge_date":"1862-12-12","crew_surname":"Olivari","crew_name":"Giuseppe","crew_birth_location":"Camogli","crew_birth_date":"1825","crew_serial_number":"1034","crew_profession_type":"Capitano di 2* classe","crew_profession_wage":"Italian Lira","crew_profession_value":"100","crew_profession_months":"21","crew_profession_days":"28","crew_profession_pension_funds":"76,77"},"1":{"embarkation_port":"Genova","embarkation_date":"1861-02-25","discharge_port":"Marsiglia","discharge_date":"1862-09-30","crew_surname":"Revello","crew_name":"Lorenzo","crew_birth_location":"Camogli","crew_birth_date":"1837","crew_serial_number":"9674","crew_profession_type":"Secondo","crew_profession_wage":"Italian Lira","crew_profession_value":"90","crew_profession_months":"11","crew_profession_days":"16","crew_profession_pension_funds":"17,30"},"2":{"embarkation_port":"Genova","embarkation_date":"1861-02-25","discharge_port":"Marsiglia","discharge_date":"1862-02-04","crew_surname":"Revello","crew_name":"Fortunato","crew_birth_location":"Camogli","crew_birth_date":"1811","crew_serial_number":"1885","crew_profession_type":"Nostromo","crew_profession_wage":"Italian Lira","crew_profession_value":"80","crew_profession_months":"11","crew_profession_days":"20","crew_profession_pension_funds":"17,30"},"3":{"embarkation_port":"Genova","embarkation_date":"1861-02-25","discharge_port":"Marsiglia","discharge_date":"1862-09-30","crew_surname":"Ravarello","crew_name":"Francesco","crew_birth_location":"Camogli","crew_birth_date":"1821","crew_serial_number":"1310","crew_profession_type":"Dispensiere","crew_profession_wage":"Italian Lira","crew_profession_value":"70","crew_profession_months":"11","crew_profession_days":"16","crew_profession_pension_funds":"12,60"},"4":{"embarkation_port":"Genova","embarkation_date":"1861-02-25","discharge_port":"Marsiglia","discharge_date":"1862-09-30","crew_surname":"Simonetti","crew_name":"Emanuele","crew_birth_location":"Camogli","crew_birth_date":"1842","crew_serial_number":"12071","crew_profession_type":"Marinaio","crew_profession_wage":"Italian Lira","crew_profession_value":"60","crew_profession_months":"11","crew_profession_days":"16","crew_profession_pension_funds":"12,60"},"5":{"embarkation_port":"Genova","embarkation_date":"1861-02-25","discharge_port":"Marsiglia","discharge_date":"1862-09-30","crew_surname":"Gianollo","crew_name":"Pietro","crew_birth_location":"Levanto","crew_birth_date":"1839","crew_serial_number":"3207","crew_profession_type":"Marinaio","crew_profession_wage":"Italian Lira","crew_profession_value":"60","crew_profession_months":"11","crew_profession_days":"16","crew_profession_pension_funds":"12,60"},"6":{"embarkation_port":"Genova","embarkation_date":"1861-02-25","discharge_port":"Marsiglia","discharge_date":"1862-09-30","crew_surname":"Schiaffino","crew_name":"Pietro","crew_birth_location":"Camogli","crew_birth_date":"1842","crew_serial_number":"14148","crew_profession_type":"Marinaio","crew_profession_wage":"Italian Lira","crew_profession_value":"60","crew_profession_months":"11","crew_profession_days":"16","crew_profession_pension_funds":"12,60"},"7":{"embarkation_port":"Genova","embarkation_date":"1861-02-25","discharge_port":"Livorno","discharge_date":"1862-01-21","crew_surname":"Carbone","crew_name":"Giuseppe","crew_birth_date":"1841","crew_serial_number":"13641","crew_profession_type":"Marinaio","crew_profession_wage":"Italian Lira","crew_profession_value":"60","crew_profession_months":"11","crew_profession_days":"07","crew_profession_pension_funds":"12,36"},"8":{"embarkation_port":"Genova","embarkation_date":"1861-02-25","discharge_port":"Livorno","discharge_date":"1862-01-21","crew_surname":"Perazzo","crew_name":"Giuseppe","crew_birth_location":"Pugliola","crew_birth_date":"1840","crew_serial_number":"4149","crew_profession_type":"Marinaio","crew_profession_wage":"Italian Lira","crew_profession_value":"60","crew_profession_months":"11","crew_profession_days":"07","crew_profession_pension_funds":"12,36"},"9":{"embarkation_port":"Genova","embarkation_date":"1861-02-25","discharge_port":"Malta","discharge_date":"1861-10-08","crew_surname":"Lavarich","crew_name":"Vincenzo","crew_birth_location":"Genova","crew_birth_date":"14829","crew_serial_number":"permesso","crew_profession_type":"Marinaio","crew_profession_wage":"Italian Lira","crew_profession_value":"60","crew_profession_months":"8","crew_profession_days":"24","crew_profession_pension_funds":"9,68"},"10":{"embarkation_port":"Genova","embarkation_date":"1861-02-25","discharge_port":"Marsiglia","discharge_date":"1862-09-30","crew_surname":"Musante","crew_name":"Andrea","crew_birth_location":"Rapallo","crew_birth_date":"1846","crew_serial_number":"7598","crew_profession_type":"Mozzo","crew_profession_wage":"Italian Lira","crew_profession_value":"25","crew_profession_months":"11","crew_profession_days":"16","crew_profession_pension_funds":"9,23"},"11":{"embarkation_port":"Genova","embarkation_date":"1861-02-25","discharge_port":"Genova","discharge_date":"1862-12-12","crew_surname":"Vicina","crew_name":"Santo","crew_birth_location":"Camogli","crew_birth_date":"1848","crew_serial_number":"17120","crew_profession_type":"Mozzo","crew_profession_wage":"Italian Lira","crew_profession_value":"10","crew_profession_months":"21","crew_profession_days":"28","crew_profession_pension_funds":"17,55"},"12":{"embarkation_port":"Malta","embarkation_date":"1861-10-12","discharge_port":"Marsiglia","discharge_date":"1862-01-31","crew_surname":"DiNisakis","crew_name":"Giorgio","crew_birth_date":"1836","crew_serial_number":"Ottomano","crew_profession_type":"Marinaio","crew_profession_wage":"Italian Lira","crew_profession_value":"60","crew_profession_months":"2","crew_profession_days":"20","crew_profession_pension_funds":"2,93"},"13":{"embarkation_port":"Livorno","embarkation_date":"1862-01-22","discharge_port":"Marsiglia","discharge_date":"1862-02-07","crew_surname":"Vinno","crew_name":"Domenico","crew_birth_location":"Nori","crew_birth_date":"1836","crew_serial_number":"876","crew_profession_type":"Marinaio","crew_profession_wage":"Italian Lira","crew_profession_value":"60","crew_profession_months":"2","crew_profession_days":"16","crew_profession_pension_funds":"2,59","note":"Siciliano"},"14":{"embarkation_port":"Livorno","embarkation_date":"1862-01-22","discharge_port":"Marsiglia","discharge_date":"1862-02-07","crew_surname":"Diotallevi","crew_name":"Salvatore","crew_birth_location":"Livorno","crew_birth_date":"1833","crew_serial_number":"1712","crew_profession_type":"Marinaio","crew_profession_wage":"Italian Lira","crew_profession_value":"60","crew_profession_months":"2","crew_profession_days":"16","crew_profession_pension_funds":"2,59"},"15":{"embarkation_port":"Marsiglia","embarkation_date":"1862-02-10","discharge_port":"Genova","discharge_date":"1862-12-12","crew_surname":"Magnasco","crew_name":"Lorenzo","crew_birth_location":"Ruta","crew_birth_date":"1822","crew_serial_number":"787","crew_profession_type":"Dispensiere","crew_profession_wage":"Italian Lira","crew_profession_months":"10","crew_profession_days":"3","crew_profession_pension_funds":"11,11"},"16":{"embarkation_port":"Marsiglia","embarkation_date":"1862-03-17","discharge_port":"Genova","discharge_date":"1862-12-12","crew_surname":"Simonetti","crew_name":"Emanuele","crew_birth_location":"Camogli","crew_birth_date":"1842","crew_serial_number":"12071","crew_profession_type":"Direttore","crew_profession_wage":"Italian Lira","crew_profession_months":"8","crew_profession_days":"26","crew_profession_pension_funds":"13,30"},"17":{"embarkation_port":"Marsiglia","embarkation_date":"1862-03-17","discharge_port":"Genova","discharge_date":"1862-12-12","crew_surname":"Gaudo","crew_name":"Giovanni","crew_birth_location":"Monterosso","crew_birth_date":"1839","crew_serial_number":"3006","crew_profession_type":"Mozzo","crew_profession_wage":"Italian Lira","crew_profession_value":"60","crew_profession_months":"8","crew_profession_days":"26","crew_profession_pension_funds":"9,75"},"18":{"embarkation_port":"Marsiglia","embarkation_date":"1862-03-17","discharge_port":"Genova","discharge_date":"1862-12-12","crew_surname":"Rossignoli","crew_name":"Gio Batta","crew_birth_location":"Monterosso","crew_birth_date":"1834","crew_serial_number":"2589","crew_profession_type":"Mozzo","crew_profession_wage":"Italian Lira","crew_profession_value":"60","crew_profession_months":"8","crew_profession_days":"26","crew_profession_pension_funds":"9,75"},"19":{"embarkation_port":"Marsiglia","embarkation_date":"1862-03-17","discharge_port":"Genova","discharge_date":"1862-12-12","crew_surname":"Gando","crew_name":"Lorenzo","crew_birth_location":"Monterosso","crew_birth_date":"1830","crew_serial_number":"3389","crew_profession_type":"Mozzo","crew_profession_wage":"Italian Lira","crew_profession_value":"60","crew_profession_months":"8","crew_profession_days":"26","crew_profession_pension_funds":"9,75"},"20":{"embarkation_port":"Marsiglia","embarkation_date":"1862-03-17","discharge_port":"Genova","discharge_date":"1862-12-12","crew_surname":"Montale","crew_name":"Gio Batta","crew_birth_location":"Monterosso","crew_birth_date":"1831","crew_serial_number":"3207","crew_profession_type":"Mozzo","crew_profession_wage":"Italian Lira","crew_profession_value":"60","crew_profession_months":"8","crew_profession_days":"26","crew_profession_pension_funds":"9,75"},"21":{"embarkation_port":"Marsiglia","embarkation_date":"1862-03-17","discharge_port":"Genova","discharge_date":"1862-12-12","crew_surname":"Revello","crew_name":"Fortunato","crew_birth_location":"Camogli","crew_birth_date":"1811","crew_serial_number":"1885","crew_profession_type":"Mozzo","crew_profession_wage":"Italian Lira","crew_profession_value":"60","crew_profession_months":"8","crew_profession_days":"26","crew_profession_pension_funds":"9,75"},"22":{"embarkation_port":"Marsiglia","embarkation_date":"1862-03-17","discharge_port":"Genova","discharge_date":"1862-12-12","crew_surname":"Revello","crew_name":"Brico","crew_birth_location":"Camogli","crew_birth_date":"1841","crew_serial_number":"11380","crew_profession_type":"Mozzo","crew_profession_wage":"Italian Lira","crew_profession_value":"60","crew_profession_months":"8","crew_profession_days":"26","crew_profession_pension_funds":"9,75"},"23":{"embarkation_port":"Marsiglia","embarkation_date":"1862-03-17","discharge_port":"Genova","discharge_date":"1862-12-12","crew_surname":"Simonetti","crew_name":"Nicolò","crew_birth_location":"Camogli","crew_birth_date":"1846","crew_serial_number":"19036","crew_profession_type":"Mozzo","crew_profession_wage":"Italian Lira","crew_profession_value":"20","crew_profession_months":"8","crew_profession_days":"26","crew_profession_pension_funds":"7,9"},"24":{"embarkation_port":"Marsiglia","embarkation_date":"1862-03-17","discharge_port":"Genova","discharge_date":"1862-12-12","crew_surname":"Simonetti","crew_name":"Giovanni","crew_birth_location":"Camogli","crew_birth_date":"1844","crew_serial_number":"1496","crew_profession_type":"Mozzo","crew_profession_wage":"Italian Lira","crew_profession_value":"20","crew_profession_months":"8","crew_profession_days":"26","crew_profession_pension_funds":"9,75"},"25":{},"26":{},"27":{}},"route":{"0":{"departure_port":"Costantinopoli","departure_date":"1861-03-14"},"1":{"departure_port":"Sulina","departure_date":"1861-03-21"},"2":{"departure_port":"Galaz","departure_date":"1861-05-19"},"3":{"departure_port":"Sulina","departure_date":"1861-05-22"},"4":{"departure_port":"Costantinopoli","departure_date":"1861-05-29"},"5":{"departure_port":"Malta","departure_date":"1861-06-21"},"6":{"departure_port":"Glocester","departure_date":"1861-08-29"},"7":{"departure_port":"Cardiff","departure_date":"1861-09-06"},"8":{"departure_port":"Malta","departure_date":"1861-11-11"},"9":{"departure_port":"Alessandria","departure_date":"1861-12-09"},"10":{"departure_port":"Livorno","departure_date":"1862-01-22"},"11":{"departure_port":"Marsiglia","departure_date":"1862-01-30"},"12":{"departure_port":"Marsiglia","departure_date":"1862-03-18"},"13":{"departure_port":"Costantinopoli","departure_date":"1862-04-25"},"14":{"departure_port":"Taganrog","departure_date":"1862-05-31"},"15":{"departure_port":"Costantinopoli","departure_date":"1862-06-19"},"16":{"departure_port":"Malta","departure_date":"1862-07-11"},"17":{"departure_port":"Queenstown","departure_date":"1862-10-01"},"18":{"departure_port":"Newport","departure_date":"1862-10-22"},"19":{"departure_port":"Tolone","departure_date":"1862-12-01"}}}}]}