﻿{"docs": [{"_id":"2018-03-06T16:16:29.090Z_5","template":"Crew List_IT","status":"Public","data":{"record_information":{"catalogue_id":"5","date_from":"2018-03-06","date_until":"2020-09-22T15:12:59","name":"Francesco","surname":"Ferrando","role_in_project":""},"source_identity":{"archive_library":"Archivio di Stato di Genova","archive_library_location":"Genova","register_number":"14","number_of_document":"6849","date_of_document":"1861-02-11","date_of_document_to":"","issuing_authority":"Direzione Marittima di Genova","issuing_authority_location":"Genova","source_type_name":"","fond_number":"","fond_title":"","fond_series_number":"","file_number":"","file_tile":"","note":"","comment":""},"ship_records":{"ship_name":"Emilia","ship_type":"Brigantino","ship_tonnage":"206","construction_location":"Prà","construction_location_date":"1855","ammunition_type":"","ammunition_quantity_value":"","ammunition_quantity_unit":"","registry_port":"Genova","registry_number":"1725","organization_name":"","owner_name":"Chiavari","owner_surname":"Biagio","owner_fathers_name":"","note":"","comment":""},"ports_of_call":{"date_from":"1861-02-11","date_to":"1861-09-23","total_duration_months":"7","total_duration_years":"23","first_planned_destinations":"Danubio","total_crew_number":"10","note":"","comment":""},"crew_list":{"0":{"embarkation_port":"Genova","embarkation_date":"1861-02-11","discharge_port":"Genova","discharge_date":"1861-09-23","crew_surname":"Cichero","crew_name":"Andrea","crew_birth_location":"Camogli","crew_birth_date":"1831","crew_serial_number":"6991","crew_profession_type":"Capitano di 2* classe","crew_profession_wage":"Italian Lira"},"1":{"embarkation_port":"Genova","embarkation_date":"1861-02-11","discharge_port":"Genova","discharge_date":"1861-09-23","crew_surname":"Cuneo","crew_name":"Luigi","crew_birth_location":"Camogli","crew_birth_date":"1838","crew_serial_number":"10620","crew_profession_type":"Secondo\nDispensiere","crew_profession_wage":"Italian Lira\n ","crew_profession_value":"95\n ","crew_profession_months":"7\n ","crew_profession_days":"13\n ","crew_profession_pension_funds":"11,18\n "},"2":{"embarkation_port":"Genova","embarkation_date":"1861-02-11","discharge_port":"Genova","discharge_date":"1861-09-23","crew_surname":"Antola","crew_name":"Michelangiolo","crew_birth_location":"Camogli","crew_birth_date":"1806","crew_serial_number":"5164","crew_profession_type":"Dispensiere","crew_profession_wage":"Italian Lira","crew_profession_value":"75","crew_profession_months":"7","crew_profession_days":"13","crew_profession_pension_funds":"8,18"},"3":{"embarkation_port":"Genova","embarkation_date":"1861-02-11","discharge_port":"Genova","discharge_date":"1861-09-23","crew_surname":"Maggiolo","crew_name":"Franco","crew_birth_location":"Ruta","crew_birth_date":"1843","crew_serial_number":"13031","crew_profession_type":"Marinaio","crew_profession_wage":"Italian Lira","crew_profession_value":"60","crew_profession_months":"7","crew_profession_days":"13","crew_profession_pension_funds":"5,95"},"4":{"embarkation_port":"Genova","embarkation_date":"1861-02-11","discharge_port":"Genova","discharge_date":"1861-09-23","crew_surname":"Bisso","crew_name":"Bartolomeo","crew_birth_location":"Portoferraio","crew_birth_date":"1838","crew_serial_number":"permesso","crew_profession_type":"Marinaio","crew_profession_wage":"Italian Lira","crew_profession_value":"60","crew_profession_months":"7","crew_profession_days":"13","crew_profession_pension_funds":"8,18"},"5":{"embarkation_port":"Genova","embarkation_date":"1861-02-11","discharge_port":"Genova","discharge_date":"1861-09-23","crew_surname":"Bozzo","crew_name":"GioBatta","crew_birth_location":"Camogli","crew_birth_date":"1842","crew_serial_number":"13555","crew_profession_type":"Marinaio","crew_profession_wage":"Italian Lira","crew_profession_value":"60","crew_profession_months":"7","crew_profession_days":"13","crew_profession_pension_funds":"8,18"},"6":{"embarkation_port":"Genova","embarkation_date":"1861-02-11","discharge_port":"Genova","discharge_date":"1861-09-23","crew_surname":"Pavolini","crew_name":"Giuseppe","crew_birth_location":"[Toscano]","crew_serial_number":"permesso","crew_profession_type":"Marinaio","crew_profession_wage":"Italian Lira","crew_profession_value":"06","crew_profession_months":"7","crew_profession_days":"13","crew_profession_pension_funds":"8,18"},"7":{"embarkation_port":"Genova","embarkation_date":"1861-02-11","discharge_port":"Galaz","discharge_date":"1861-04-27","crew_surname":"Rossi","crew_name":"Antonio","crew_birth_location":"Ventimiglia","crew_birth_date":"1841","crew_serial_number":"1610","crew_profession_type":"Mozzo","crew_profession_wage":"Italian Lira","crew_profession_value":"30","crew_profession_months":"2","crew_profession_days":"7","crew_profession_pension_funds":"2,46"},"8":{"embarkation_port":"Genova","embarkation_date":"1861-02-11","discharge_port":"Genova","discharge_date":"1861-09-23","crew_surname":"Dassori","crew_name":"Antonio","crew_birth_location":"Genova","crew_birth_date":"1848","crew_serial_number":"16616","crew_profession_type":"Mozzo","crew_profession_wage":"Italian Lira","crew_profession_value":"14","crew_profession_months":"7","crew_profession_days":"13","crew_profession_pension_funds":"5,95"},"9":{"embarkation_port":"Genova","embarkation_date":"1861-02-11","discharge_port":"Genova","discharge_date":"1861-09-23","crew_surname":"Cichero","crew_name":"Andrea","crew_birth_location":"Camogli","crew_birth_date":"1844","crew_serial_number":"17136","crew_profession_type":"Mozzo","crew_profession_wage":"Italian Lira","crew_profession_value":"10","crew_profession_months":"7","crew_profession_days":"13","crew_profession_pension_funds":"5,95"},"10":{"embarkation_port":"Genova","embarkation_date":"1861-02-11","discharge_port":"Genova","discharge_date":"1861-09-23","crew_surname":"Modignani","crew_name":"GioBatta","crew_birth_location":"Lerici","crew_birth_date":"1843","crew_serial_number":"4013","crew_profession_type":"Mozzo","crew_profession_wage":"Italian Lira","crew_profession_value":"45","crew_profession_months":"7","crew_profession_days":"13","crew_profession_pension_funds":"5,95"},"11":{"embarkation_port":"Genova","embarkation_date":"1861-02-11","discharge_port":"Genova","discharge_date":"1861-09-23","crew_surname":"Barbagelata","crew_name":"Andrea","crew_birth_location":"Ruta","crew_birth_date":"1835","crew_serial_number":"9394","crew_profession_type":"Marinaio","crew_profession_wage":"Italian Lira","crew_profession_value":"60","crew_profession_months":"7","crew_profession_days":"13","crew_profession_pension_funds":"8,18"},"12":{},"13":{},"14":{}},"route":{"0":{"departure_port":"Longone","departure_date":"1861-02-24"},"1":{"departure_port":"Costantinopoli","departure_date":"1861-03-20"},"2":{"departure_port":"Sulina","departure_date":"1861-03-23"},"3":{"departure_port":"Braila","departure_date":"1861-05-06"},"4":{"departure_port":"Sulina","departure_date":"1861-05-15"},"5":{"departure_port":"Costantinopoli","departure_date":"1861-05-23"},"6":{"departure_port":"Malta","departure_date":"1861-06-06"},"7":{"departure_port":"Corck","departure_date":"1861-07-20"},"8":{"departure_port":"Belfast","departure_date":"1861-08-5"},"9":{},"10":{},"11":{},"12":{},"13":{},"14":{}}}}]}