﻿{"docs": [{"_id":"2018-12-12T08:23:01.594Z_1","template":"Crew List_IT","status":"Public","data":{"record_information":{"catalogue_id":"1","date_from":"2018-12-12","date_until":"2020-07-16T14:23:02","name":"Massimo ","surname":"Ponasso","role_in_project":""},"source_identity":{"archive_library":"Archivio di Stato di Genova","archive_library_location":"Genova","register_number":"13","number_of_document":"4018","date_of_document":"1853-07-06","date_of_document_to":"","issuing_authority":"Direzione Marittima di Genova","issuing_authority_location":"Genova","source_type_name":"","fond_number":"","fond_title":"","fond_series_number":"","file_number":"","file_tile":"","note":"","comment":""},"ship_records":{"ship_name":"Il Pegaso","ship_type":"Brigantino","ship_tonnage":"197,67","construction_location":"Varazze","construction_location_date":"1843","ammunition_type":"","ammunition_quantity_value":"","ammunition_quantity_unit":"","registry_port":"Genova","registry_number":"2054","organization_name":"","owner_name":"Bernardo","owner_surname":"Schiaffino","owner_fathers_name":"","note":"","comment":""},"ports_of_call":{"date_from":"1853-07-06","date_to":"1854-01-20","total_duration_months":"6","total_duration_years":"","first_planned_destinations":"","total_crew_number":"11","note":"","comment":""},"crew_list":{"0":{"embarkation_port":"Genova","embarkation_date":"1853-07-06","discharge_port":"Genova","discharge_date":"1854-01-20","crew_surname":"Schiaffino","crew_name":"Bernardo","crew_birth_location":"Camogli","crew_birth_date":"1815","crew_serial_number":"5854","crew_profession_type":"Capitano di Seconda Classe","crew_profession_wage":"Italian Lira","crew_profession_value":"100","crew_profession_months":"5","crew_profession_days":"27","crew_profession_pension_funds":"20,65","note":"L`11-10-1853 sbarca a Villa Franca e si reinbarca il 31-10 -1853 a Genova"},"1":{"embarkation_port":"Genova","embarkation_date":"1853-07-06","discharge_port":"Genova","discharge_date":"1854-01-20","crew_surname":"Castagniola","crew_name":"Fortunato","crew_birth_location":"Camogli","crew_birth_date":"1811","crew_serial_number":"3740","crew_profession_type":"Secondo","crew_profession_wage":"Italian Lira","crew_profession_value":"65","crew_profession_months":"6","crew_profession_pension_funds":"9","note":"Assunto il Comando provvisiorio li 11-10- 1853"},"2":{"embarkation_port":"Genova","embarkation_date":"1853-07-06","discharge_port":"Genova","discharge_date":"1854-01-20","crew_surname":"Schiaffino","crew_name":"Fortunato","crew_birth_location":"Camogli","crew_birth_date":"1807","crew_serial_number":"1109","crew_profession_type":"Nostromo","crew_profession_wage":"Italian Lira","crew_profession_value":"60","crew_profession_months":"6","crew_profession_pension_funds":"9"},"3":{"embarkation_port":"Genova","embarkation_date":"1853-07-06","discharge_port":"Genova","discharge_date":"1853-10-14","crew_surname":"Figari","crew_name":"Fortunato","crew_birth_location":"Camogli","crew_birth_date":"1811","crew_serial_number":"355","crew_profession_type":"Dispensiere","crew_profession_wage":"Italian Lira","crew_profession_value":"50","crew_profession_months":"3","crew_profession_days":"9","crew_profession_pension_funds":"9"},"4":{"embarkation_port":"Genova","embarkation_date":"1853-07-06","discharge_port":"Genova","discharge_date":"1853-10-14","crew_surname":"Cimiglia","crew_name":"Antonio","crew_birth_location":"Sanremo","crew_birth_date":"1833","crew_serial_number":"1043","crew_profession_type":"Marinaio","crew_profession_wage":"Italian Lira","crew_profession_value":"44","crew_profession_months":"3","crew_profession_days":"9","crew_profession_pension_funds":"3,63"},"5":{"embarkation_port":"Genova","embarkation_date":"1853-07-06","discharge_port":"Genova","discharge_date":"1853-10-14","crew_surname":"Parodi","crew_name":"Luigi","crew_birth_location":"Genova","crew_birth_date":"1827","crew_serial_number":"11378","crew_profession_type":"Marinaio","crew_profession_wage":"Italian Lira","crew_profession_value":"44","crew_profession_months":"3","crew_profession_days":"9","crew_profession_pension_funds":"3,63"},"6":{"embarkation_port":"Genova","embarkation_date":"1853-07-06","discharge_port":"Genova","discharge_date":"1853-10-14","crew_surname":"Costa","crew_name":"Carlo","crew_birth_location":"Nozarego","crew_birth_date":"1833","crew_serial_number":"3940","crew_profession_type":"Marinaio","crew_profession_wage":"Italian Lira","crew_profession_value":"44","crew_profession_months":"3","crew_profession_days":"9","crew_profession_pension_funds":"3,63"},"7":{"embarkation_port":"Genova","embarkation_date":"1853-07-06","discharge_port":"Genova","discharge_date":"1853-10-14","crew_surname":"Revello","crew_name":"Michele","crew_birth_location":"Recco","crew_birth_date":"1828","crew_serial_number":"5223","crew_profession_type":"Marinaio","crew_profession_wage":"Italian Lira","crew_profession_value":"44","crew_profession_months":"3","crew_profession_days":"9","crew_profession_pension_funds":"3,63"},"8":{"embarkation_port":"Genova","embarkation_date":"1853-07-06","discharge_port":"Genova","discharge_date":"1854-01-20","crew_surname":"Olivari","crew_name":"Pasquale","crew_birth_location":"Camogli","crew_birth_date":"1835","crew_serial_number":"9594","crew_profession_type":"Mozzo","crew_profession_wage":"Italian Lira","crew_profession_value":"35","crew_profession_months":"6","crew_profession_pension_funds":"6,60"},"9":{"embarkation_port":"Genova","embarkation_date":"1853-07-06","discharge_port":"Genova","discharge_date":"1854-01-20","crew_surname":"Repetto","crew_name":"Agostino","crew_birth_location":"Camogli","crew_birth_date":"1837","crew_serial_number":"9270","crew_profession_type":"Mozzo","crew_profession_wage":"Italian Lira","crew_profession_value":"20","crew_profession_months":"6","crew_profession_pension_funds":"6,60"},"10":{"embarkation_port":"Genova","embarkation_date":"1853-07-06","discharge_port":"Genova","discharge_date":"1854-01-20","crew_surname":"Costa","crew_name":"Giovanni","crew_birth_location":"Rapallo","crew_birth_date":"1836","crew_serial_number":"5732","crew_profession_type":"Mozzo","crew_profession_wage":"Italian Lira","crew_profession_value":"12","crew_profession_months":"6","crew_profession_pension_funds":"6,60"},"11":{"embarkation_port":"Genova","embarkation_date":"1853-10-31","discharge_port":"Genova","discharge_date":"1854-01-20","crew_surname":"Queirolo","crew_name":"Gio. Batta","crew_birth_location":"Camogli","crew_birth_date":"1836","crew_serial_number":"4164","crew_profession_type":"Marinaio","crew_profession_wage":"Share","crew_profession_value":"1","crew_profession_months":"2","crew_profession_days":"21","crew_profession_pension_funds":"2,97"},"12":{"embarkation_port":"Genova","embarkation_date":"1853-10-31","discharge_port":"Genova","discharge_date":"1854-01-20","crew_surname":"Ansaldo","crew_name":"Antonio","crew_birth_location":"Camogli","crew_birth_date":"1826","crew_serial_number":"4574","crew_profession_type":"Marinaio","crew_profession_wage":"Share","crew_profession_value":"1","crew_profession_months":"2","crew_profession_days":"21","crew_profession_pension_funds":"2,97"},"13":{"embarkation_port":"Genova","embarkation_date":"1853-10-31","discharge_port":"Genova","discharge_date":"1854-01-20","crew_surname":"Repetto","crew_name":"Agostino","crew_birth_location":"Camogli","crew_birth_date":"1832","crew_serial_number":"2647","crew_profession_type":"Marinaio","crew_profession_wage":"Share","crew_profession_value":"1","crew_profession_months":"2","crew_profession_days":"21","crew_profession_pension_funds":"2,97"},"14":{"embarkation_port":"Genova","embarkation_date":"1853-10-31","discharge_port":"Genova","discharge_date":"1854-01-20","crew_surname":"Ognio","crew_name":"Prospero","crew_birth_location":"Camogli","crew_birth_date":"1833","crew_serial_number":"8336","crew_profession_type":"Marinaio","crew_profession_wage":"Share","crew_profession_value":"1","crew_profession_months":"2","crew_profession_days":"21","crew_profession_pension_funds":"2,97"},"15":{"embarkation_port":"Genova","embarkation_date":"1853-10-31","discharge_port":"Genova","discharge_date":"1854-01-20","crew_surname":"Corsiglia","crew_name":"Fortunato","crew_birth_location":"Camogli","crew_birth_date":"1833","crew_serial_number":"7627","crew_profession_type":"Marinaio","crew_profession_wage":"Share","crew_profession_value":"1","crew_profession_months":"2","crew_profession_days":"21","crew_profession_pension_funds":"2,97"}},"route":{"0":{"departure_port":"Costantinopoli","departure_date":"1853-08-12"},"1":{"departure_port":"Kertch","departure_date":"1853-08-23"},"2":{"departure_port":"Berdiansk","departure_date":"1853-08-31"},"3":{"departure_port":"Costantinopoli","departure_date":"1853-09-16"},"4":{"departure_port":"Villa Franca","departure_date":"1853-10-14"},"5":{"departure_port":"Nizza","departure_date":"1853-10-31"},"6":{"departure_port":"Salonicco","departure_date":"1853-12-25"},"7":{},"8":{},"9":{},"10":{},"11":{},"12":{},"13":{},"14":{}}}}]}