﻿{"docs": [{"_id":"2018-02-27T15:30:46.728Z_3","template":"Crew List_IT","status":"Public","data":{"record_information":{"catalogue_id":"3","date_from":"2018-02-27","date_until":"2020-09-22T21:11:23","name":"Giacomo","surname":"Calcagno","role_in_project":""},"source_identity":{"archive_library":"Archivio di Stato di Genova","archive_library_location":"Genova","register_number":"14","number_of_document":"7933","date_of_document":"1861-04-06","date_of_document_to":"","issuing_authority":"Direzione marittima di Genova","issuing_authority_location":"Genova","source_type_name":"","fond_number":"","fond_title":"","fond_series_number":"","file_number":"","file_tile":"","note":"","comment":""},"ship_records":{"ship_name":"Dittatore Garibaldi","ship_type":"Brigantino","ship_tonnage":"298,45","construction_location":"Sestri Ponente","construction_location_date":"1861","ammunition_type":"","ammunition_quantity_value":"","ammunition_quantity_unit":"","registry_port":"Genova","registry_number":"2185","organization_name":"","owner_name":"Giovanni","owner_surname":"Razeto","owner_fathers_name":"Michele","note":"","comment":""},"ports_of_call":{"date_from":"1861-04-06","date_to":"1862-09-25","total_duration_months":"15","total_duration_years":"26","first_planned_destinations":"Mar Nero\nAzov","total_crew_number":"15","note":"","comment":""},"crew_list":{"0":{"embarkation_port":"Genova","embarkation_date":"1861-04-06","discharge_port":"Genova","discharge_date":"1862-09-25","crew_surname":"Razeto","crew_name":"Giovanni","crew_birth_location":"Camogli","crew_birth_date":"1823","crew_serial_number":"14682","crew_profession_type":"Capitano di seconda classe","crew_profession_wage":"Italian Lira","crew_profession_months":"15","crew_profession_days":"26","crew_profession_pension_funds":"55,53","note":"prima matricola 953"},"1":{"embarkation_port":"Genova","embarkation_date":"1861-04-06","discharge_port":"Genova","discharge_date":"1861-12-18","crew_surname":"Massa","crew_name":"Pasquale","crew_birth_location":"Foce","crew_birth_date":"1817","crew_serial_number":"3914","crew_profession_type":"Secondo","crew_profession_wage":"Italian Lira","crew_profession_value":"90","crew_profession_months":"8","crew_profession_days":"13","crew_profession_pension_funds":"12,65"},"2":{"embarkation_port":"Genova","embarkation_date":"1861-04-06","discharge_port":"Genova","discharge_date":"1861-12-18","crew_surname":"Capellino","crew_name":"Giacomo","crew_birth_location":"Sori","crew_birth_date":"1810","crew_serial_number":"1386","crew_profession_type":"Nostromo","crew_profession_wage":"Italian Lira","crew_profession_value":"75","crew_profession_months":"8","crew_profession_days":"13","crew_profession_pension_funds":"12,65"},"3":{"embarkation_port":"Genova","embarkation_date":"1861-04-06","discharge_port":"Genova","discharge_date":"1861-12-18","crew_surname":"Muzio","crew_name":"Agostino","crew_birth_location":"Lerici","crew_birth_date":"1826","crew_serial_number":"1261","crew_profession_type":"Dispensiere","crew_profession_wage":"Italian Lira","crew_profession_value":"70","crew_profession_months":"8","crew_profession_days":"13","crew_profession_pension_funds":"9,28"},"4":{"embarkation_port":"Genova","embarkation_date":"1861-04-06","discharge_port":"Genova","discharge_date":"1861-12-18","crew_surname":"Gagliardi","crew_name":"Luigi","crew_birth_location":"Chiavari","crew_birth_date":"1840","crew_serial_number":"7043","crew_profession_type":"Marinaio","crew_profession_wage":"Italian Lira","crew_profession_value":"60","crew_profession_months":"8","crew_profession_days":"13","crew_profession_pension_funds":"9,28"},"5":{"embarkation_port":"Genova","embarkation_date":"1861-04-06","discharge_port":"Genova","discharge_date":"1861-04-06","crew_surname":"Mezzano","crew_name":"Filippo","crew_birth_location":"Nervi","crew_birth_date":"1838","crew_serial_number":"10066","crew_profession_type":"Marinaio","crew_profession_wage":"Italian Lira","crew_profession_value":"60"},"6":{"embarkation_port":"Genova","embarkation_date":"1861-04-06","discharge_port":"Genova","discharge_date":"1861-04-06","crew_surname":"Cortese","crew_name":"Alessio Giuseppe","crew_birth_location":"Varazze","crew_birth_date":"1841","crew_serial_number":"4623","crew_profession_type":"Marinaio","crew_profession_wage":"Italian Lira","crew_profession_value":"60"},"7":{"embarkation_port":"Genova","embarkation_date":"1861-04-06","discharge_port":"Genova","discharge_date":"1861-12-18","crew_surname":"Bruzzo","crew_name":"Prospero Domenico","crew_birth_location":"Diano","crew_birth_date":"1841","crew_serial_number":"2365","crew_profession_type":"Marinaio","crew_profession_wage":"Italian Lira","crew_profession_value":"60","crew_profession_months":"8","crew_profession_days":"13","crew_profession_pension_funds":"9,28"},"8":{"embarkation_port":"Genova","embarkation_date":"1861-04-06","discharge_port":"Genova","discharge_date":"1861-12-18","crew_surname":"Magrini","crew_name":"Prospero Domenico","crew_birth_location":"Venezia","crew_birth_date":"1832","crew_serial_number":"permesso","crew_profession_type":"Marinaio","crew_profession_wage":"Italian Lira","crew_profession_value":"60","crew_profession_months":"8","crew_profession_days":"13","crew_profession_pension_funds":"9,28"},"9":{"embarkation_port":"Genova","embarkation_date":"1861-04-06","discharge_port":"Genova","discharge_date":"1861-12-18","crew_surname":"Carniglia","crew_name":"Francesco","crew_birth_location":"Napoli","crew_birth_date":"1836","crew_serial_number":"permesso","crew_profession_type":"Marinaio","crew_profession_wage":"Italian Lira","crew_profession_value":"60","crew_profession_months":"8","crew_profession_days":"13","crew_profession_pension_funds":"9,28"},"10":{"embarkation_port":"Genova","embarkation_date":"1861-04-06","discharge_port":"Genova","discharge_date":"1861-12-18","crew_surname":"Faridone","crew_name":"Francesco","crew_birth_location":"Lerici","crew_birth_date":"1844","crew_serial_number":"3783","crew_profession_type":"Giovinetto","crew_profession_wage":"Italian Lira","crew_profession_value":"45","crew_profession_months":"8","crew_profession_days":"13","crew_profession_pension_funds":"9,28"},"11":{"embarkation_port":"Genova","embarkation_date":"1861-04-06","discharge_port":"Genova","discharge_date":"1861-12-18","crew_surname":"Capellino","crew_name":"Gio.Batta","crew_birth_location":"Sori","crew_birth_date":"1846","crew_serial_number":"17315","crew_profession_type":"Mozzo","crew_profession_wage":"Italian Lira","crew_profession_value":"15","crew_profession_months":"8","crew_profession_days":"13","crew_profession_pension_funds":"9,28"},"12":{"embarkation_port":"Genova","embarkation_date":"1861-04-06","discharge_port":"Genova","discharge_date":"1861-12-18","crew_surname":"Parodi","crew_name":"Pietro","crew_birth_location":"Genova","crew_birth_date":"1845","crew_serial_number":"17003","crew_profession_type":"Mozzo","crew_profession_wage":"Italian Lira","crew_profession_value":"15","crew_profession_months":"8","crew_profession_days":"13","crew_profession_pension_funds":"9,28"},"13":{"embarkation_port":"Genova","embarkation_date":"1861-04-06","discharge_port":"Genova","discharge_date":"1861-04-06","crew_surname":"Valle","crew_name":"Antonio","crew_birth_location":"Sori","crew_birth_date":"1839","crew_serial_number":"12784","crew_profession_type":"Marinaio","crew_profession_wage":"Italian Lira","crew_profession_value":"60"},"14":{"embarkation_port":"Genova","embarkation_date":"1861-04-06","discharge_port":"Genova","discharge_date":"1861-12-18","crew_surname":"Badino","crew_name":"Luigi","crew_birth_location":"Genova","crew_birth_date":"1837","crew_serial_number":"permesso","crew_profession_type":"Marinaio","crew_profession_wage":"Italian Lira","crew_profession_months":"8","crew_profession_days":"13","crew_profession_pension_funds":"9,28"},"15":{"embarkation_port":"Genova","embarkation_date":"1861-04-06","discharge_port":"Genova","discharge_date":"1861-12-18","crew_surname":"Merani","crew_name":"Gio.Batta","crew_birth_location":"Bonasola","crew_birth_date":"1839","crew_serial_number":"3253","crew_profession_type":"Marinaio","crew_profession_wage":"Italian Lira","crew_profession_value":"60","crew_profession_months":"8","crew_profession_days":"13","crew_profession_pension_funds":"9,28"},"16":{"embarkation_port":"Genova","embarkation_date":"1861-04-06","discharge_port":"Genova","discharge_date":"1862-09-25","crew_surname":"Olivari","crew_name":"Gio.Batta","crew_birth_location":"Camogli","crew_birth_date":"1810","crew_serial_number":"1035","crew_profession_type":"Marinaio","crew_profession_wage":"Italian Lira","crew_profession_value":"130","crew_profession_months":"15","crew_profession_days":"26","crew_profession_pension_funds":"17,45"},"17":{"embarkation_port":"Genova","embarkation_date":"1861-04-06","discharge_port":"Genova","discharge_date":"1861-12-18","crew_surname":"Dini","crew_name":"Domenico Gio.Batta","crew_birth_location":"Lerici","crew_birth_date":"1834","crew_serial_number":"2279","crew_profession_type":"Marinaio","crew_profession_wage":"Italian Lira","crew_profession_value":"60","crew_profession_months":"8","crew_profession_days":"13","crew_profession_pension_funds":"9,28"},"18":{"embarkation_port":"Genova","embarkation_date":"1862-02-12","discharge_port":"Genova","discharge_date":"1862-09-25","crew_surname":"Razeto","crew_name":"Luigi","crew_birth_location":"Genova","crew_birth_date":"1838","crew_serial_number":"10153","crew_profession_type":"Secondo","crew_profession_wage":"Italian Lira","crew_profession_value":"90","crew_profession_months":"7","crew_profession_days":"13","crew_profession_pension_funds":"11,15"},"19":{"embarkation_port":"Genova","embarkation_date":"1862-02-12","discharge_port":"Genova","discharge_date":"1862-09-25","crew_surname":"Potestà","crew_name":"Angelo","crew_birth_location":"Savona","crew_birth_date":"1829","crew_serial_number":"93","crew_profession_type":"Nostromo","crew_profession_wage":"Italian Lira","crew_profession_value":"80","crew_profession_months":"7","crew_profession_days":"13","crew_profession_pension_funds":"11,15"},"20":{"embarkation_port":"Genova","embarkation_date":"1862-02-12","discharge_port":"Genova","discharge_date":"1862-09-25","crew_surname":"Rossi","crew_name":"Carlo","crew_birth_location":"Genova","crew_birth_date":"1835","crew_serial_number":"permesso","crew_profession_type":"Maestro Falegname","crew_profession_wage":"Italian Lira","crew_profession_value":"60","crew_profession_months":"7","crew_profession_days":"13","crew_profession_pension_funds":"8,18"},"21":{"embarkation_port":"Genova","embarkation_date":"1862-02-12","discharge_port":"Genova","discharge_date":"1862-09-25","crew_surname":"Lavagnino","crew_name":"Giacomo","crew_birth_location":"Genova","crew_birth_date":"1840","crew_serial_number":"12451","crew_profession_type":"Marinaio","crew_profession_wage":"Italian Lira","crew_profession_value":"60","crew_profession_months":"7","crew_profession_days":"13","crew_profession_pension_funds":"8,18"},"22":{"embarkation_port":"Genova","embarkation_date":"1862-02-12","discharge_port":"Genova","discharge_date":"1862-09-25","crew_surname":"Lavagnino","crew_name":"Giacomo","crew_birth_location":"Genova","crew_birth_date":"1830","crew_serial_number":"1600","crew_profession_type":"Marinaio","crew_profession_wage":"Italian Lira","crew_profession_value":"60","crew_profession_months":"7","crew_profession_days":"13","crew_profession_pension_funds":"8,18"},"23":{"embarkation_port":"Genova","embarkation_date":"1862-02-12","discharge_port":"Genova","discharge_date":"1862-09-25","crew_surname":"Dagnino","crew_name":"Giuseppe","crew_birth_location":"Genova","crew_birth_date":"1833","crew_serial_number":"7656","crew_profession_type":"Marinaio","crew_profession_wage":"Italian Lira","crew_profession_value":"60","crew_profession_months":"7","crew_profession_days":"13","crew_profession_pension_funds":"8,18"},"24":{"embarkation_port":"Genova","embarkation_date":"1862-02-12","discharge_port":"Genova","discharge_date":"1862-09-25","crew_surname":"Monti","crew_name":"Luigi","crew_birth_location":"Cagliari","crew_birth_date":"1838","crew_serial_number":"1502","crew_profession_type":"Marinaio","crew_profession_wage":"Italian Lira","crew_profession_value":"60","crew_profession_months":"7","crew_profession_days":"13","crew_profession_pension_funds":"8,18"},"25":{"embarkation_port":"Genova","embarkation_date":"1862-02-12","discharge_port":"Genova","discharge_date":"1862-09-25","crew_surname":"Costa","crew_name":"Gio.Batta","crew_birth_location":"Genova","crew_birth_date":"1839","crew_serial_number":"10930","crew_profession_type":"Marinaio","crew_profession_wage":"Italian Lira","crew_profession_value":"60","crew_profession_months":"7","crew_profession_days":"13","crew_profession_pension_funds":"8,18"},"26":{"embarkation_port":"Genova","embarkation_date":"1862-02-12","discharge_port":"Genova","discharge_date":"1862-09-25","crew_surname":"Remaggi","crew_name":"Gerolamo","crew_birth_location":"Genova","crew_birth_date":"1835","crew_serial_number":"10454","crew_profession_type":"Marinaio","crew_profession_wage":"Italian Lira","crew_profession_value":"60","crew_profession_months":"7","crew_profession_days":"13","crew_profession_pension_funds":"8,18"},"27":{"embarkation_port":"Genova","embarkation_date":"1862-02-12","discharge_port":"Genova","discharge_date":"1862-09-25","crew_surname":"Vinciguerra","crew_name":"Giacomo","crew_birth_location":"Spezia","crew_birth_date":"1842","crew_serial_number":"4324","crew_profession_type":"Mozzo","crew_profession_wage":"Italian Lira","crew_profession_value":"40","crew_profession_months":"7","crew_profession_days":"13","crew_profession_pension_funds":"8,18"},"28":{"embarkation_port":"Genova","embarkation_date":"1862-02-12","discharge_port":"Genova","discharge_date":"1862-09-25","crew_surname":"Olivari","crew_birth_location":"Genova","crew_birth_date":"1849","crew_serial_number":"12856","crew_profession_type":"Mozzo","crew_profession_wage":"Italian Lira","crew_profession_value":"15","crew_profession_months":"7","crew_profession_days":"13","crew_profession_pension_funds":"5,95"},"29":{},"30":{},"31":{},"32":{},"33":{},"34":{},"35":{}},"route":{"0":{"departure_port":"Costantinopoli","departure_date":"1861-05-09"},"1":{"departure_port":"Kertch","departure_date":"1861-05-21"},"2":{"departure_port":"Berdyansk","departure_date":"1861-06-23"},"3":{"departure_port":"Costantinopoli","departure_date":"1861-07-5"},"4":{"departure_port":"Malta","departure_date":"1861-07-22"},"5":{"departure_port":"Limerick","departure_date":"1861-10-17"},"6":{"departure_port":"Cardiff","departure_date":"1861-11-02"},"7":{"departure_port":"Tolone","departure_date":"1861-12-11"},"8":{"departure_port":"Genova","departure_date":"1862-02-13"},"9":{"departure_port":"Messina","departure_date":"1862-03-17"},"10":{"departure_port":"Costantinopoli","departure_date":"1862-03-31"},"11":{"departure_port":"Odessa","departure_date":"1862-05-01"},"12":{"departure_port":"Malta","departure_date":"1862-05-26"},"13":{"departure_port":"Costantinopoli","departure_date":"1862-05-07"},"14":{"departure_port":"Falmouth","departure_date":"1862-07-14"},"15":{"departure_port":"Londra","departure_date":"1862-08-12"},"16":{"departure_port":"Hartlepool","departure_date":"1862-08-23"},"17":{},"18":{},"19":{},"20":{},"21":{},"22":{},"23":{},"24":{}}}}]}