﻿{"docs": [{"_id":"2018-02-28T14:24:28.683Z_4","template":"Crew List_IT","status":"Public","data":{"record_information":{"catalogue_id":"4","date_from":"2018-02-28","date_until":"2019-08-29T11:47:37","name":"Maurizio","surname":"Antinori","role_in_project":""},"source_identity":{"archive_library":"Archivio di Stato di Genova","archive_library_location":"Genova","register_number":"14","number_of_document":"6800","date_of_document":"1861-01-31","issuing_authority":"Direzione Marittima di Genova","issuing_authority_location":"Genova","note":"","comment":""},"ship_records":{"ship_name":"Ulisse","ship_type":"Brigantino","ship_tonnage":"203,55","construction_location":"Varazze","construction_location_date":"1855","ammunition_type":"","ammunition_quantity_value":"","ammunition_quantity_unit":"","registry_port":"Genova","registry_number":"1738","owner_name":"Ferrari","owner_surname":"Giovanni Battista","owner_fathers_name":"","note":"","comment":""},"ports_of_call":{"date_from":"1861-1-31","date_to":"1862-1-22","total_duration_months":"11","total_duration_years":"24","first_planned_destinations":"Danubio","total_crew_number":"10","note":"","comment":""},"crew_list":{"0":{"embarkation_port":"Genova","embarkation_date":"1861-1-31","discharge_port":"Genova","discharge_date":"1862-1-22","crew_surname":"Pace","crew_name":"Giuseppe","crew_birth_location":"Camogli","crew_birth_date":"1827","crew_serial_number":"2825","crew_profession_type":"Capitano di seconda classe","crew_profession_wage":"Italian Lira","crew_profession_value":"100","crew_profession_months":"11","crew_profession_days":"24","crew_profession_pension_funds":"41,30"},"1":{"embarkation_port":"Genova","embarkation_date":"1861-1-31","discharge_port":"Genova","discharge_date":"1862-1-22","crew_surname":"Chiesa","crew_name":"Carlo","crew_birth_location":"Camogli","crew_birth_date":"1831","crew_serial_number":"2938","crew_profession_type":"Secondo","crew_profession_wage":"Italian Lira","crew_profession_value":"90","crew_profession_months":"11","crew_profession_days":"24","crew_profession_pension_funds":"17,70"},"2":{"embarkation_port":"Genova","embarkation_date":"1861-1-31","discharge_port":"Genova","discharge_date":"1862-1-22","crew_surname":"Solari","crew_name":"Giacomo","crew_birth_location":"San Lorenzo","crew_birth_date":"1831","crew_serial_number":"6574","crew_profession_type":"Dispensiere","crew_profession_wage":"Italian Lira","crew_profession_value":"64","crew_profession_months":"11","crew_profession_days":"24","crew_profession_pension_funds":"12,98"},"3":{"embarkation_port":"Genova","embarkation_date":"1861-1-31","discharge_port":"Genova","discharge_date":"1862-1-22","crew_surname":"Solimano","crew_name":"Antonio","crew_birth_location":"San Lorenzo","crew_birth_date":"1841","crew_serial_number":"6399","crew_profession_type":"Marinaio","crew_profession_wage":"Italian Lira","crew_profession_value":"54","crew_profession_months":"11","crew_profession_days":"24","crew_profession_pension_funds":"12,98"},"4":{"embarkation_port":"Genova","embarkation_date":"1861-1-31","discharge_port":"Genova","discharge_date":"1862-1-22","crew_surname":"Rapelo","crew_name":"Gerolamo","crew_birth_location":"Santa Margherita","crew_birth_date":"1833","crew_serial_number":"4663","crew_profession_type":"Marinaio","crew_profession_wage":"Italian Lira","crew_profession_value":"54","crew_profession_months":"11","crew_profession_days":"24","crew_profession_pension_funds":"12,98"},"5":{"embarkation_port":"Genova","embarkation_date":"1861-1-31","discharge_port":"Genova","discharge_date":"1862-1-22","crew_surname":"Repetto","crew_name":"Paolo","crew_birth_location":"Camogli","crew_birth_date":"1840","crew_serial_number":"11269","crew_profession_type":"Marinaio","crew_profession_wage":"Italian Lira","crew_profession_value":"54","crew_profession_months":"11","crew_profession_days":"24","crew_profession_pension_funds":"12,98"},"6":{"embarkation_port":"Genova","embarkation_date":"1861-1-31","discharge_port":"Genova","discharge_date":"1862-1-22","crew_surname":"Rosa","crew_name":"Giovinale","crew_birth_location":"Porto Venere","crew_birth_date":"1835","crew_serial_number":"2762","crew_profession_type":"Marinaio","crew_profession_wage":"Italian Lira","crew_profession_value":"54","crew_profession_months":"11","crew_profession_days":"24","crew_profession_pension_funds":"12,98"},"7":{"embarkation_port":"Genova","embarkation_date":"1861-1-31","discharge_port":"Genova","discharge_date":"1862-1-22","crew_surname":"Simonetti","crew_name":"Biagio","crew_birth_location":"Camogli","crew_birth_date":"1844","crew_serial_number":"11939","crew_profession_type":"Mozzo","crew_profession_wage":"Italian Lira","crew_profession_value":"50","crew_profession_months":"11","crew_profession_days":"24","crew_profession_pension_funds":"12,98"},"8":{"embarkation_port":"Genova","embarkation_date":"1861-1-31","discharge_port":"Genova","discharge_date":"1862-1-22","crew_surname":"Pace","crew_name":"Luigi","crew_birth_location":"Camogli","crew_birth_date":"1849","crew_serial_number":"16219","crew_profession_type":"Mozzo","crew_profession_wage":"Italian Lira","crew_profession_value":"50","crew_profession_months":"11","crew_profession_days":"24","crew_profession_pension_funds":"9,44"},"9":{"embarkation_port":"Genova","embarkation_date":"1861-1-31","discharge_port":"Genova","discharge_date":"1862-1-22","crew_surname":"Mortola","crew_name":"Francesco","crew_birth_location":"Camogli","crew_birth_date":"1842","crew_serial_number":"11405","crew_profession_type":"Marinaio","crew_profession_wage":"Italian Lira","crew_profession_value":"54","crew_profession_months":"11","crew_profession_days":"24","crew_profession_pension_funds":"12,98"},"10":{},"11":{},"12":{},"13":{},"14":{}},"route":{"0":{"departure_port":"Genova","departure_date":"1861-01-31"},"1":{"departure_port":"Costantinopoli","departure_date":"1861-4-5"},"2":{"departure_port":"Sulina","departure_date":"1861-4-27"},"3":{"departure_port":"Galatz","departure_date":"1861-5-18"},"4":{"departure_port":"Sulina","departure_date":"1861-5-24"},"5":{"departure_port":"Costantinopoli","departure_date":"1861-5-31"},"6":{"departure_port":"Malta","departure_date":"1861-6-25"},"7":{"departure_port":"Cork","departure_date":"1861-6-30"},"8":{"departure_port":"Limerick","departure_date":"1861-9-18"},"9":{"departure_port":"Swansea","departure_date":"1861-10-26"},"10":{"departure_port":"Villafranca","departure_date":"1861-1-16"},"11":{"arrival_port":"Genova","arrival_date":"1862-1-22"},"12":{},"13":{},"14":{}}}}]}