﻿{"docs": [{"_id":"2018-02-27T13:17:37.457Z_1","template":"Crew List_IT","status":"Public","data":{"record_information":{"catalogue_id":"1","date_from":"2018-02-27","date_until":"2020-07-16T14:26:30","name":"Beatrice","surname":"Corradi","role_in_project":""},"source_identity":{"archive_library":"Archivio di stato","archive_library_location":"Genova","register_number":"14","number_of_document":"6746","date_of_document":"1861-01-22","date_of_document_to":"","issuing_authority":"Direzione marittima","issuing_authority_location":"Genova","source_type_name":"","fond_number":"","fond_title":"","fond_series_number":"","file_number":"","file_tile":"","note":"","comment":""},"ship_records":{"ship_name":"Giovanni","ship_type":"brigantino","ship_tonnage":"226","construction_location":"Savona","construction_location_date":"1857","ammunition_type":"","ammunition_quantity_value":"","ammunition_quantity_unit":"","registry_port":"Genova","registry_number":"1884","organization_name":"","owner_name":"Pellegro","owner_surname":"Schiaffino","owner_fathers_name":"","note":"","comment":""},"ports_of_call":{"date_from":"1861-01-11","date_to":"1862-03-07","total_duration_months":"19","total_duration_years":"13","first_planned_destinations":"Mar Nero Danubio","total_crew_number":"12","note":"","comment":""},"crew_list":{"0":{"embarkation_port":"Genova","embarkation_date":"1861-01-22","discharge_port":"Livorno","discharge_date":"1861-04-10","crew_surname":"Schiaffino","crew_name":"Pellegro","crew_birth_location":"Camogli","crew_birth_date":"1825","crew_serial_number":"9468","crew_profession_type":"Capitano di Seconda classe","crew_profession_wage":"Italian Lira","crew_profession_months":"8","crew_profession_days":"13","crew_profession_pension_funds":"29,12"},"1":{"embarkation_port":"Genova","embarkation_date":"1861-01-22","discharge_port":"Livorno","discharge_date":"1861-09-18","crew_surname":"Figari","crew_name":"Giacomo","crew_birth_location":"Camogli","crew_birth_date":"1835","crew_serial_number":"9273","crew_profession_type":"Dispensiere","crew_profession_wage":"Italian Lira","crew_profession_value":"74","crew_profession_months":"7","crew_profession_days":"27","crew_profession_pension_funds":"8,69"},"2":{"embarkation_port":"Genova","embarkation_date":"1861-01-22","discharge_port":"Marsiglia","discharge_date":"1862-01-24","crew_surname":"Cavallo","crew_name":"Gaetano","crew_birth_location":"Genova","crew_birth_date":"1839","crew_serial_number":"12573","crew_profession_type":"Secondo","crew_profession_wage":"Italian Lira","crew_profession_value":"90","crew_profession_months":"12","crew_profession_days":"3","crew_profession_pension_funds":"18,5"},"3":{"embarkation_port":"Genova","embarkation_date":"1861-01-22","discharge_port":"Livorno","discharge_date":"1861-09-18","crew_surname":"Laviosa","crew_name":"Biaggio","crew_birth_location":"Camogli","crew_birth_date":"1840","crew_serial_number":"11246","crew_profession_type":"Marinaio","crew_profession_wage":"Italian Lira","crew_profession_value":"60","crew_profession_months":"7","crew_profession_days":"27","crew_profession_pension_funds":"8,69"},"4":{"embarkation_port":"Genova","embarkation_date":"1861-01-22","discharge_port":"Marsiglia","discharge_date":"1861-05-27","crew_surname":"Molinari","crew_name":"Santo","crew_birth_location":"Voltri","crew_birth_date":"1836","crew_serial_number":"11056","crew_profession_type":"Marinaio","crew_profession_wage":"Italian Lira","crew_profession_value":"60","crew_profession_months":"4","crew_profession_days":"6","crew_profession_pension_funds":"4,69"},"5":{"embarkation_port":"Genova","embarkation_date":"1861-01-22","discharge_port":"Marsiglia","discharge_date":"1861-04-16","crew_surname":"Mori","crew_name":"Biaggio","crew_birth_location":"Camogli","crew_birth_date":"1834","crew_serial_number":"8673","crew_profession_type":"Marinaio","crew_profession_wage":"Italian Lira","crew_profession_value":"60","crew_profession_months":"4","crew_profession_days":"6","crew_profession_pension_funds":"4,69"},"6":{"embarkation_port":"Genova","embarkation_date":"1861-01-22","discharge_port":"Genova","discharge_date":"1862-09-24","crew_surname":"Marciani","crew_name":"Fortunato","crew_birth_location":"Camogli","crew_birth_date":"1835","crew_serial_number":"8021","crew_profession_type":"Nostromo","crew_profession_wage":"Italian Lira","crew_profession_value":"80","crew_profession_months":"19","crew_profession_days":"13","crew_profession_pension_funds":"29,69"},"7":{"embarkation_port":"Genova","embarkation_date":"1861-01-22","discharge_port":"Livorno","discharge_date":"1861-09-18","crew_surname":"Peragallo","crew_name":"Giobatta","crew_birth_location":"Camogli","crew_birth_date":"1841","crew_serial_number":"11724","crew_profession_type":"Marinaio","crew_profession_wage":"Italian Lira","crew_profession_value":"60","crew_profession_months":"7","crew_profession_days":"27","crew_profession_pension_funds":"8,69"},"8":{"embarkation_port":"Genova","embarkation_date":"1861-01-22","discharge_port":"Livorno","discharge_date":"1861-09-18","crew_surname":"Mortola","crew_name":"Fortunato","crew_birth_location":"Camogli","crew_birth_date":"1845","crew_serial_number":"14527","crew_profession_type":"Mozzo","crew_profession_wage":"Italian Lira","crew_profession_value":"30","crew_profession_months":"7","crew_profession_days":"27","crew_profession_pension_funds":"8,69"},"9":{"embarkation_port":"Genova","embarkation_date":"1861-01-22","discharge_port":"Livorno","discharge_date":"1861-09-18","crew_surname":"Marciani","crew_name":"Luigi","crew_birth_location":"Camogli","crew_birth_date":"1848","crew_serial_number":"16550","crew_profession_type":"Mozzo","crew_profession_wage":"Italian Lira","crew_profession_value":"15","crew_profession_months":"7","crew_profession_days":"27","crew_profession_pension_funds":"6,32"},"10":{"embarkation_port":"Genova","embarkation_date":"1861-01-22","discharge_port":"Livorno","discharge_date":"1861-09-18","crew_surname":"Savarello","crew_name":"Giuseppe","crew_birth_location":"Camogli","crew_birth_date":"1845","crew_serial_number":"14540","crew_profession_type":"Mozzo","crew_profession_wage":"Italian Lira","crew_profession_value":"40","crew_profession_months":"7","crew_profession_days":"27","crew_profession_pension_funds":"8,69"},"11":{"embarkation_port":"Genova","embarkation_date":"1861-01-22","discharge_port":"Livorno","discharge_date":"1861-09-18","crew_surname":"Moffino","crew_name":"Prospero","crew_birth_location":"Camogli","crew_birth_date":"1851","crew_serial_number":"17035","crew_profession_type":"Mozzo","crew_profession_wage":"Italian Lira","crew_profession_value":"10","crew_profession_months":"19","crew_profession_days":"13","crew_profession_pension_funds":"15,55"},"12":{"embarkation_port":"Marsiglia","embarkation_date":"1861-05-27","discharge_port":"Livorno","discharge_date":"1861-09-18","crew_surname":"Schiappacasse","crew_name":"Francesco","crew_birth_location":"Livorno","crew_birth_date":"1834","crew_serial_number":"268","crew_profession_type":"Marinaio","crew_profession_wage":"Italian Lira","crew_profession_value":"60","crew_profession_months":"3","crew_profession_days":"22","crew_profession_pension_funds":"4,11"},"13":{"embarkation_port":"Marsiglia","embarkation_date":"1861-05-27","discharge_port":"Costantinopoli","discharge_date":"1861-08-20","crew_surname":"Cherubini","crew_name":"Mariano","crew_birth_location":"Ancona","crew_birth_date":"1836","crew_serial_number":"979","crew_profession_type":"Marinaio","crew_profession_wage":"Italian Lira","crew_profession_value":"60","crew_profession_months":"2","crew_profession_days":"24","crew_profession_pension_funds":"3,8"},"14":{"embarkation_port":"Livorno","embarkation_date":"1861-10-18","discharge_port":"Marsiglia","discharge_date":"1862-01-11","crew_surname":"Schiaffino","crew_name":"Lorenzo","crew_birth_location":"Camogli","crew_birth_date":"1822","crew_serial_number":"276","crew_profession_type":"Capitano di Seconda classe","crew_profession_wage":"Italian Lira","crew_profession_value":"100","crew_profession_months":"11","crew_profession_days":"21","crew_profession_pension_funds":"40,91"},"15":{"embarkation_port":"Livorno","embarkation_date":"1861-10-18","discharge_port":"Marsiglia","discharge_date":"1862-01-11","crew_surname":"Ageno","crew_name":"Stefano","crew_birth_location":"Recco","crew_birth_date":"1824","crew_serial_number":"1221","crew_profession_type":"Dispensiere","crew_profession_wage":"Italian Lira","crew_profession_value":"70","crew_profession_months":"3","crew_profession_days":"3","crew_profession_pension_funds":"3,41"},"16":{"embarkation_port":"Livorno","embarkation_date":"1861-10-18","discharge_port":"Marsiglia","discharge_date":"1862-01-11","crew_surname":"Zolezzi","crew_name":"Giobatta","crew_birth_location":"Riva","crew_birth_date":"1831","crew_serial_number":"3811","crew_profession_type":"Mozzo","crew_profession_wage":"Italian Lira","crew_profession_value":"16","crew_profession_months":"3","crew_profession_days":"3","crew_profession_pension_funds":"3,41"},"17":{"embarkation_port":"Livorno","embarkation_date":"1861-10-18","discharge_port":"Marsiglia","discharge_date":"1862-01-11","crew_surname":"Sugone","crew_name":"Giuseppe","crew_birth_location":"Capraia","crew_birth_date":"1842","crew_serial_number":"318","crew_profession_type":"Mozzo","crew_profession_wage":"Italian Lira","crew_profession_value":"16","crew_profession_months":"3","crew_profession_days":"3","crew_profession_pension_funds":"3,41"},"18":{"embarkation_port":"Livorno","embarkation_date":"1861-10-09","discharge_port":"Marsiglia","discharge_date":"1862-01-11","crew_surname":"Passalacqua","crew_name":"Giobatta","crew_birth_location":"Camogli","crew_birth_date":"1817","crew_serial_number":"18","crew_profession_type":"Marinaio","crew_profession_wage":"Italian Lira","crew_profession_value":"56","crew_profession_months":"3","crew_profession_days":"3","crew_profession_pension_funds":"3,41"},"19":{"embarkation_port":"Livorno","embarkation_date":"1861-10-09","discharge_port":"Marsiglia","discharge_date":"1862-01-22","crew_surname":"Rossi","crew_name":"Giobatta","crew_birth_location":"Genova","crew_birth_date":"1841","crew_serial_number":"13223","crew_profession_type":"Marinaio","crew_profession_wage":"Italian Lira","crew_profession_value":"56","crew_profession_months":"3","crew_profession_days":"14","crew_profession_pension_funds":"3,81"},"20":{"embarkation_port":"Livorno","embarkation_date":"1861-10-09","discharge_port":"Marsiglia","discharge_date":"1862-02-02","crew_surname":"Peragallo","crew_name":"Giobatta","crew_birth_location":"Camogli","crew_birth_date":"1841","crew_serial_number":"11724","crew_profession_type":"Marinaio","crew_profession_wage":"Italian Lira","crew_profession_value":"56","crew_profession_months":"3","crew_profession_days":"23","crew_profession_pension_funds":"4,14"},"21":{"embarkation_port":"Livorno","embarkation_date":"1861-10-09","discharge_port":"Marsiglia","discharge_date":"1862-02-02","crew_surname":"Ercoles","crew_name":"Federigo","crew_birth_location":"Cattolica","crew_birth_date":"1844","crew_serial_number":"904","crew_profession_type":"Mozzo","crew_profession_wage":"Italian Lira","crew_profession_value":"0","crew_profession_months":"11","crew_profession_days":"16","crew_profession_pension_funds":"12,69"},"22":{"embarkation_port":"Livorno","embarkation_date":"1861-10-09","discharge_port":"Marsiglia","discharge_date":"1862-01-11","crew_surname":"Ageno","crew_name":"Giuseppe","crew_birth_location":"Genova","crew_birth_date":"1810","crew_serial_number":"17841","crew_profession_type":"Mozzo","crew_profession_wage":"Italian Lira","crew_profession_value":"0","crew_profession_months":"3","crew_profession_days":"3","crew_profession_pension_funds":"2,48"},"23":{"embarkation_port":"Marsiglia","embarkation_date":"1862-2-24","discharge_port":"Marsiglia","discharge_date":"1862-01-11","crew_surname":"Causi","crew_name":"Francesco","crew_birth_location":"Ruta","crew_birth_date":"1830","crew_serial_number":"3195","crew_profession_type":"Marinaio","crew_profession_wage":"Italian Lira","crew_profession_value":"54","crew_profession_months":"7","crew_profession_days":"1","crew_profession_pension_funds":"7,14"},"24":{"embarkation_port":"Marsiglia","embarkation_date":"1862-03-07","discharge_port":"Genova","discharge_date":"1862-09-24","crew_surname":"Bozzo","crew_name":"Lorenzo","crew_birth_location":"Camogli","crew_birth_date":"1844","crew_serial_number":"12107","crew_profession_type":"Marinaio","crew_profession_wage":"Italian Lira","crew_profession_value":"60","crew_profession_months":"6","crew_profession_days":"18","crew_profession_pension_funds":"7,26"},"25":{"embarkation_port":"Marsiglia","embarkation_date":"1862-03-07","discharge_port":"Genova","discharge_date":"1862-09-24","crew_surname":"Maggiolo","crew_name":"Lorenzo","crew_birth_location":"Camogli","crew_birth_date":"1840","crew_serial_number":"10497","crew_profession_type":"Marinaio","crew_profession_wage":"Italian Lira","crew_profession_value":"60","crew_profession_months":"6","crew_profession_days":"18","crew_profession_pension_funds":"7,26"},"26":{"embarkation_port":"Marsiglia","embarkation_date":"1862-03-07","discharge_port":"Genova","discharge_date":"1862-09-24","crew_surname":"Bozzo","crew_name":"Francesco","crew_birth_location":"Camogli","crew_birth_date":"1843","crew_serial_number":"19161","crew_profession_type":"Marinaio","crew_profession_wage":"Italian Lira","crew_profession_value":"60","crew_profession_months":"6","crew_profession_days":"18","crew_profession_pension_funds":"7,26"},"27":{"embarkation_port":"Marsiglia","embarkation_date":"1862-03-07","discharge_port":"Genova","discharge_date":"1862-09-24","crew_surname":"Maggiolo","crew_name":"Prospero","crew_birth_location":"Camogli","crew_birth_date":"1826","crew_serial_number":"4711","crew_profession_type":"Secondo","crew_profession_wage":"Italian Lira","crew_profession_value":"90","crew_profession_months":"6","crew_profession_days":"18","crew_profession_pension_funds":"9,90"},"28":{"embarkation_port":"Marsiglia","embarkation_date":"1862-03-07","discharge_port":"Genova","discharge_date":"1862-09-24","crew_surname":"Peragallo","crew_name":"Giobatta","crew_birth_location":"Camogli","crew_birth_date":"1841","crew_serial_number":"11724","crew_profession_type":"Marinaio","crew_profession_wage":"Italian Lira","crew_profession_value":"60","crew_profession_months":"6","crew_profession_days":"18","crew_profession_pension_funds":"7,26"},"29":{"embarkation_port":"Marsiglia","embarkation_date":"1862-03-07","discharge_port":"Genova","discharge_date":"1862-09-24","crew_surname":"Causi","crew_name":"Agostino","crew_birth_location":"Camogli","crew_birth_date":"1843","crew_serial_number":"14903","crew_profession_type":"Mozzo","crew_profession_wage":"Italian Lira","crew_profession_value":"49","crew_profession_months":"6","crew_profession_days":"18","crew_profession_pension_funds":"7,26"},"30":{"embarkation_port":"Marsiglia","embarkation_date":"1862-03-07","discharge_port":"1862-03-07","discharge_date":"1862-09-24","crew_surname":"Cavallo","crew_name":"Cavallo","crew_birth_location":"Recco","crew_birth_date":"1846","crew_serial_number":"18189","crew_profession_type":"Mozzo","crew_profession_wage":"Italian Lira","crew_profession_value":"0","crew_profession_months":"6","crew_profession_days":"18","crew_profession_pension_funds":"7,28"},"31":{"embarkation_port":"Marsiglia","embarkation_date":"1862-03-07","discharge_port":"Genova","discharge_date":"1862-09-24","crew_surname":"Badaracco","crew_name":"Badaracco","crew_birth_location":"Recco","crew_birth_date":"1848","crew_serial_number":"16143","crew_profession_type":"Giovanotto","crew_profession_wage":"Italian Lira","crew_profession_value":"0","crew_profession_months":"1","crew_profession_days":"11","crew_profession_pension_funds":"1,9"},"32":{},"33":{},"34":{},"35":{},"36":{},"37":{},"38":{}},"route":{"0":{"departure_port":"Costantinopoli","departure_date":"1861-02-12"},"1":{"departure_port":"Sulina","departure_date":"1861-02-25"},"2":{"departure_port":"Galatz","departure_date":"1861-03-11"},"3":{"departure_port":"Sulina","departure_date":"1861-04-04"},"4":{"departure_port":"Costantinopoli","departure_date":"1861-04-09"},"5":{"arrival_port":"Marsiglia","arrival_date":"1861-05-22"},"6":{"departure_port":"Marsiglia","departure_date":"1861-05-27"},"7":{"departure_port":"Costantinopoli","departure_date":"1861-07-11"},"8":{"departure_port":"Kertch","departure_date":"1861-07-18"},"9":{"departure_port":"Taganrog","departure_date":"1861-08-04"},"10":{"departure_port":"Costantinopoli","departure_date":"1861-08-20"},"11":{"departure_port":"Messina","departure_date":"1861-09-05"},"12":{"arrival_port":"Livorno","arrival_date":"1861-10-09"},"13":{"departure_port":"Livorno","departure_date":"1861-10-10"},"14":{"departure_port":"Alessandria","departure_date":"1861-11-23"},"15":{"arrival_port":"Marsiglia","arrival_date":"1862-01-11"},"16":{"departure_port":"Marsiglia","departure_date":"1862-03-07"},"17":{},"18":{},"19":{},"20":{},"21":{}}}}]}