﻿{"docs": [{"_id":"2018-02-28T14:33:37.367Z_7","template":"Crew List_IT","status":"Public","data":{"record_information":{"catalogue_id":"7","date_from":"2018-02-28","date_until":"2020-09-22T16:01:41","name":"Carolina","surname":"Gaggero","role_in_project":""},"source_identity":{"archive_library":"Archivio di Stato di Genova","archive_library_location":"Genova","register_number":"14","number_of_document":"6656","date_of_document":"1860-10-31","date_of_document_to":"","issuing_authority":"Direzione marittima di Genova","issuing_authority_location":"Genova","source_type_name":"","fond_number":"","fond_title":"","fond_series_number":"","file_number":"","file_tile":"","note":"","comment":""},"ship_records":{"ship_name":"Ligure","ship_type":"Brigantino","ship_tonnage":"274,68","construction_location":"Pra","construction_location_date":"1858","ammunition_type":"","ammunition_quantity_value":"","ammunition_quantity_unit":"","registry_port":"Genova","registry_number":"1999","organization_name":"","owner_name":"Lorenzo","owner_surname":"Mortola","owner_fathers_name":"","note":"","comment":""},"ports_of_call":{"date_from":"1860-10-31","date_to":"1861-09-25","total_duration_months":"10","total_duration_years":"20","first_planned_destinations":"Cagliari","total_crew_number":"12","note":"","comment":""},"crew_list":{"0":{"embarkation_port":"Genova","embarkation_date":"1860-10-31","discharge_port":"Livorno","discharge_date":"1861-09-25","crew_surname":"Mortola","crew_name":"Lorenzo","crew_birth_location":"Camogli","crew_birth_date":"1805","crew_serial_number":"2264","crew_profession_type":"Capitano di seconda classe","crew_profession_wage":"Italian Lira","crew_profession_months":"10","crew_profession_days":"20","crew_profession_pension_funds":"37,33"},"1":{"embarkation_port":"Genova","embarkation_date":"1860-10-31","discharge_port":"Genova","discharge_date":"1860-12-21","crew_surname":"Gafforio","crew_name":"Erasmo","crew_birth_location":"Camogli","crew_birth_date":"1810","crew_serial_number":"5301","crew_profession_type":"Secondo","crew_profession_wage":"Italian Lira","crew_profession_value":"95","crew_profession_months":"1","crew_profession_days":"22","crew_profession_pension_funds":"2,60"},"2":{"embarkation_port":"Genova","embarkation_date":"1860-10-31","discharge_port":"Livorno","discharge_date":"1861-09-25","crew_surname":"Schiaffino","crew_name":"Angelo","crew_birth_location":"Camogli","crew_birth_date":"1821","crew_serial_number":"3407","crew_profession_type":"Dispensiere","crew_profession_wage":"Italian Lira","crew_profession_value":"90","crew_profession_months":"10","crew_profession_days":"20","crew_profession_pension_funds":"11,73"},"3":{"embarkation_port":"Genova","embarkation_date":"1860-10-31","discharge_port":"Genova","discharge_date":"1860-12-21","crew_surname":"Ratto","crew_name":"Benedetto","crew_birth_location":"Camogli","crew_birth_date":"1839","crew_serial_number":"11102","crew_profession_type":"Marinaio","crew_profession_wage":"Italian Lira","crew_profession_value":"75","crew_profession_months":"1","crew_profession_days":"22","crew_profession_pension_funds":"1,91"},"4":{"embarkation_port":"Genova","embarkation_date":"1860-10-31","discharge_port":"Genova","discharge_date":"1860-12-21","crew_surname":"Picasso","crew_name":"Giobatta","crew_birth_location":"Recco","crew_birth_date":"1842","crew_serial_number":"11726","crew_profession_type":"Marinaio","crew_profession_wage":"Italian Lira","crew_profession_value":"75","crew_profession_months":"1","crew_profession_days":"22","crew_profession_pension_funds":"1,91"},"5":{"embarkation_port":"Genova","embarkation_date":"1860-10-31","discharge_port":"Genova","discharge_date":"1860-12-21","crew_surname":"Massone","crew_name":"Sebastiano","crew_birth_location":"Recco","crew_birth_date":"1842","crew_serial_number":"11812","crew_profession_type":"Marinaio","crew_profession_wage":"Italian Lira","crew_profession_value":"75","crew_profession_months":"1","crew_profession_days":"22","crew_profession_pension_funds":"1,91"},"6":{"embarkation_port":"Genova","embarkation_date":"1860-10-31","discharge_port":"Genova","discharge_date":"1860-12-21","crew_surname":"Repetto","crew_name":"Vincenzo","crew_birth_location":"Genova","crew_birth_date":"1837","crew_profession_type":"Marinaio","crew_profession_wage":"Italian Lira","crew_profession_value":"75","crew_profession_months":"1","crew_profession_days":"22","crew_profession_pension_funds":"1,91"},"7":{"embarkation_port":"Genova","embarkation_date":"1860-10-31","discharge_port":"Livorno","discharge_date":"1861-09-25","crew_surname":"Macchiavello","crew_name":"Luigi","crew_birth_location":"Bogliasco","crew_birth_date":"1845","crew_serial_number":"15519","crew_profession_type":"Mozzo","crew_profession_wage":"Italian Lira","crew_profession_value":"19","crew_profession_months":"10","crew_profession_days":"20","crew_profession_pension_funds":"8,53"},"8":{"embarkation_port":"Genova","embarkation_date":"1860-10-31","discharge_port":"Genova","discharge_date":"1860-12-21","crew_surname":"Fezzeccio","crew_name":"Antonio","crew_birth_location":"Recco","crew_birth_date":"1844","crew_serial_number":"15583","crew_profession_type":"Mozzo","crew_profession_wage":"Italian Lira","crew_profession_value":"19","crew_profession_months":"1","crew_profession_days":"22","crew_profession_pension_funds":"1,39"},"9":{"embarkation_port":"Genova","embarkation_date":"1860-10-31","discharge_port":"Genova","discharge_date":"1860-12-21","crew_surname":"Costa","crew_name":"Giuseppe","crew_birth_location":"Genova","crew_birth_date":"1835","crew_profession_type":"Marinaio","crew_profession_wage":"Italian Lira","crew_profession_value":"19","crew_profession_months":"1","crew_profession_days":"22","crew_profession_pension_funds":"1,91"},"10":{"embarkation_port":"Genova","embarkation_date":"1860-10-31","discharge_port":"Genova","discharge_date":"1860-12-21","crew_surname":"Caprile","crew_name":"Giacomo","crew_birth_location":"Rapallo","crew_birth_date":"1843","crew_serial_number":"7399","crew_profession_type":"Marinaio","crew_profession_wage":"Italian Lira","crew_profession_value":"19","crew_profession_months":"1","crew_profession_days":"22","crew_profession_pension_funds":"1,91"},"11":{"embarkation_port":"Genova","embarkation_date":"1860-10-31","discharge_port":"Genova","discharge_date":"1860-12-21","crew_surname":"Terrarossa","crew_name":"Luigi","crew_birth_location":"Recco","crew_birth_date":"1843","crew_serial_number":"14505","crew_profession_type":"Marinaio","crew_profession_wage":"Italian Lira","crew_profession_value":"75","crew_profession_months":"1","crew_profession_days":"22","crew_profession_pension_funds":"1,91"},"12":{"embarkation_port":"Genova","embarkation_date":"1860-12-06","discharge_port":"Genova","discharge_date":"1860-12-21","crew_surname":"Ansaldo","crew_name":"Filippo","crew_birth_location":"Camogli","crew_birth_date":"1847","crew_serial_number":"14737","crew_profession_type":"Mozzo","crew_profession_wage":"Italian Lira","crew_profession_days":"16","crew_profession_pension_funds":"0,43"},"13":{"embarkation_port":"Genova","embarkation_date":"1861-02-28","discharge_port":"Livorno","discharge_date":"1861-09-25","crew_surname":"Schiaffino","crew_name":"Gerolamo","crew_birth_location":"Camogli","crew_birth_date":"1836","crew_serial_number":"9412","crew_profession_type":"Secondo","crew_profession_wage":"Italian Lira","crew_profession_value":"90","crew_profession_months":"8","crew_profession_days":"28","crew_profession_pension_funds":"13,40"},"14":{"embarkation_port":"Genova","embarkation_date":"1861-02-28","discharge_port":"Livorno","discharge_date":"1861-09-25","crew_surname":"Mortola","crew_name":"Antonio","crew_birth_location":"Camogli","crew_birth_date":"1824","crew_serial_number":"2420","crew_profession_type":"Nostromo","crew_profession_wage":"Italian Lira","crew_profession_value":"80","crew_profession_months":"8","crew_profession_days":"28","crew_profession_pension_funds":"13,40"},"15":{"embarkation_port":"Genova","embarkation_date":"1861-02-28","discharge_port":"Livorno","discharge_date":"1861-09-25","crew_surname":"Caremo","crew_name":"Vittorio","crew_birth_location":"Oneglia","crew_birth_date":"1829","crew_serial_number":"2705","crew_profession_type":"Marinaio","crew_profession_wage":"Italian Lira","crew_profession_value":"60","crew_profession_months":"8","crew_profession_days":"28","crew_profession_pension_funds":"9,83"},"16":{"embarkation_port":"Genova","embarkation_date":"1861-02-28","discharge_port":"Livorno","discharge_date":"1861-09-25","crew_surname":"Figari","crew_name":"Fortunato","crew_birth_location":"Camogli","crew_birth_date":"1811","crew_serial_number":"957","crew_profession_type":"Marinaio","crew_profession_wage":"Italian Lira","crew_profession_value":"60","crew_profession_months":"8","crew_profession_days":"28","crew_profession_pension_funds":"9,83"},"17":{"embarkation_port":"Genova","embarkation_date":"1861-02-28","discharge_port":"Livorno","discharge_date":"1861-09-25","crew_surname":"Oneto","crew_name":"Agostino","crew_birth_location":"Camogli","crew_birth_date":"1842","crew_serial_number":"12140","crew_profession_type":"Marinaio","crew_profession_wage":"Italian Lira","crew_profession_value":"60","crew_profession_months":"8","crew_profession_days":"28","crew_profession_pension_funds":"9,83"},"18":{"embarkation_port":"Genova","embarkation_date":"1861-02-28","discharge_port":"Livorno","discharge_date":"1861-09-25","crew_surname":"Mortola","crew_name":"Giobatta","crew_birth_location":"Camogli","crew_birth_date":"1840","crew_serial_number":"12433","crew_profession_type":"Marinaio","crew_profession_wage":"Italian Lira","crew_profession_value":"60","crew_profession_months":"8","crew_profession_days":"28","crew_profession_pension_funds":"9,83"},"19":{"embarkation_port":"Genova","embarkation_date":"1861-02-28","discharge_port":"Livorno","discharge_date":"1861-09-25","crew_surname":"Gazzale","crew_name":"Luigi","crew_birth_location":"Camogli","crew_birth_date":"1842","crew_serial_number":"14102","crew_profession_type":"Marinaio","crew_profession_wage":"Italian Lira","crew_profession_value":"60","crew_profession_months":"8","crew_profession_days":"28","crew_profession_pension_funds":"9,83"},"20":{"embarkation_port":"Genova","embarkation_date":"1861-02-28","discharge_port":"Livorno","discharge_date":"1861-09-25","crew_surname":"Olivari","crew_name":"Angelo","crew_birth_location":"Camogli","crew_birth_date":"1847","crew_serial_number":"15411","crew_profession_type":"Mozzo","crew_profession_wage":"Italian Lira","crew_profession_value":"20","crew_profession_months":"8","crew_profession_days":"28","crew_profession_pension_funds":"7,15"},"21":{"embarkation_port":"Genova","embarkation_date":"1861-02-28","discharge_port":"Livorno","discharge_date":"1861-09-25","crew_surname":"Schiaffino","crew_name":"Prospero","crew_birth_location":"Camogli","crew_serial_number":"17204","crew_profession_type":"Mozzo","crew_profession_wage":"Italian Lira","crew_profession_value":"15","crew_profession_months":"8","crew_profession_days":"28","crew_profession_pension_funds":"7,15"},"22":{"embarkation_port":"Genova","embarkation_date":"1861-02-28","discharge_port":"Livorno","discharge_date":"1861-09-25","crew_surname":"Bertolotti","crew_name":"Alessandro","crew_birth_location":"Levanto","crew_birth_date":"1841","crew_serial_number":"4236","crew_profession_type":"Marinaio","crew_profession_wage":"Italian Lira","crew_profession_value":"60","crew_profession_months":"8","crew_profession_days":"28","crew_profession_pension_funds":"9,83"},"23":{}},"route":{"0":{"departure_port":"Genova","departure_date":"1860-10-31"},"1":{"departure_port":"Cagliari","departure_date":"1860-12-06"},"2":{"departure_port":"Genova","departure_date":"1861-02-28"},"3":{"departure_port":"Costantinopoli","departure_date":"1861-03-20"},"4":{"departure_port":"Sulina","departure_date":"1861-03-23"},"5":{"departure_port":"Galatz","departure_date":"1861-05-04"},"6":{"departure_port":"Sulina","departure_date":"1861-05-15"},"7":{"departure_port":"Costantinopoli","departure_date":"1861-05-21"},"8":{"departure_port":"Malta","departure_date":"1861-06-06"},"9":{"departure_port":"Queenstown","departure_date":"1861-07-27"},"10":{"departure_port":"Swansea","departure_date":"1861-08-16"},"11":{"departure_port":"Alessandria"},"12":{},"13":{},"14":{}}}}]}