﻿{"docs": [{"_id":"2018-02-27T16:49:42.221Z_6","template":"Crew List_IT","status":"Public","data":{"record_information":{"catalogue_id":"6","date_from":"2018-02-27","date_until":"2019-08-29T11:46:46","name":"Carolina","surname":"Gaggero","role_in_project":""},"source_identity":{"archive_library":"Archivio di Stato di Genova","archive_library_location":"Genova","register_number":"14","number_of_document":"6605","date_of_document":"1860-10-11","issuing_authority":"Direzione marittima di Genova","issuing_authority_location":"Genova","note":"","comment":""},"ship_records":{"ship_name":"Nostra Signora dell`Orto","ship_type":"Brigantino","ship_tonnage":"163,52","construction_location":"Varazze","construction_location_date":"1845","ammunition_type":"","ammunition_quantity_value":"","ammunition_quantity_unit":"","registry_port":"Genova","registry_number":"961","owner_name":"Prospero","owner_surname":"Schiaffino","owner_fathers_name":"Rocco","note":"","comment":""},"ports_of_call":{"date_from":"1860-10-11","date_to":"1862-02-09","total_duration_months":"12","total_duration_years":"3","first_planned_destinations":"Cagliari","total_crew_number":"9","note":"","comment":""},"crew_list":{"0":{"embarkation_port":"Genova","embarkation_date":"1860-10-11","discharge_port":"Genova","discharge_date":"1860-09-16","crew_surname":"Bozzo","crew_name":"Benedetto","crew_birth_location":"Camogli","crew_birth_date":"1822","crew_serial_number":"2511","crew_profession_type":"Capitano di seconda classe","crew_profession_wage":"Italian Lira","crew_profession_months":"1","crew_profession_days":"6","crew_profession_pension_funds":"4,20"},"1":{"embarkation_port":"Genova","embarkation_date":"1860-10-11","discharge_port":"Genova","discharge_date":"1860-09-16","crew_surname":"Verrura","crew_name":"Giobatta","crew_birth_location":"Camogli","crew_birth_date":"1815","crew_serial_number":"4115","crew_profession_type":"Secondo","crew_profession_wage":"Italian Lira","crew_profession_value":"105","crew_profession_months":"1","crew_profession_days":"6","crew_profession_pension_funds":"1,80"},"2":{"embarkation_port":"Genova","embarkation_date":"1860-10-11","discharge_port":"Genova","discharge_date":"1860-09-16","crew_surname":"Vallebona","crew_name":"Paolo","crew_birth_location":"Sori","crew_birth_date":"1805","crew_serial_number":"3446","crew_profession_type":"Marinaio","crew_profession_wage":"Italian Lira","crew_profession_value":"70","crew_profession_months":"1","crew_profession_days":"6","crew_profession_pension_funds":"1,32"},"3":{"embarkation_port":"Genova","embarkation_date":"1860-10-11","discharge_port":"Genova","discharge_date":"1860-09-16","crew_surname":"Machiavello","crew_name":"Bartolomeo","crew_birth_location":"Sori","crew_birth_date":"1821","crew_serial_number":"409","crew_profession_type":"Marinaio","crew_profession_wage":"Italian Lira","crew_profession_value":"70","crew_profession_months":"1","crew_profession_days":"6","crew_profession_pension_funds":"1,32"},"4":{"embarkation_port":"Genova","embarkation_date":"1860-10-11","discharge_port":"Genova","discharge_date":"1860-09-16","crew_surname":"Geziola","crew_name":"Francesco","crew_birth_location":"Sori","crew_birth_date":"1843","crew_serial_number":"12379","crew_profession_type":"Marinaio","crew_profession_wage":"Italian Lira","crew_profession_value":"70","crew_profession_months":"1","crew_profession_days":"6","crew_profession_pension_funds":"1,32"},"5":{"embarkation_port":"Genova","embarkation_date":"1860-10-11","discharge_port":"Genova","discharge_date":"1860-09-16","crew_surname":"Berretta","crew_name":"Emanuele","crew_birth_location":"S. Massimo","crew_birth_date":"1843","crew_serial_number":"6866","crew_profession_type":"Marinaio","crew_profession_wage":"Italian Lira","crew_profession_value":"70","crew_profession_months":"13","crew_profession_days":"9","crew_profession_pension_funds":"14,63"},"6":{"embarkation_port":"Genova","embarkation_date":"1860-10-11","discharge_port":"Genova","discharge_date":"1860-09-16","crew_surname":"Mezzano","crew_name":"Giuseppe","crew_birth_location":"Sori","crew_birth_date":"1836","crew_serial_number":"8893","crew_profession_type":"Marinaio","crew_profession_wage":"Italian Lira","crew_profession_value":"70","crew_profession_months":"11","crew_profession_days":"6","crew_profession_pension_funds":"1,32"},"7":{"embarkation_port":"Genova","embarkation_date":"1860-10-11","discharge_port":"Genova","discharge_date":"1860-09-16","crew_surname":"Viacava","crew_name":"Francesco","crew_birth_location":"Santa Margherita","crew_birth_date":"1843","crew_serial_number":"7439","crew_profession_type":"Mozzo","crew_profession_wage":"Italian Lira","crew_profession_value":"42","crew_profession_months":"13","crew_profession_days":"9","crew_profession_pension_funds":"14,63"},"8":{"embarkation_port":"Genova","embarkation_date":"1860-10-11","discharge_port":"Genova","discharge_date":"1860-09-16","crew_surname":"Bozzo","crew_name":"Bartolomeo","crew_birth_location":"Camogli","crew_birth_date":"1850","crew_profession_type":"Mozzo","crew_profession_wage":"Italian Lira","crew_profession_value":"17,50","crew_profession_months":"1","crew_profession_days":"6","crew_profession_pension_funds":"0,96"},"9":{"embarkation_port":"Genova","embarkation_date":"1861-02-10","discharge_port":"Genova","discharge_date":"1860-09-16","crew_surname":"Carbone","crew_name":"Francesco","crew_birth_location":"Camogli","crew_birth_date":"1819","crew_serial_number":"3160","crew_profession_type":"Capitano di seconda classe","crew_profession_wage":"Share","crew_profession_value":"2","crew_profession_months":"12","crew_profession_days":"3","crew_profession_pension_funds":"13,31"},"10":{"embarkation_port":"Genova","embarkation_date":"1861-02-10","discharge_port":"Genova","discharge_date":"1860-09-16","crew_surname":"Olivari","crew_name":"Benedetto","crew_birth_location":"Camogli","crew_birth_date":"1820","crew_serial_number":"4334","crew_profession_type":"Secondo","crew_profession_wage":"Share","crew_profession_value":"1,5","crew_profession_months":"12","crew_profession_days":"3","crew_profession_pension_funds":"13,31"},"11":{"embarkation_port":"Genova","embarkation_date":"1861-02-10","discharge_port":"Genova","discharge_date":"1860-09-16","crew_surname":"Campodonico","crew_name":"Antonio","crew_birth_location":"Portofino","crew_birth_date":"1819","crew_serial_number":"2322","crew_profession_type":"Dispensiere","crew_profession_wage":"Share","crew_profession_value":"1,10","crew_profession_months":"12","crew_profession_days":"3","crew_profession_pension_funds":"13,31"},"12":{"embarkation_port":"Genova","embarkation_date":"1861-02-10","discharge_port":"Genova","discharge_date":"1860-09-16","crew_surname":"Valle","crew_name":"Giovanni","crew_birth_location":"Portofino","crew_birth_date":"1831","crew_serial_number":"4154","crew_profession_type":"Marinaio","crew_profession_wage":"Share","crew_profession_value":"1","crew_profession_months":"12","crew_profession_days":"3","crew_profession_pension_funds":"13,31"},"13":{"embarkation_port":"Genova","embarkation_date":"1861-02-10","discharge_port":"Genova","discharge_date":"1860-09-16","crew_surname":"Schiappacasse","crew_name":"Domenico","crew_birth_location":"Genova","crew_birth_date":"1840","crew_serial_number":"13277","crew_profession_type":"Marinaio","crew_profession_wage":"Share","crew_profession_value":"1","crew_profession_months":"12","crew_profession_days":"3","crew_profession_pension_funds":"13,31"},"14":{"embarkation_port":"Genova","embarkation_date":"1861-02-10","discharge_port":"Genova","discharge_date":"1860-09-16","crew_surname":"Campodonico","crew_name":"Giobatta","crew_birth_location":"Portofino","crew_birth_date":"1842","crew_serial_number":"6599","crew_profession_type":"Marinaio","crew_profession_wage":"Share","crew_profession_value":"1","crew_profession_months":"12","crew_profession_days":"3","crew_profession_pension_funds":"13,31"},"15":{"embarkation_port":"Genova","embarkation_date":"1861-02-10","discharge_port":"Genova","discharge_date":"1860-09-16","crew_surname":"Devoto","crew_name":"Giobatta","crew_birth_location":"Recco","crew_birth_date":"1843","crew_serial_number":"14270","crew_profession_type":"Marinaio","crew_profession_wage":"Share","crew_profession_value":"1","crew_profession_months":"12","crew_profession_days":"3","crew_profession_pension_funds":"13,31"},"16":{"embarkation_port":"Genova","embarkation_date":"1861-02-10","discharge_port":"Genova","discharge_date":"1860-09-16","crew_surname":"Schiaffino","crew_name":"Rocco","crew_birth_location":"Camogli","crew_birth_date":"1844","crew_serial_number":"13504","crew_profession_type":"Mozzo","crew_profession_wage":"Share","crew_profession_value":"3/4","crew_profession_months":"12","crew_profession_days":"3","crew_profession_pension_funds":"13,31"},"17":{},"18":{}},"route":{"0":{"departure_port":"Genova","departure_date":"1860-10-11"},"1":{"departure_port":"Cagliari","departure_date":"1860-11-07"},"2":{"departure_port":"Genova","departure_date":"1861-02-01"},"3":{"departure_port":"Talamone","departure_date":"1861-02-21"},"4":{"departure_port":"Costantinopoli","departure_date":"1861-03-24"},"5":{"departure_port":"Sulina","departure_date":"1861-04-08"},"6":{"departure_port":"Galatz","departure_date":"1861-05-04"},"7":{"departure_port":"Sulina","departure_date":"1861-05-08"},"8":{"departure_port":"Costantinopoli","departure_date":"1861-05-13"},"9":{"departure_port":"Cagliari","departure_date":"1861-06-04"},"10":{"departure_port":"Queenstown","departure_date":"1861-07-27"},"11":{"departure_port":"Cardiff","departure_date":"1861-08-29"},"12":{"departure_port":"Malta","departure_date":"1861-10-19"},"13":{"departure_port":"Smirne","departure_date":"1861-12-09"},"14":{"departure_port":"Marsiglia","departure_date":"1862-01-25"},"15":{},"16":{}}}}]}