﻿{"docs": [{"_id":"2018-03-27T14:51:26.398Z_4","template":"Crew List_IT","status":"Public","data":{"record_information":{"catalogue_id":"4","date_from":"2018-03-27","date_until":"2019-08-29T13:19:41","name":"Maki","surname":"Asai","role_in_project":""},"source_identity":{"archive_library":"Archivio di Stato di Genova","archive_library_location":"Genova","register_number":"14","number_of_document":"9559","date_of_document":"1862-02-12","issuing_authority":"Direzione marittima di Genova","issuing_authority_location":"Genova","note":"","comment":""},"ship_records":{"ship_name":"Antonietta","ship_type":"Brigantino","ship_tonnage":"290,55","construction_location":"Savona","construction_location_date":"1859","ammunition_type":"","ammunition_quantity_value":"","ammunition_quantity_unit":"","registry_port":"Genova","registry_number":"2100","owner_name":"Gaetano Fortunato","owner_surname":"Lavarello","owner_fathers_name":"Simone","note":"","comment":""},"ports_of_call":{"date_from":"1862-02-12","date_to":"1862-10-23","total_duration_months":"8","total_duration_years":"12","first_planned_destinations":"Danubio (region) / Romania (country)","total_crew_number":"12","note":"","comment":""},"crew_list":{"0":{"embarkation_port":"Genova","embarkation_date":"1862-02-12","discharge_port":"Genova","discharge_date":"1862-10-23","crew_surname":"Schiaffino","crew_name":"Antonio","crew_birth_location":"Genova","crew_birth_date":"1834","crew_serial_number":"9345","crew_profession_type":"Capitano di seconda classe","crew_profession_wage":"Italian Lira","crew_profession_value":"100","crew_profession_months":"8","crew_profession_days":"12","crew_profession_pension_funds":"29,40"},"1":{"embarkation_port":"Genova","embarkation_date":"1862-02-12","discharge_port":"Genova","discharge_date":"1862-10-23","crew_surname":"Pozzo","crew_name":"Giacomo Emanuele","crew_birth_location":"Genova","crew_birth_date":"1825","crew_serial_number":"3826","crew_profession_type":"Secondo","crew_profession_wage":"Italian Lira","crew_profession_value":"90","crew_profession_months":"8","crew_profession_days":"12","crew_profession_pension_funds":"12,60"},"2":{"embarkation_port":"Genova","embarkation_date":"1862-02-12","discharge_port":"Genova","discharge_date":"1862-10-23","crew_surname":"Figari","crew_name":"Stefano","crew_birth_location":"Genova","crew_birth_date":"1818","crew_serial_number":"11475","crew_profession_type":"Nostromo","crew_profession_wage":"Italian Lira","crew_profession_value":"85","crew_profession_months":"8","crew_profession_days":"12","crew_profession_pension_funds":"12,60"},"3":{"embarkation_port":"Genova","embarkation_date":"1862-02-12","discharge_port":"Genova","discharge_date":"1862-10-23","crew_surname":"Assereto","crew_name":"Giovanni Bono","crew_birth_location":"Genova","crew_birth_date":"1828","crew_serial_number":"4353","crew_profession_type":"Dispensiere","crew_profession_wage":"Italian Lira","crew_profession_value":"70","crew_profession_months":"8","crew_profession_days":"12","crew_profession_pension_funds":"9,24"},"4":{"embarkation_port":"Genova","embarkation_date":"1862-02-12","discharge_port":"Genova","discharge_date":"1862-10-23","crew_surname":"Venco","crew_name":"Nicolò","crew_birth_location":"Genova","crew_birth_date":"1826","crew_serial_number":"16157","crew_profession_type":"Marinaio","crew_profession_wage":"Italian Lira","crew_profession_value":"60","crew_profession_months":"8","crew_profession_days":"12","crew_profession_pension_funds":"9,24"},"5":{"embarkation_port":"Genova","embarkation_date":"1862-02-12","discharge_port":"Genova","discharge_date":"1862-10-23","crew_surname":"Marsano","crew_name":"Giovanni","crew_birth_location":"Genova","crew_birth_date":"1841","crew_serial_number":"14460","crew_profession_type":"Marinaio","crew_profession_wage":"Italian Lira","crew_profession_value":"60","crew_profession_months":"8","crew_profession_days":"12","crew_profession_pension_funds":"9,24"},"6":{"embarkation_port":"Genova","embarkation_date":"1862-02-12","discharge_port":"Genova","discharge_date":"1862-10-23","crew_surname":"Marsano","crew_name":"Antonio","crew_birth_location":"Genova","crew_birth_date":"1843","crew_serial_number":"14352","crew_profession_type":"Marinaio","crew_profession_wage":"Italian Lira","crew_profession_value":"60","crew_profession_months":"8","crew_profession_days":"12","crew_profession_pension_funds":"9,24"},"7":{"embarkation_port":"Genova","embarkation_date":"1862-02-12","discharge_port":"Genova","discharge_date":"1862-10-23","crew_surname":"Benso","crew_name":"Albano Giacomo","crew_birth_location":"Chiavari","crew_birth_date":"1842","crew_serial_number":"6416","crew_profession_type":"Marinaio","crew_profession_wage":"Italian Lira","crew_profession_value":"60","crew_profession_months":"8","crew_profession_days":"12","crew_profession_pension_funds":"9,24"},"8":{"embarkation_port":"Genova","embarkation_date":"1862-02-12","discharge_port":"Genova","discharge_date":"1862-10-23","crew_surname":"Antonini","crew_name":"Martino","crew_birth_location":"Genova","crew_birth_date":"1844","crew_serial_number":"16232","crew_profession_type":"Mozzo","crew_profession_wage":"Italian Lira","crew_profession_value":"45","crew_profession_months":"8","crew_profession_days":"12","crew_profession_pension_funds":"9,24"},"9":{"embarkation_port":"Genova","embarkation_date":"1862-02-12","discharge_port":"Genova","discharge_date":"1862-10-23","crew_surname":"Rombo","crew_name":"Carlo Isidoro","crew_birth_location":"Genova","crew_birth_date":"1840","crew_serial_number":"11489","crew_profession_type":"Marinaio","crew_profession_wage":"Italian Lira","crew_profession_value":"60","crew_profession_months":"8","crew_profession_days":"12","crew_profession_pension_funds":"9,24"},"10":{"embarkation_port":"Genova","embarkation_date":"1862-02-12","discharge_port":"Costantinopoli","discharge_date":"1862-06-02","crew_surname":"Figari","crew_name":"Luigi Fortunato","crew_birth_location":"Genova","crew_birth_date":"1845","crew_serial_number":"14859","crew_profession_type":"Mozzo","crew_profession_wage":"Italian Lira","crew_profession_value":"30","crew_profession_months":"3","crew_profession_days":"21","crew_profession_pension_funds":"3,96"},"11":{"embarkation_port":"Genova","embarkation_date":"1862-02-12","discharge_port":"Genova","discharge_date":"1862-10-23","crew_surname":"Lavarello","crew_name":"Filippo","crew_birth_location":"Genova","crew_birth_date":"1851","crew_serial_number":"18252","crew_profession_type":"Mozzo","crew_profession_wage":"Italian Lira","crew_profession_value":"15","crew_profession_months":"8","crew_profession_days":"12","crew_profession_pension_funds":"6,72"},"12":{},"13":{},"14":{}},"route":{"0":{"departure_port":"Costantinopoli","departure_date":"1862-03-29"},"1":{"departure_port":"Sulina","departure_date":"1862-04-01"},"2":{"departure_port":"Ibraila","departure_date":"1862-05-15"},"3":{"departure_port":"Sulina","departure_date":"1862-05-24"},"4":{"arrival_port":"Costantinopoli","arrival_date":"1862-05-30"},"5":{"departure_port":"Costantinopoli","departure_date":"1862-06-02"},"6":{"departure_port":"Falmouth","departure_date":"1862-08-11"},"7":{"departure_port":"Hartlepool","departure_date":"1862-09-11"},"8":{},"9":{},"10":{},"11":{},"12":{},"13":{},"14":{}}}}]}