﻿{"docs": [{"_id":"2018-03-06T16:14:53.101Z_12","template":"Crew List_IT","status":"Public","data":{"record_information":{"catalogue_id":"12","date_from":"2018-03-06","date_until":"2020-09-22T21:19:48","name":"Carolina","surname":"Gaggero","role_in_project":""},"source_identity":{"archive_library":"Archivio di Stato di Genova","archive_library_location":"Genova","register_number":"14","number_of_document":"6739","date_of_document":"1861-01-11","date_of_document_to":"","issuing_authority":"Direzione Marittima di Genova","issuing_authority_location":"Genova","source_type_name":"","fond_number":"","fond_title":"","fond_series_number":"","file_number":"","file_tile":"","note":"","comment":""},"ship_records":{"ship_name":"San Rocco","ship_type":"Brigantino","ship_tonnage":"173,17","construction_location":"Varazze","construction_location_date":"1850","ammunition_type":"","ammunition_quantity_value":"","ammunition_quantity_unit":"","registry_port":"Genova","registry_number":"1275","organization_name":"","owner_name":"Degregori","owner_surname":"Agostino","owner_fathers_name":"","note":"","comment":""},"ports_of_call":{"date_from":"1861-01-11","date_to":"1862-10-25","total_duration_months":"21","total_duration_years":"15","first_planned_destinations":"Marsiglia","total_crew_number":"","note":"","comment":""},"crew_list":{"0":{"embarkation_port":"Genova","embarkation_date":"1861-01-11","discharge_port":"Genova","discharge_date":"1862-10-25","crew_surname":"Figari","crew_name":"Giobatta","crew_birth_location":"Camogli","crew_birth_date":"1819","crew_serial_number":"1505","crew_profession_type":"Capitano di seconda classe","crew_profession_wage":"Italian Lira","crew_profession_months":"21","crew_profession_days":"15","crew_profession_pension_funds":"75,25"},"1":{"embarkation_port":"Marsiglia","embarkation_date":"1861-02-23","discharge_port":"Marsiglia","discharge_date":"1862-01-06","crew_surname":"Razeto","crew_name":"Giovanni","crew_birth_location":"Camogli","crew_birth_date":"1840","crew_serial_number":"11126","crew_profession_type":"Secondo","crew_profession_wage":"Italian Lira","crew_profession_months":"11","crew_profession_days":"14","crew_profession_pension_funds":"17,20"},"2":{"embarkation_port":"Marsiglia","embarkation_date":"1861-08-03","discharge_port":"Marsiglia","discharge_date":"1862-01-06","crew_surname":"Giraldo","crew_name":"Luigi","crew_birth_location":"Alassio","crew_birth_date":"1826","crew_serial_number":"2220","crew_profession_type":"Marinaio","crew_profession_wage":"Italian Lira","crew_profession_value":"60","crew_profession_months":"6","crew_profession_days":"2","crew_profession_pension_funds":"6,67"},"3":{"embarkation_port":"Marsiglia","embarkation_date":"1861-08-03","discharge_port":"Marsiglia","discharge_date":"1862-01-06","crew_surname":"Benvenuto","crew_name":"Antonio","crew_birth_location":"Alassio","crew_birth_date":"1840","crew_serial_number":"2634","crew_profession_type":"Marinaio","crew_profession_wage":"Italian Lira","crew_profession_value":"60","crew_profession_months":"6","crew_profession_days":"2","crew_profession_pension_funds":"6,67"},"4":{"embarkation_port":"Marsiglia","embarkation_date":"1861-08-03","discharge_port":"Marsiglia","discharge_date":"1862-01-06","crew_surname":"Giudice","crew_name":"Bartolomeo","crew_birth_location":"Camogli","crew_birth_date":"1830","crew_serial_number":"7512","crew_profession_type":"Marinaio","crew_profession_wage":"Italian Lira","crew_profession_value":"60","crew_profession_months":"6","crew_profession_days":"2","crew_profession_pension_funds":"6,67"},"5":{"embarkation_port":"Marsiglia","embarkation_date":"1861-02-02","discharge_port":"Marsiglia","discharge_date":"1861-08-13","crew_surname":"Cassano","crew_name":"Matteo","crew_birth_location":"Laigueglia","crew_birth_date":"1838","crew_serial_number":"2689","crew_profession_type":"Marinaio","crew_profession_wage":"Italian Lira","crew_profession_value":"60","crew_profession_months":"6","crew_profession_days":"2","crew_profession_pension_funds":"6,67"},"6":{"embarkation_port":"Marsiglia","embarkation_date":"1861-02-02","discharge_port":"Marsiglia","discharge_date":"1861-08-10","crew_surname":"Cavassa","crew_name":"Luigi","crew_birth_location":"Recco","crew_birth_date":"1816","crew_serial_number":"12996","crew_profession_type":"Dispensiere","crew_profession_wage":"Italian Lira","crew_profession_value":"75","crew_profession_months":"6","crew_profession_days":"9","crew_profession_pension_funds":"6,93"},"7":{"embarkation_port":"Marsiglia","embarkation_date":"1861-02-02","discharge_port":"Marsiglia","discharge_date":"1861-08-03","crew_surname":"Salvo","crew_name":"Giovanni","crew_birth_location":"Porto Maurizio","crew_birth_date":"1840","crew_serial_number":"2053","crew_profession_type":"Marinaio","crew_profession_wage":"Italian Lira","crew_profession_value":"60","crew_profession_months":"6","crew_profession_days":"2","crew_profession_pension_funds":"6,67"},"8":{"embarkation_port":"Marsiglia","embarkation_date":"1861-02-02","discharge_port":"Marsiglia","discharge_date":"1862-01-30","crew_surname":"Degregori","crew_name":"Francesco","crew_birth_location":"Camogli","crew_birth_date":"1845","crew_serial_number":"14545","crew_profession_type":"Mozzo","crew_profession_wage":"Italian Lira","crew_profession_months":"13","crew_profession_days":"29","crew_profession_pension_funds":"10,17"},"9":{"embarkation_port":"Marsiglia","embarkation_date":"1861-02-02","discharge_port":"Marsiglia","discharge_date":"1861-10-25","crew_surname":"Figari","crew_name":"Emanuele","crew_birth_location":"Camogli","crew_birth_date":"1844","crew_serial_number":"14698","crew_profession_type":"Mozzo","crew_profession_wage":"Italian Lira","crew_profession_months":"20","crew_profession_days":"24","crew_profession_pension_funds":"22,88"},"10":{"embarkation_port":"Marsiglia","embarkation_date":"1861-08-27","discharge_port":"Marsiglia","discharge_date":"1861-12-28","crew_surname":"Chiozza","crew_name":"Giobatta","crew_birth_location":"Genova","crew_birth_date":"1812","crew_serial_number":"324","crew_profession_type":"Dispensiere","crew_profession_wage":"Italian Lira","crew_profession_value":"60","crew_profession_months":"4","crew_profession_days":"2","crew_profession_pension_funds":"4,47"},"11":{"embarkation_port":"Marsiglia","embarkation_date":"1861-08-27","discharge_port":"Marsiglia","discharge_date":"1861-12-28","crew_surname":"Parlis","crew_name":"Giobatta","crew_birth_location":"Genova","crew_profession_type":"Marinaio","crew_profession_wage":"Italian Lira","crew_profession_value":"50","crew_profession_months":"4","crew_profession_days":"2","crew_profession_pension_funds":"4,47"},"12":{"embarkation_port":"Marsiglia","embarkation_date":"1861-08-27","discharge_port":"Marsiglia","discharge_date":"1861-12-28","crew_surname":"Georgi","crew_name":"Emmanuele","crew_birth_location":"Lemno","crew_profession_type":"Marinaio","crew_profession_wage":"Italian Lira","crew_profession_value":"50","crew_profession_months":"4","crew_profession_days":"2","crew_profession_pension_funds":"4,47"},"13":{"embarkation_port":"Marsiglia","embarkation_date":"1861-08-27","discharge_port":"Marsiglia","discharge_date":"1861-12-28","crew_surname":"Rivano","crew_name":"Bartolomeo","crew_birth_location":"Pegli","crew_birth_date":"1843","crew_serial_number":"15057","crew_profession_type":"Marinaio","crew_profession_wage":"Italian Lira","crew_profession_value":"50","crew_profession_months":"4","crew_profession_days":"2","crew_profession_pension_funds":"4,47"},"14":{"embarkation_port":"Marsiglia","embarkation_date":"1861-08-27","discharge_port":"Malta","discharge_date":"1861-09-10","crew_surname":"Spagnolo","crew_name":"Giovanni","crew_birth_location":"Villa San Giovanni","crew_birth_date":"1819","crew_serial_number":"63","crew_profession_type":"Marinaio","crew_profession_wage":"Italian Lira","crew_profession_value":"50","crew_profession_days":"14","crew_profession_pension_funds":"0,51"},"15":{"embarkation_port":"Marsiglia","embarkation_date":"1861-08-27","discharge_port":"Marsiglia","discharge_date":"1861-12-28","crew_surname":"Argento","crew_name":"Giobatta Andrea","crew_birth_location":"Foce","crew_birth_date":"1806","crew_serial_number":"3875","crew_profession_type":"Marinaio","crew_profession_wage":"Italian Lira","crew_profession_value":"50","crew_profession_months":"4","crew_profession_days":"2","crew_profession_pension_funds":"4,47"},"16":{"embarkation_port":"Malta","embarkation_date":"1861-09-12","discharge_port":"Castellammare","discharge_date":"1862-06-14","crew_surname":"Caragili","crew_name":"Giorgio","crew_birth_location":"[greco]","crew_birth_date":"1835","crew_profession_type":"Marinaio","crew_profession_wage":"Italian Lira","crew_profession_value":"55","crew_profession_months":"7","crew_profession_days":"3","crew_profession_pension_funds":"10,01"},"17":{"embarkation_port":"Marsiglia","embarkation_date":"1862-03-04","discharge_port":"Marsiglia","discharge_date":"1861-10-25","crew_surname":"Massa","crew_name":"Antonio","crew_birth_location":"Camogli","crew_birth_date":"1833","crew_profession_type":"Nostromo","crew_profession_wage":"Italian Lira","crew_profession_value":"80","crew_profession_months":"7","crew_profession_days":"22","crew_profession_pension_funds":"11,60"},"18":{"embarkation_port":"Marsiglia","embarkation_date":"1862-03-04","discharge_port":"Castellammare","discharge_date":"1862-06-14","crew_surname":"Cavassa","crew_name":"Luigi","crew_birth_location":"Recco","crew_birth_date":"1826","crew_serial_number":"14996","crew_profession_type":"Dispensiere","crew_profession_wage":"Italian Lira","crew_profession_value":"70","crew_profession_months":"3","crew_profession_days":"11","crew_profession_pension_funds":"3,70"},"19":{"embarkation_port":"Marsiglia","embarkation_date":"1862-03-04","discharge_port":"Castellammare","discharge_date":"1862-06-14","crew_surname":"Patalamo","crew_name":"Gaetano","crew_birth_location":"Focia","crew_birth_date":"1825","crew_serial_number":"545","crew_profession_type":"Marinaio","crew_profession_wage":"Italian Lira","crew_profession_value":"60","crew_profession_months":"3","crew_profession_days":"11","crew_profession_pension_funds":"3,70"},"20":{"embarkation_port":"Marsiglia","embarkation_date":"1862-03-04","discharge_port":"Castellammare","discharge_date":"1862-06-14","crew_surname":"Sichenze","crew_name":"Luigi","crew_birth_location":"Procida","crew_birth_date":"1827","crew_serial_number":"457","crew_profession_type":"Marinaio","crew_profession_wage":"Italian Lira","crew_profession_value":"60","crew_profession_months":"3","crew_profession_days":"11","crew_profession_pension_funds":"3,70"},"21":{"embarkation_port":"Marsiglia","embarkation_date":"1862-03-04","discharge_port":"Castellammare","discharge_date":"1862-06-14","crew_surname":"Antoni","crew_name":"Giorgio","crew_birth_location":"[greco]","crew_profession_type":"Marinaio","crew_profession_wage":"Italian Lira","crew_profession_value":"60","crew_profession_months":"3","crew_profession_days":"11","crew_profession_pension_funds":"3,70"},"22":{"embarkation_port":"Marsiglia","embarkation_date":"1862-03-04","discharge_port":"Castellammare","discharge_date":"1862-06-28","crew_surname":"Degregori","crew_name":"Bernardo","crew_birth_location":"Camogli","crew_birth_date":"1843","crew_serial_number":"12059","crew_profession_type":"Giovine","crew_profession_wage":"Italian Lira","crew_profession_months":"3","crew_profession_days":"25","crew_profession_pension_funds":"4,22"},"23":{"embarkation_port":"Castellammare","embarkation_date":"1862-06-03","discharge_port":"Genova","discharge_date":"1862-10-25","crew_surname":"Consentino","crew_name":"Bartolomeo","crew_birth_location":"Vico Equense","crew_birth_date":"1813","crew_serial_number":"1375","crew_profession_type":"Marinaio","crew_profession_wage":"Italian Lira","crew_profession_value":"46,75","crew_profession_months":"4","crew_profession_days":"23","crew_profession_pension_funds":"5,24"},"24":{"embarkation_port":"Castellammare","embarkation_date":"1862-06-03","discharge_port":"Genova","discharge_date":"1862-10-25","crew_surname":"Gargiulo","crew_name":"Luigi","crew_birth_location":"Vico Equense","crew_birth_date":"1822","crew_serial_number":"1374","crew_profession_type":"Dispensiere\nMarinaio","crew_profession_wage":"Italian Lira\n ","crew_profession_value":"55\n ","crew_profession_months":"4\n ","crew_profession_days":"23\n ","crew_profession_pension_funds":" \n "},"25":{"embarkation_port":"Castellammare","embarkation_date":"1862-06-03","discharge_port":"Genova","discharge_date":"1862-10-25","crew_surname":"Esposito","crew_name":"Gaetano","crew_birth_location":"Vico Equense","crew_birth_date":"1823","crew_serial_number":"1373","crew_profession_type":"Marinaio","crew_profession_wage":"Italian Lira","crew_profession_value":"46,75","crew_profession_months":"4","crew_profession_days":"23","crew_profession_pension_funds":"5,24"},"26":{"embarkation_port":"Castellammare","embarkation_date":"1862-06-03","discharge_port":"Genova","discharge_date":"1862-10-25","crew_surname":"Gargiulo","crew_name":"Salvatore","crew_birth_location":"Vico Equense","crew_birth_date":"1824","crew_serial_number":"1371","crew_profession_type":"Marinaio","crew_profession_wage":"Italian Lira","crew_profession_value":"46,75","crew_profession_months":"4","crew_profession_days":"23","crew_profession_pension_funds":"5,24"},"27":{"embarkation_port":"Castellammare","embarkation_date":"1862-06-03","discharge_port":"Genova","discharge_date":"1862-10-25","crew_surname":"Esposito Ajello","crew_name":"Luigi","crew_birth_location":"Vico Equense","crew_birth_date":"1827","crew_serial_number":"1372","crew_profession_type":"Marinaio","crew_profession_wage":"Italian Lira","crew_profession_value":"46,75","crew_profession_months":"4","crew_profession_days":"23","crew_profession_pension_funds":"5,24"},"28":{"embarkation_port":"Castellammare","embarkation_date":"1862-06-03","discharge_port":"Genova","discharge_date":"1862-10-25","crew_surname":"Rossano","crew_name":"Luigi","crew_birth_location":"Vico Equense","crew_birth_date":"1804","crew_serial_number":"319","crew_profession_type":"Marinaio","crew_profession_wage":"Italian Lira","crew_profession_value":"46,75","crew_profession_months":"4","crew_profession_days":"23","crew_profession_pension_funds":"5,24"},"29":{"embarkation_port":"Castellammare","embarkation_date":"1862-06-03","discharge_port":"Genova","discharge_date":"1862-10-25","crew_surname":"Cosentino","crew_name":"Gaspare","crew_birth_location":"Vico Equense","crew_birth_date":"1850","crew_serial_number":"1429","crew_profession_type":"Alunno","crew_profession_months":"4","crew_profession_days":"23","crew_profession_pension_funds":"3,81"},"30":{}},"route":{"0":{"departure_port":"Genova","departure_date":"1861-01-11"},"1":{"departure_port":"Marsiglia","departure_date":"1861-02-04"},"2":{"departure_port":"Messina","departure_date":"1861-03-23"},"3":{"departure_port":"Costantinopoli","departure_date":"1861-04-20"},"4":{"departure_port":"Kertch","departure_date":"1861-04-30"},"5":{"departure_port":"Taganrog","departure_date":"1861-05-20"},"6":{"departure_port":"Berdyansk","departure_date":"1861-06-10"},"7":{"departure_port":"Costantinopoli","departure_date":"1861-06-21"},"8":{"departure_port":"Messina","departure_date":"1861-07-11"},"9":{"departure_port":"Marsiglia","departure_date":"1861-08-28"},"10":{"departure_port":"Malta","departure_date":"1861-09-11"},"11":{"departure_port":"Costantinopoli","departure_date":"1861-09-30"},"12":{"departure_port":"Kertch","departure_date":"1861-10-04"},"13":{"departure_port":"Marianopoli","departure_date":"1861-10-31"},"14":{"departure_port":"Costantinopoli","departure_date":"1861-11-29"},"15":{"departure_port":"Marsiglia","departure_date":"1861-12-27"},"16":{"departure_port":"Marsiglia","departure_date":"1862-03-05"},"17":{"departure_port":"Costantinopoli","departure_date":"1862-04-04"},"18":{"departure_port":"Kertch","departure_date":"1862-04-20"},"19":{"departure_port":"Taganrog","departure_date":"1862-05-10"},"20":{"departure_port":"Costantinopoli","departure_date":"1862-05-23"},"21":{"departure_port":"Castellammare","departure_date":"1862-07-03"},"22":{"departure_port":"Messina","departure_date":"1862-07-14"},"23":{"departure_port":"Costantinopoli","departure_date":"1862-08-16"},"24":{"departure_port":"Marianopoli","departure_date":"1862-09-26"},"25":{"departure_port":"Costantinopoli","departure_date":"1862-09-22"},"26":{"departure_port":"Messina","departure_date":"1862-10-08"},"27":{"arrival_port":"Genova","arrival_date":"1862-10-25"},"28":{},"29":{},"30":{},"31":{},"32":{},"33":{},"34":{}}}}]}