﻿{"docs": [{"_id":"2018-12-18T08:15:36.161Z_13","template":"Crew List_IT","status":"Public","data":{"record_information":{"catalogue_id":"13","date_from":"2018-12-18","date_until":"2020-09-22T16:12:50","name":"Massimo","surname":"Ponasso","role_in_project":""},"source_identity":{"archive_library":"Archivio di Stato di Genova","archive_library_location":"Genova","register_number":"13","number_of_document":"4054","date_of_document":"1853-07-22","date_of_document_to":"","issuing_authority":"Direzione Marittima di Genova","issuing_authority_location":"Genova","source_type_name":"","fond_number":"","fond_title":"","fond_series_number":"","file_number":"","file_tile":"","note":"","comment":""},"ship_records":{"ship_name":"Nostra Signora del Rosario","ship_type":"Brigantino","ship_tonnage":"115,52","construction_location":"Voltri","construction_location_date":"1826","ammunition_type":"","ammunition_quantity_value":"","ammunition_quantity_unit":"","registry_port":"Genova","registry_number":"784","organization_name":"","owner_name":"Schiaffino","owner_surname":"Filippo","owner_fathers_name":"","note":"","comment":""},"ports_of_call":{"date_from":"1853-07-22","date_to":"1854-04-10","total_duration_months":"2","total_duration_years":"18","first_planned_destinations":"Civitavecchia","total_crew_number":"10","note":"","comment":""},"crew_list":{"0":{"embarkation_port":"Genova","embarkation_date":"1853-07-22","discharge_port":"Genova","discharge_date":"1854-04-10","crew_surname":"Gardella","crew_name":"Emanuele","crew_birth_location":"Camogli","crew_birth_date":"1823","crew_serial_number":"3537","crew_profession_type":"Padrone di Seconda Classe","crew_profession_wage":"Share","crew_profession_value":"2","crew_profession_months":"2","crew_profession_days":"18","crew_profession_pension_funds":"6,50"},"1":{"embarkation_port":"Genova","embarkation_date":"1853-07-22","discharge_port":"Genova","discharge_date":"1853-08-08","crew_surname":"Passalacqua","crew_name":"Nicolò","crew_birth_location":"Camogli","crew_birth_date":"1805","crew_serial_number":"2035","crew_profession_type":"Marinaio","crew_profession_wage":"Share","crew_profession_value":"1","crew_profession_months":"0","crew_profession_days":"17","crew_profession_pension_funds":"0,62"},"2":{"embarkation_port":"Genova","embarkation_date":"1853-07-22","discharge_port":"Genova","discharge_date":"1853-08-08","crew_surname":"Senno","crew_name":"Pellegro","crew_birth_location":"Camogli","crew_birth_date":"1816","crew_serial_number":"5968","crew_profession_type":"Marinaio","crew_profession_wage":"Share","crew_profession_value":"1","crew_profession_months":"0","crew_profession_days":"17","crew_profession_pension_funds":"0,62"},"3":{"embarkation_port":"Genova","embarkation_date":"1853-07-22","discharge_port":"Genova","discharge_date":"1853-08-08","crew_surname":"Valle","crew_name":"Emanuele","crew_birth_location":"Santa Margherita","crew_birth_date":"1817","crew_serial_number":"3018","crew_profession_type":"Marinaio","crew_profession_wage":"Share","crew_profession_value":"1","crew_profession_months":"0","crew_profession_days":"17","crew_profession_pension_funds":"0,62"},"4":{"embarkation_port":"Genova","embarkation_date":"1853-07-22","discharge_port":"Genova","discharge_date":"1853-08-08","crew_surname":"Roccatagliata","crew_name":"Ambrogio","crew_birth_location":"Santa Margherita","crew_birth_date":"1817","crew_serial_number":"2037","crew_profession_type":"Marinaio","crew_profession_wage":"Share","crew_profession_value":"1","crew_profession_months":"0","crew_profession_days":"17","crew_profession_pension_funds":"0,62"},"5":{"embarkation_port":"Genova","embarkation_date":"1853-07-22","discharge_port":"Genova","discharge_date":"1853-08-08","crew_surname":"Oneto","crew_name":"Gaetano","crew_birth_location":"Camogli","crew_birth_date":"1791","crew_serial_number":"682","crew_profession_type":"Marinaio","crew_profession_wage":"Share","crew_profession_value":"1","crew_profession_months":"0","crew_profession_days":"17","crew_profession_pension_funds":"0,62"},"6":{"embarkation_port":"Genova","embarkation_date":"1853-07-22","discharge_port":"Genova","discharge_date":"1853-08-08","crew_surname":"Peragallo","crew_name":"Luigi","crew_birth_location":"Camogli","crew_birth_date":"1811","crew_serial_number":"788","crew_profession_type":"Marinaio","crew_profession_wage":"Share","crew_profession_value":"1","crew_profession_months":"0","crew_profession_days":"17","crew_profession_pension_funds":"0,62"},"7":{"embarkation_port":"Genova","embarkation_date":"1853-07-22","discharge_port":"Genova","discharge_date":"1854-02-04","crew_surname":"Peragallo","crew_name":"Cesare","crew_birth_location":"Camogli","crew_birth_date":"1837","crew_serial_number":"10040","crew_profession_type":"Mozzo","crew_profession_wage":"Share","crew_profession_value":"0,50","crew_profession_months":"1","crew_profession_days":"20","crew_profession_pension_funds":"1,33"},"8":{"embarkation_port":"Genova","embarkation_date":"1853-07-22","discharge_port":"Genova","discharge_date":"1854-04-10","crew_surname":"Causi","crew_name":"Pasquale","crew_birth_location":"Camogli","crew_birth_date":"1841","crew_serial_number":"10783","crew_profession_type":"Mozzo","crew_profession_wage":"Share","crew_profession_value":"0,50","crew_profession_months":"1","crew_profession_days":"15","crew_profession_pension_funds":"1,20","note":"Sbarca a Genova l`8 Agosto 1853, si reimbarca nella stessa città il 13 Marzo 1854"},"9":{"embarkation_port":"Genova","embarkation_date":"1853-07-22","discharge_port":"Genova","discharge_date":"1853-08-08","crew_surname":"Peragallo","crew_name":"Angelo","crew_birth_location":"Camogli","crew_birth_date":"1840","crew_serial_number":"11667","crew_profession_type":"Mozzo","crew_profession_wage":"Share","crew_profession_value":"0,25","crew_profession_months":"0","crew_profession_days":"17","crew_profession_pension_funds":"0,45"},"10":{"embarkation_port":"Genova","embarkation_date":"1854-01-02","discharge_port":"Genova","discharge_date":"1854-02-04","crew_surname":"Pellerano","crew_name":"Gio.Batta Pellegro","crew_birth_location":"Camogli","crew_birth_date":"1829","crew_serial_number":"783","crew_profession_type":"Marinaio","crew_profession_wage":"Share","crew_profession_value":"1","crew_profession_months":"1","crew_profession_days":"03","crew_profession_pension_funds":"1,21"},"11":{"embarkation_port":"Genova","embarkation_date":"1854-01-02","discharge_port":"Genova","discharge_date":"1854-02-04","crew_surname":"Razeto","crew_name":"Paolo Andrea","crew_birth_location":"Camogli","crew_birth_date":"1798","crew_serial_number":"5489","crew_profession_type":"Marinaio","crew_profession_wage":"Share","crew_profession_value":"1","crew_profession_months":"1","crew_profession_days":"03","crew_profession_pension_funds":"1,21"},"12":{"embarkation_port":"Genova","embarkation_date":"1854-01-02","discharge_port":"Genova","discharge_date":"1854-02-04","crew_surname":"Deluido","crew_name":"Gio.Batta","crew_birth_location":"Rapallo","crew_birth_date":"1839","crew_serial_number":"4679","crew_profession_type":"Marinaio","crew_profession_wage":"Share","crew_profession_value":"1","crew_profession_months":"1","crew_profession_days":"03","crew_profession_pension_funds":"1,21"},"13":{"embarkation_port":"Genova","embarkation_date":"1854-01-02","discharge_port":"Genova","discharge_date":"1854-02-04","crew_surname":"Schiaffino","crew_name":"Gio.Batta","crew_birth_location":"Camogli","crew_birth_date":"1834","crew_serial_number":"8640","crew_profession_type":"Marinaio","crew_profession_wage":"Share","crew_profession_value":"1","crew_profession_months":"1","crew_profession_days":"03","crew_profession_pension_funds":"1,21"},"14":{"embarkation_port":"Genova","embarkation_date":"1854-01-02","discharge_port":"Genova","discharge_date":"1854-02-04","crew_surname":"Perano","crew_name":"Biagio","crew_birth_location":"Rapallo","crew_birth_date":"1833","crew_serial_number":"4511","crew_profession_type":"Mozzo","crew_profession_wage":"Share","crew_profession_value":"0,66","crew_profession_months":"1","crew_profession_days":"03","crew_profession_pension_funds":"1,21"},"15":{"embarkation_port":"Genova","embarkation_date":"1854-01-02","discharge_port":"Genova","discharge_date":"1854-02-04","crew_surname":"Dapelo","crew_name":"Nicolò","crew_birth_location":"Santa Margherita","crew_birth_date":"1836","crew_serial_number":"5494","crew_profession_type":"Mozzo","crew_profession_wage":"Share","crew_profession_value":"0,50","crew_profession_months":"1","crew_profession_days":"03","crew_profession_pension_funds":"0,88"},"16":{"embarkation_port":"Genova","embarkation_date":"1854-01-02","discharge_port":"Genova","discharge_date":"1854-02-04","crew_surname":"Orero","crew_name":"Gio.Batta","crew_birth_location":"Recco","crew_birth_date":"1837","crew_serial_number":"9002","crew_profession_type":"Mozzo","crew_profession_wage":"Share","crew_profession_value":"0,66","crew_profession_months":"1","crew_profession_days":"03","crew_profession_pension_funds":"0,88"},"17":{"embarkation_port":"Genova","embarkation_date":"1854-01-13","discharge_port":"Genova","discharge_date":"1854-02-04","crew_surname":"Peragallo","crew_name":"Giuseppe","crew_birth_location":"Camogli","crew_birth_date":"1818","crew_serial_number":"4388","crew_profession_type":"Marinaio","crew_profession_wage":"Share","crew_profession_value":"1","crew_profession_months":"0","crew_profession_days":"22","crew_profession_pension_funds":"0,80"},"18":{"embarkation_port":"Genova","embarkation_date":"1854-03-13","discharge_port":"Genova","discharge_date":"1854-04-10","crew_surname":"Razeto","crew_name":"Francesco","crew_birth_location":"Camogli","crew_birth_date":"1803","crew_serial_number":"1195","crew_profession_type":"Marinaio","crew_profession_wage":"Share","crew_profession_value":"1","crew_profession_months":"0","crew_profession_days":"28","crew_profession_pension_funds":"1,02"},"19":{"embarkation_port":"Genova","embarkation_date":"1854-03-13","discharge_port":"Genova","discharge_date":"1854-04-10","crew_surname":"Crovaro","crew_name":"Gio.Batta","crew_birth_location":"Camogli","crew_birth_date":"1814","crew_serial_number":"876","crew_profession_type":"Marinaio","crew_profession_wage":"Share","crew_profession_value":"1","crew_profession_months":"0","crew_profession_days":"28","crew_profession_pension_funds":"1,02"},"20":{"embarkation_port":"Genova","embarkation_date":"1854-03-13","discharge_port":"Genova","discharge_date":"1854-04-10","crew_surname":"Simonetti","crew_name":"Pietro","crew_birth_location":"Rapallo","crew_birth_date":"1825","crew_serial_number":"1845","crew_profession_type":"Marinaio","crew_profession_wage":"Share","crew_profession_value":"1","crew_profession_months":"0","crew_profession_days":"28","crew_profession_pension_funds":"1,02"},"21":{"embarkation_port":"Genova","embarkation_date":"1854-03-13","discharge_port":"Genova","discharge_date":"1854-04-10","crew_surname":"Simonetti","crew_name":"Maurizio","crew_birth_location":"Rapallo","crew_birth_date":"1828","crew_serial_number":"1630","crew_profession_type":"Marinaio","crew_profession_wage":"Share","crew_profession_value":"1","crew_profession_months":"0","crew_profession_days":"28","crew_profession_pension_funds":"1,02"},"22":{"embarkation_port":"Genova","embarkation_date":"1854-03-13","discharge_port":"Genova","discharge_date":"1854-04-10","crew_surname":"Brignati","crew_name":"Fortunato","crew_birth_location":"Camogli","crew_birth_date":"1811","crew_serial_number":"207","crew_profession_type":"Marinaio","crew_profession_wage":"Share","crew_profession_value":"1","crew_profession_months":"0","crew_profession_days":"28","crew_profession_pension_funds":"1,02"},"23":{"embarkation_port":"Genova","embarkation_date":"1854-03-13","discharge_port":"Genova","discharge_date":"1854-04-10","crew_surname":"Bavestrello","crew_name":"Bartolomeo","crew_birth_location":"Rapallo","crew_birth_date":"1836","crew_serial_number":"5408","crew_profession_type":"Marinaio","crew_profession_wage":"Share","crew_profession_value":"1","crew_profession_months":"0","crew_profession_days":"28","crew_profession_pension_funds":"1,02"},"24":{"embarkation_port":"Genova","embarkation_date":"1854-03-13","discharge_port":"Genova","discharge_date":"1854-04-10","crew_surname":"Crovari","crew_name":"Andrea","crew_birth_location":"Camogli","crew_birth_date":"1843","crew_serial_number":"11710","crew_profession_type":"Mozzo","crew_profession_wage":"Share","crew_profession_value":"0,25","crew_profession_months":"0","crew_profession_days":"28","crew_profession_pension_funds":"0,74"}},"route":{"0":{"departure_port":"Genova","departure_date":"1854-01-20"},"1":{"departure_port":"Talamone","departure_date":"1854-01-26"},"2":{"departure_port":"Porto Ferraio","departure_date":"1854-01-27"},"3":{"departure_port":"Portofino","departure_date":"1854-02-04"},"4":{"departure_port":"Genova","departure_date":"1854-03-13"},"5":{"departure_port":"Livorno","departure_date":"1854-03-20"},"6":{"departure_port":"Longone"},"7":{},"8":{},"9":{},"10":{},"11":{},"12":{},"13":{},"14":{}}}}]}