﻿{"docs": [{"_id":"2018-03-26T13:22:32.077Z_7","template":"Crew List_IT","status":"Public","data":{"record_information":{"catalogue_id":"7","date_from":"2018-03-26","date_until":"2020-09-22T14:55:04","name":"Benedetta","surname":"Risso","role_in_project":""},"source_identity":{"archive_library":"Archivio di Stato di Genova","archive_library_location":"Genova","register_number":"3788","number_of_document":"14","date_of_document":"1859-06-07","date_of_document_to":"","issuing_authority":"Direzione Marittima di Genova","issuing_authority_location":"Genova","source_type_name":"","fond_number":"","fond_title":"","fond_series_number":"","file_number":"","file_tile":"","note":"","comment":""},"ship_records":{"ship_name":"Carolina","ship_type":"Brigantino","ship_tonnage":"149,38","construction_location":"Varazze","construction_location_date":"1875","ammunition_type":"","ammunition_quantity_value":"","ammunition_quantity_unit":"","registry_port":"Genova","registry_number":"1696","organization_name":"","owner_name":"Antonio","owner_surname":"Montanari","owner_fathers_name":"","note":"","comment":""},"ports_of_call":{"date_from":"1859-06-07","date_to":"1859-11-12","total_duration_months":"1","total_duration_years":"24","first_planned_destinations":"Marsiglia","total_crew_number":"9","note":"","comment":""},"crew_list":{"0":{"embarkation_port":"Genova","embarkation_date":"1859-06-07","discharge_port":"Genova","discharge_date":"1859-11-12","crew_surname":"Garassino","crew_name":"Nicolò","crew_birth_location":"Alassio","crew_birth_date":"1870","crew_serial_number":"1027","crew_profession_type":"Capitano di seconda classe","crew_profession_months":"1","crew_profession_days":"24","crew_profession_pension_funds":"6,36"},"1":{"embarkation_port":"Marsiglia","embarkation_date":"1859-06-07","discharge_port":"Savona","discharge_date":"1859-10-27","crew_surname":"Enrico","crew_name":"Luigi","crew_birth_location":"Alassio","crew_birth_date":"1832","crew_serial_number":"1449","crew_profession_type":"Secondo","crew_profession_wage":"Italian Lira","crew_profession_value":"60","crew_profession_months":"1","crew_profession_days":"22","crew_profession_pension_funds":"3,60"},"2":{"embarkation_port":"Marsiglia","embarkation_date":"1859-06-07","discharge_port":"Genova","discharge_date":"1859-06-17","crew_surname":"Scofferi","crew_name":"Giuseppe","crew_birth_location":"Alassio","crew_birth_date":"1819","crew_serial_number":"141","crew_profession_type":"Nostromo","crew_profession_wage":"Italian Lira","crew_profession_value":"53","crew_profession_days":"11","crew_profession_pension_funds":"0,55"},"3":{"embarkation_port":"Marsiglia","embarkation_date":"1859-06-07","discharge_port":"Genova","discharge_date":"1859-06-17","crew_surname":"Debernardis","crew_name":"Giuseppe","crew_birth_location":"Loano","crew_birth_date":"1839","crew_serial_number":"4712","crew_profession_type":"Marinaio","crew_profession_wage":"Italian Lira","crew_profession_value":"40","crew_profession_days":"11","crew_profession_pension_funds":"0.40"},"4":{"embarkation_port":"Marsiglia","embarkation_date":"1859-06-07","discharge_port":"Genova","discharge_date":"1859-06-17","crew_surname":"Profumo","crew_name":"Franco","crew_birth_location":"Pegli","crew_birth_date":"1834","crew_serial_number":"8636","crew_profession_type":"Dispensiere","crew_profession_wage":"Italian Lira","crew_profession_value":"50","crew_profession_days":"11","crew_profession_pension_funds":"0,40"},"5":{"embarkation_port":"Marsiglia","embarkation_date":"1859-06-07","discharge_port":"Genova","discharge_date":"1859-06-17","crew_surname":"Decotto","crew_name":"Filippo","crew_birth_location":"Pra","crew_birth_date":"1811","crew_serial_number":"3520","crew_profession_type":"Marinaio","crew_profession_wage":"Italian Lira","crew_profession_value":"40","crew_profession_days":"11","crew_profession_pension_funds":"0,40"},"6":{"embarkation_port":"Marsiglia","embarkation_date":"1859-06-07","discharge_port":"Genova","discharge_date":"1859-06-17","crew_surname":"Bignone","crew_name":"Lorenzo","crew_birth_location":"Pra","crew_birth_date":"1841","crew_serial_number":"12092","crew_profession_type":"Marinaio","crew_profession_wage":"Italian Lira","crew_profession_value":"40","crew_profession_days":"11","crew_profession_pension_funds":"0,40"},"7":{"embarkation_port":"Marsiglia","embarkation_date":"1859-06-07","discharge_port":"Genova","discharge_date":"1859-06-17","crew_surname":"Puppo","crew_name":"Gio Batta","crew_birth_location":"Voltri","crew_birth_date":"1833","crew_serial_number":"14189","crew_profession_type":"Marinaio","crew_profession_wage":"Italian Lira","crew_profession_value":"40","crew_profession_days":"11","crew_profession_pension_funds":"0,40"},"8":{"embarkation_port":"Marsiglia","embarkation_date":"1859-06-07","discharge_port":"Genova","discharge_date":"1859-06-17","crew_surname":"Schivo","crew_name":"Luigi","crew_birth_location":"Alassio","crew_birth_date":"1843","crew_serial_number":"2667","crew_profession_type":"Mozzo","crew_profession_wage":"Italian Lira","crew_profession_value":"30","crew_profession_days":"11","crew_profession_pension_funds":"0,29"},"9":{"embarkation_port":"Genova","embarkation_date":"1859-09-17","discharge_port":"Savona","discharge_date":"1859-10-27","crew_surname":"Garassino","crew_name":"Nicolò","crew_birth_location":"Alassio","crew_birth_date":"1870","crew_serial_number":"1076","crew_profession_type":"Nostromo","crew_profession_wage":"Italian Lira","crew_profession_value":"80","crew_profession_months":"1","crew_profession_days":"11","crew_profession_pension_funds":"2,05"},"10":{"embarkation_port":"Genova","embarkation_date":"1859-09-17","discharge_port":"Savona","discharge_date":"1859-10-27","crew_surname":"Colombino","crew_name":"Giuseppe","crew_birth_location":"Foce","crew_birth_date":"1822","crew_serial_number":"15336","crew_profession_type":"Marinaio","crew_profession_wage":"Italian Lira","crew_profession_value":"70","crew_profession_months":"1","crew_profession_days":"11","crew_profession_pension_funds":"1,50"},"11":{"embarkation_port":"Genova","embarkation_date":"1859-09-17","discharge_port":"Savona","discharge_date":"1859-10-27","crew_surname":"Beronio","crew_name":"Vincenzo","crew_birth_location":"Foce","crew_birth_date":"1871","crew_serial_number":"4495","crew_profession_type":"Marinaio","crew_profession_wage":"Italian Lira","crew_profession_value":"70","crew_profession_months":"1","crew_profession_days":"11","crew_profession_pension_funds":"1,50"},"12":{"embarkation_port":"Genova","embarkation_date":"1859-09-17","discharge_port":"Savona","discharge_date":"1859-10-27","crew_surname":"Enrico","crew_name":"Paolo","crew_birth_location":"Alassio","crew_birth_date":"1842","crew_serial_number":"2169","crew_profession_type":"Marinaio","crew_profession_wage":"Italian Lira","crew_profession_value":"70","crew_profession_months":"1","crew_profession_days":"11","crew_profession_pension_funds":"1,50"},"13":{"embarkation_port":"Genova","embarkation_date":"1859-09-17","discharge_port":"Savona","discharge_date":"1859-10-27","crew_surname":"Repetto","crew_name":"Pietro","crew_birth_location":"Foce","crew_birth_date":"1842","crew_serial_number":"14622","crew_profession_type":"Mozzo","crew_profession_wage":"Italian Lira","crew_profession_value":"70","crew_profession_months":"1","crew_profession_days":"11","crew_profession_pension_funds":"1,09"},"14":{"embarkation_port":"Genova","embarkation_date":"1859-09-17","discharge_port":"Savona","discharge_date":"1859-10-27","crew_surname":"Casella","crew_name":"Paolo","crew_birth_location":"Alassio","crew_birth_date":"1841","crew_serial_number":"2317","crew_profession_type":"Marinaio","crew_profession_months":"1","crew_profession_days":"11","crew_profession_pension_funds":"1,50"},"15":{"embarkation_port":"Genova","embarkation_date":"1859-09-17","discharge_port":"Savona","discharge_date":"1859-10-27","crew_surname":"Berio","crew_name":"Carlo","crew_birth_location":"Alassio","crew_birth_date":"1841","crew_serial_number":"2939","crew_profession_type":"Marinaio","crew_profession_months":"1","crew_profession_days":"11","crew_profession_pension_funds":"1,50"},"16":{"embarkation_port":"Genova","embarkation_date":"1859-09-17","discharge_port":"Savona","discharge_date":"1859-10-27","crew_surname":"Caffa","crew_name":"Gio Batta","crew_birth_location":"Laigueglia","crew_birth_date":"1843","crew_serial_number":"2665","crew_profession_type":"Marinaio","crew_profession_wage":"Italian Lira","crew_profession_value":"35","crew_profession_months":"1","crew_profession_days":"11","crew_profession_pension_funds":"1,09"},"17":{"embarkation_port":"Genova","embarkation_date":"1859-11-11","discharge_port":"Genova","discharge_date":"1859-11-12","crew_surname":"Gavarone","crew_name":"Pietro","crew_birth_location":"Albisola","crew_birth_date":"1820","crew_serial_number":"448","crew_profession_type":"Marinaio","crew_profession_wage":"Italian Lira","crew_profession_value":"12","crew_profession_days":"02","crew_profession_pension_funds":"0,07"},"18":{"embarkation_port":"Savona","embarkation_date":"1859-11-11","discharge_port":"Genova","discharge_date":"1859-11-12","crew_surname":"Graziano","crew_name":"Paolo","crew_birth_location":"Savona","crew_birth_date":"1840","crew_serial_number":"5405","crew_profession_type":"Marinaio","crew_profession_wage":"Italian Lira","crew_profession_value":"12","crew_profession_days":"02","crew_profession_pension_funds":"0,07"},"19":{"embarkation_port":"Savona","embarkation_date":"1859-11-11","discharge_port":"Genova","discharge_date":"1859-11-12","crew_surname":"Enrico","crew_name":"Luigi Emanuele","crew_birth_location":"Alassio","crew_birth_date":"1832","crew_serial_number":"1449","crew_profession_type":"Marinaio","crew_profession_wage":"Italian Lira","crew_profession_value":"12","crew_profession_days":"02","crew_profession_pension_funds":"0,07"},"20":{"embarkation_port":"Savona","embarkation_date":"1859-11-11","discharge_port":"Genova","discharge_date":"1859-11-12","crew_surname":"Guiducci","crew_name":"Stefano","crew_birth_location":"[?]","crew_birth_date":"1829","crew_serial_number":"4358","crew_profession_type":"Marinaio","crew_profession_wage":"Italian Lira","crew_profession_value":"12","crew_profession_days":"02","crew_profession_pension_funds":"0,07"},"21":{"embarkation_port":"Savona","embarkation_date":"1859-11-11","discharge_port":"Genova","discharge_date":"1859-11-12","crew_surname":"Zino","crew_name":"Francesco","crew_birth_location":"Savona","crew_birth_date":"1838","crew_serial_number":"4021","crew_profession_type":"Marinaio","crew_profession_wage":"Italian Lira","crew_profession_value":"12","crew_profession_days":"02","crew_profession_pension_funds":"0,07"},"22":{"embarkation_port":"Savona","embarkation_date":"1859-11-11","discharge_port":"Genova","discharge_date":"1859-11-12","crew_surname":"Becco","crew_name":"Pietro","crew_birth_location":"Savona","crew_birth_date":"1838","crew_serial_number":"3670","crew_profession_type":"Marinaio","crew_profession_wage":"Italian Lira","crew_profession_value":"12","crew_profession_days":"02","crew_profession_pension_funds":"0,07"},"23":{"embarkation_port":"Savona","embarkation_date":"1859-11-11","discharge_port":"Genova","discharge_date":"1859-11-12","crew_surname":"Casella","crew_name":"Paolo","crew_birth_location":"Savona","crew_birth_date":"1841","crew_serial_number":"2317","crew_profession_type":"Marinaio","crew_profession_wage":"Italian Lira","crew_profession_value":"12","crew_profession_days":"02","crew_profession_pension_funds":"0,07"},"24":{"embarkation_port":"Savona","embarkation_date":"1859-11-11","discharge_port":"Genova","discharge_date":"1859-11-12","crew_surname":"Enrico","crew_name":"Francesco","crew_birth_location":"Savona","crew_birth_date":"1843","crew_serial_number":"2949","crew_profession_type":"Mozzo","crew_profession_wage":"Italian Lira","crew_profession_value":"12","crew_profession_days":"02","crew_profession_pension_funds":"0,05"}},"route":{"0":{"departure_port":"Marsiglia","departure_date":"1859-06-11"},"1":{"departure_port":"Genova","departure_date":"1859-09-17"},"2":{"departure_port":"Cagliari","departure_date":"1859-10-11","arrival_port":"Cagliari","arrival_date":"1859-10-27"},"3":{"departure_port":"Savona","departure_date":"1859-11-11"},"4":{},"5":{},"6":{},"7":{},"8":{},"9":{},"10":{},"11":{},"12":{},"13":{},"14":{}}}}]}