﻿{"docs": [{"_id":"2018-12-13T13:48:09.426Z_5","template":"Crew List_IT","status":"Public","data":{"record_information":{"catalogue_id":"5","date_from":"2018-12-13","date_until":"2020-09-22T21:00:30","name":"Massimo","surname":"Ponasso","role_in_project":""},"source_identity":{"archive_library":"Archivio di Stato di Genova","archive_library_location":"Genova","register_number":"13","number_of_document":"4022","date_of_document":"1853-07-08","date_of_document_to":"","issuing_authority":"Direzione Marittima di Genova","issuing_authority_location":"Genova","source_type_name":"","fond_number":"","fond_title":"","fond_series_number":"","file_number":"","file_tile":"","note":"","comment":""},"ship_records":{"ship_name":"San Lorenzo","ship_type":"Brigantino","ship_tonnage":"135,03","construction_location":"Voltri","construction_location_date":"1838","ammunition_type":"","ammunition_quantity_value":"","ammunition_quantity_unit":"","registry_port":"Genova","registry_number":"424","organization_name":"","owner_name":"Prospero","owner_surname":"Senno","owner_fathers_name":"","note":"","comment":""},"ports_of_call":{"date_from":"1853-07-08","date_to":"1854-07-20","total_duration_months":"10","total_duration_years":"26","first_planned_destinations":"Odessa","total_crew_number":"9","note":"","comment":""},"crew_list":{"0":{"embarkation_port":"Genova","embarkation_date":"1853-07-08","discharge_port":"Genova","discharge_date":"1854-07-20","crew_surname":"Senno","crew_name":"Prospero","crew_birth_location":"Camogli","crew_birth_date":"1817","crew_serial_number":"3448","crew_profession_type":"Padrone di Prima Calsse","crew_profession_wage":"Share","crew_profession_value":"2","crew_profession_months":"10","crew_profession_days":"26","crew_profession_pension_funds":"38,03","note":"Autorizzato ad effettuare dei viaggi in Levante e fuori dallo stretto di Gibilterra non oltrepassando Lisbona e Mogador"},"1":{"embarkation_port":"Genova","embarkation_date":"1853-07-08","discharge_port":"Genova","discharge_date":"1853-12-19","crew_surname":"Schiaffino","crew_name":"Rocco","crew_birth_location":"Camogli","crew_birth_date":"1810","crew_serial_number":"4284","crew_profession_type":"Secondo","crew_profession_wage":"Share","crew_profession_value":"1,50","crew_profession_months":"5","crew_profession_days":"12","crew_profession_pension_funds":"8,10"},"2":{"embarkation_port":"Genova","embarkation_date":"1853-07-08","discharge_port":"Genova","discharge_date":"1853-12-19","crew_surname":"Figari","crew_name":"Gio. Batta","crew_birth_location":"Camogli","crew_birth_date":"1839","crew_serial_number":"8680","crew_profession_type":"Marinaio","crew_profession_wage":"Share","crew_profession_value":"1","crew_profession_months":"5","crew_profession_days":"12","crew_profession_pension_funds":"5,94"},"3":{"embarkation_port":"Genova","embarkation_date":"1853-07-08","discharge_port":"Genova","discharge_date":"1853-12-19","crew_surname":"Figari","crew_name":"Gerolamo","crew_birth_location":"Camogli","crew_birth_date":"1799","crew_serial_number":"1710","crew_profession_type":"Dispensiere","crew_profession_wage":"Share","crew_profession_value":"1,12","crew_profession_months":"5","crew_profession_days":"12","crew_profession_pension_funds":"5,94"},"4":{"embarkation_port":"Genova","embarkation_date":"1853-07-08","discharge_port":"Genova","discharge_date":"1853-12-19","crew_surname":"Fravega","crew_name":"Gio. Batta","crew_birth_location":"Camogli","crew_birth_date":"1818","crew_serial_number":"88","crew_profession_type":"Marinaio","crew_profession_wage":"Share","crew_profession_value":"1","crew_profession_months":"5","crew_profession_days":"12","crew_profession_pension_funds":"5,94"},"5":{"embarkation_port":"Genova","embarkation_date":"1853-07-08","discharge_port":"Genova","discharge_date":"1853-12-19","crew_surname":"Fravega","crew_name":"Francesco","crew_birth_location":"Camogli","crew_birth_date":"1824","crew_serial_number":"183","crew_profession_type":"Marinaro","crew_profession_wage":"Share","crew_profession_value":"1","crew_profession_months":"5","crew_profession_days":"12","crew_profession_pension_funds":"5,94"},"6":{"embarkation_port":"Genova","embarkation_date":"1853-07-08","discharge_port":"Genova","discharge_date":"1853-12-19","crew_surname":"Mortola","crew_name":"Andrea","crew_birth_location":"Camogli","crew_birth_date":"1834","crew_serial_number":"7941","crew_profession_type":"Marinaro","crew_profession_wage":"Share","crew_profession_value":"1","crew_profession_months":"5","crew_profession_days":"12","crew_profession_pension_funds":"5,94"},"7":{"embarkation_port":"Genova","embarkation_date":"1853-07-08","discharge_port":"Genova","discharge_date":"1853-12-19","crew_surname":"Figari","crew_name":"Francesco","crew_birth_location":"Camogli","crew_birth_date":"1837","crew_serial_number":"10338","crew_profession_type":"Mozzo","crew_profession_wage":"Share","crew_profession_value":"0,33","crew_profession_months":"5","crew_profession_days":"12","crew_profession_pension_funds":"4,32"},"8":{"embarkation_port":"Genova","embarkation_date":"1853-07-08","discharge_port":"Genova","discharge_date":"1853-12-19","crew_surname":"Schiaffino","crew_name":"Nicolò","crew_birth_location":"Camogli","crew_birth_date":"1841","crew_serial_number":"11653","crew_profession_type":"Mozzo","crew_profession_wage":"Share","crew_profession_value":"0,25","crew_profession_months":"5","crew_profession_days":"12","crew_profession_pension_funds":"4,32"},"9":{"embarkation_port":"Genova","embarkation_date":"1854-02-07","discharge_port":"Genova","discharge_date":"1854-07-20","crew_surname":"Lavarello","crew_name":"Antonio Gerolamo","crew_birth_location":"Camogli","crew_birth_date":"1796","crew_serial_number":"1716","crew_profession_type":"Secondo","crew_profession_wage":"Share","crew_profession_value":"1,50","crew_profession_months":"5","crew_profession_days":"14","crew_profession_pension_funds":"8,20"},"10":{"embarkation_port":"Genova","embarkation_date":"1854-02-07","discharge_port":"Genova","discharge_date":"1854-07-20","crew_surname":"Pagano","crew_name":"Rocco","crew_birth_location":"Camogli","crew_birth_date":"1831","crew_serial_number":"8375","crew_profession_type":"Marinaio","crew_profession_wage":"Share","crew_profession_value":"1","crew_profession_months":"5","crew_profession_days":"14","crew_profession_pension_funds":"6,01"},"11":{"embarkation_port":"Genova","embarkation_date":"1854-02-07","discharge_port":"Genova","discharge_date":"1854-07-20","crew_surname":"Bozzo","crew_name":"Nicolò","crew_birth_location":"Camogli","crew_birth_date":"1832","crew_serial_number":"7418","crew_profession_type":"Marinaio","crew_profession_wage":"Share","crew_profession_value":"1","crew_profession_months":"5","crew_profession_days":"14","crew_profession_pension_funds":"6,01"},"12":{"embarkation_port":"Genova","embarkation_date":"1854-02-07","discharge_port":"Genova","discharge_date":"1854-07-20","crew_surname":"Chiesa","crew_name":"Emanuele","crew_birth_location":"Camogli","crew_birth_date":"1832","crew_serial_number":"6990","crew_profession_type":"Marinaio","crew_profession_wage":"Share","crew_profession_value":"1","crew_profession_months":"5","crew_profession_days":"14","crew_profession_pension_funds":"6,01"},"13":{"embarkation_port":"Genova","embarkation_date":"1854-02-07","discharge_port":"Genova","discharge_date":"1854-05-24","crew_surname":"Costa","crew_name":"Paolo","crew_birth_location":"San Martino di Noceto","crew_birth_date":"1819","crew_serial_number":"1070","crew_profession_type":"Marinaio","crew_profession_wage":"Share","crew_profession_value":"1","crew_profession_months":"2","crew_profession_days":"18","crew_profession_pension_funds":"2,86"},"14":{"embarkation_port":"Genova","embarkation_date":"1854-02-07","discharge_port":"Genova","discharge_date":"1854-05-24","crew_surname":"Bisso","crew_name":"Francesco","crew_birth_location":"Camogli","crew_birth_date":"1834","crew_serial_number":"7180","crew_profession_type":"Marinaio","crew_profession_wage":"Share","crew_profession_value":"1","crew_profession_months":"2","crew_profession_days":"18","crew_profession_pension_funds":"2,86"},"15":{"embarkation_port":"Genova","embarkation_date":"1854-02-07","discharge_port":"Genova","discharge_date":"1854-07-20","crew_surname":"Luxardo","crew_name":"Giovanni","crew_birth_location":"Camogli","crew_birth_date":"1837","crew_serial_number":"9407","crew_profession_type":"Mozzo","crew_profession_wage":"Share","crew_profession_value":"0,33","crew_profession_months":"5","crew_profession_days":"14","crew_profession_pension_funds":"4,37"},"16":{"embarkation_port":"Genova","embarkation_date":"1854-02-07","discharge_port":"Genova","discharge_date":"1854-07-20","crew_surname":"Valle","crew_name":"Giacomo","crew_birth_location":"Camogli","crew_birth_date":"1840","crew_serial_number":"11934","crew_profession_type":"Mozzo","crew_profession_wage":"Share","crew_profession_value":"0,25","crew_profession_months":"5","crew_profession_days":"14","crew_profession_pension_funds":"4,37"},"17":{"embarkation_port":"Genova","embarkation_date":"1854-04-24","discharge_port":"Genova","discharge_date":"1854-07-20","crew_surname":"Lavarello","crew_name":"Giuseppe","crew_birth_location":"Camogli","crew_birth_date":"1831","crew_serial_number":"1721","crew_profession_type":"Marinaio","crew_profession_wage":"Share","crew_profession_value":"1","crew_profession_months":"2","crew_profession_days":"27","crew_profession_pension_funds":"3,19"},"18":{"embarkation_port":"Genova","embarkation_date":"1854-04-24","discharge_port":"Genova","discharge_date":"1854-07-20","crew_surname":"Chiesa","crew_name":"Bartolomeo","crew_birth_location":"Camogli","crew_birth_date":"1833","crew_serial_number":"6336","crew_profession_type":"Marinaio","crew_profession_wage":"Share","crew_profession_value":"1","crew_profession_months":"2","crew_profession_days":"27","crew_profession_pension_funds":"3,19"},"19":{},"20":{},"21":{},"22":{},"23":{},"24":{}},"route":{"0":{"departure_port":"Costantinopoli","departure_date":"1853-08-13"},"1":{"departure_port":"Odessa","departure_date":"1853-09-02"},"2":{"departure_port":"Costantinopoli","departure_date":"1853-09-10"},"3":{"departure_port":"Genova","departure_date":"1853-10-17","arrival_port":"Marsiglia","arrival_date":"1853-10-25"},"4":{"departure_port":"Marsiglia","departure_date":"1853-11-29"},"5":{"departure_port":"Genova","departure_date":"1854-02-07"},"6":{"departure_port":"Santa Margherita","departure_date":"1854-02-17"},"7":{"departure_port":"Malta","departure_date":"1854-02-28"},"8":{"departure_port":"Costantinopoli","departure_date":"1854-03-28"},"9":{"departure_port":"Genova","departure_date":"1854-04-24"},"10":{"departure_port":"Vezzano","departure_date":"1854-05-05"},"11":{"departure_port":"Santa Margherita","departure_date":"1854-05-23"},"12":{"departure_port":"Barcellona","departure_date":"1854-06-30","arrival_port":"Cette","arrival_date":"1854-07-04"},"13":{"departure_port":"Cette","departure_date":"1854-07-13"},"14":{}}}}]}