﻿{"docs": [{"_id":"2018-12-18T13:18:08.773Z_15","template":"Crew List_IT","status":"Public","data":{"record_information":{"catalogue_id":"15","date_from":"2018-12-18","date_until":"2020-09-22T21:31:56","name":"Massimo","surname":"Ponasso","role_in_project":""},"source_identity":{"archive_library":"Archivio di Stato di Genova","archive_library_location":"Genova","register_number":"12","number_of_document":"4145","date_of_document":"1853-07-25","date_of_document_to":"","issuing_authority":"Direzione Marittima di Genova","issuing_authority_location":"Genova","source_type_name":"","fond_number":"","fond_title":"","fond_series_number":"","file_number":"","file_tile":"","note":"","comment":""},"ship_records":{"ship_name":"Zenobia","ship_type":"Brigantino","ship_tonnage":"101,86","construction_location":"","construction_location_date":"1833","ammunition_type":"","ammunition_quantity_value":"","ammunition_quantity_unit":"","registry_port":"Genova","registry_number":"540","organization_name":"","owner_name":"Biagio","owner_surname":"Olivari","owner_fathers_name":"Prospero","note":"","comment":""},"ports_of_call":{"date_from":"1853-07-25","date_to":"1854-04-24","total_duration_months":"7","total_duration_years":"13","first_planned_destinations":"","total_crew_number":"9","note":"","comment":""},"crew_list":{"0":{"embarkation_port":"Genova","embarkation_date":"1853-07-25","discharge_port":"Genova","discharge_date":"1854-04-24","crew_surname":"Cansi","crew_name":"Pasquale","crew_birth_location":"Camogli","crew_birth_date":"1827","crew_serial_number":"5413","crew_profession_type":"Capitano di Seconda Classe","crew_profession_wage":"Share","crew_profession_value":"2","crew_profession_months":"7","crew_profession_days":"13","crew_profession_pension_funds":"26,01"},"1":{"embarkation_port":"Genova","embarkation_date":"1853-07-25","discharge_port":"Genova","discharge_date":"1853-12-16","crew_surname":"Schiaffino","crew_name":"Giovanni","crew_birth_location":"Camogli","crew_birth_date":"1800","crew_serial_number":"2838","crew_profession_type":"Secondo","crew_profession_wage":"Share","crew_profession_value":"1,25","crew_profession_months":"4","crew_profession_days":"22","crew_profession_pension_funds":"7,10"},"2":{"embarkation_port":"Genova","embarkation_date":"1853-07-25","discharge_port":"Genova","discharge_date":"1853-12-16","crew_surname":"Simonetti","crew_name":"Filippo","crew_birth_location":"Camogli","crew_birth_date":"1816","crew_serial_number":"143","crew_profession_type":"Marinaio","crew_profession_wage":"Share","crew_profession_value":"1","crew_profession_months":"4","crew_profession_days":"22","crew_profession_pension_funds":"5,20"},"3":{"embarkation_port":"Genova","embarkation_date":"1853-07-25","discharge_port":"Genova","discharge_date":"1853-12-16","crew_surname":"Aste","crew_name":"Giuseppe","crew_birth_location":"Camogli","crew_birth_date":"1811","crew_serial_number":"7011","crew_profession_type":"Marinaio","crew_profession_wage":"Share","crew_profession_value":"1","crew_profession_months":"4","crew_profession_days":"22","crew_profession_pension_funds":"5,20"},"4":{"embarkation_port":"Genova","embarkation_date":"1853-07-25","discharge_port":"Genova","discharge_date":"1853-12-16","crew_surname":"Passalacqua","crew_name":"Prospero","crew_birth_location":"Camogli","crew_birth_date":"1821","crew_serial_number":"2891","crew_profession_type":"Marinaio","crew_profession_wage":"Share","crew_profession_value":"1","crew_profession_months":"4","crew_profession_days":"22","crew_profession_pension_funds":"5,20"},"5":{"embarkation_port":"Genova","embarkation_date":"1853-07-25","discharge_port":"Genova","discharge_date":"1853-12-16","crew_surname":"Olivari","crew_name":"Francesco","crew_birth_location":"Camogli","crew_birth_date":"1823","crew_serial_number":"4794","crew_profession_type":"Marinaio","crew_profession_wage":"Share","crew_profession_value":"1","crew_profession_months":"4","crew_profession_days":"22","crew_profession_pension_funds":"5,20"},"6":{"embarkation_port":"Genova","embarkation_date":"1853-07-25","discharge_port":"Genova","discharge_date":"1853-12-16","crew_surname":"Capurro","crew_name":"Stefano","crew_birth_location":"Recco","crew_birth_date":"1833","crew_serial_number":"9453","crew_profession_type":"Marinaio","crew_profession_wage":"Share","crew_profession_value":"0,5","crew_profession_months":"4","crew_profession_days":"22","crew_profession_pension_funds":"5,20"},"7":{"embarkation_port":"Genova","embarkation_date":"1853-07-25","discharge_port":"Genova","discharge_date":"1853-12-16","crew_surname":"Olivari","crew_name":"Prospero","crew_birth_location":"Camogli","crew_birth_date":"1840","crew_serial_number":"10536","crew_profession_type":"Mozzo","crew_profession_wage":"Share","crew_profession_value":"0,25","crew_profession_months":"4","crew_profession_days":"22","crew_profession_pension_funds":"3,78"},"8":{"embarkation_port":"Genova","embarkation_date":"1853-07-25","discharge_port":"Genova","discharge_date":"1853-12-16","crew_surname":"Caffarena","crew_name":"Gio.Bono","crew_birth_location":"Recco","crew_birth_date":"1840","crew_serial_number":"11789","crew_profession_type":"Mozzo","crew_profession_wage":"Share","crew_profession_value":"0,25","crew_profession_months":"4","crew_profession_days":"22","crew_profession_pension_funds":"3,78"},"9":{"embarkation_port":"Genova","embarkation_date":"1854-02-04","discharge_port":"Genova","discharge_date":"1854-04-24","crew_surname":"Oneto","crew_name":"Francesco","crew_birth_location":"Camogli","crew_birth_date":"1820","crew_serial_number":"2514","crew_profession_type":"Secondo","crew_profession_wage":"Share","crew_profession_value":"1,25","crew_profession_months":"2","crew_profession_days":"21","crew_profession_pension_funds":"4,05"},"10":{"embarkation_port":"Genova","embarkation_date":"1854-02-04","discharge_port":"Genova","discharge_date":"1854-04-24","crew_surname":"Gennaro","crew_name":"Francesco","crew_birth_location":"Camogli","crew_birth_date":"1825","crew_serial_number":"2519","crew_profession_type":"Marinaio","crew_profession_wage":"Share","crew_profession_value":"1","crew_profession_months":"2","crew_profession_days":"21","crew_profession_pension_funds":"2,97"},"11":{"embarkation_port":"Genova","embarkation_date":"1854-02-04","discharge_port":"Genova","discharge_date":"1854-04-24","crew_surname":"Maggiolo","crew_name":"Gio.Batta","crew_birth_location":"Camogli","crew_birth_date":"1820","crew_serial_number":"5125","crew_profession_type":"Marinaio","crew_profession_wage":"Share","crew_profession_value":"1","crew_profession_months":"2","crew_profession_days":"21","crew_profession_pension_funds":"2,97"},"12":{"embarkation_port":"Genova","embarkation_date":"1854-02-04","discharge_port":"Genova","discharge_date":"1854-04-24","crew_surname":"Bozzo","crew_name":"Gio.Batta","crew_birth_location":"Rapallo","crew_birth_date":"1830","crew_serial_number":"3409","crew_profession_type":"Marinaio","crew_profession_wage":"Share","crew_profession_value":"1","crew_profession_months":"2","crew_profession_days":"21","crew_profession_pension_funds":"2,97"},"13":{"embarkation_port":"Genova","embarkation_date":"1854-02-04","discharge_port":"Genova","discharge_date":"1854-04-24","crew_surname":"Cevasco","crew_name":"Luigi","crew_birth_location":"Camogli","crew_birth_date":"1824","crew_serial_number":"7844","crew_profession_type":"Mozzo","crew_profession_wage":"Share","crew_profession_value":"1","crew_profession_months":"2","crew_profession_days":"21","crew_profession_pension_funds":"2,97"},"14":{"embarkation_port":"Genova","embarkation_date":"1854-02-04","discharge_port":"Genova","discharge_date":"1854-04-24","crew_surname":"Antola","crew_name":"Gio.Batta","crew_birth_location":"Camogli","crew_birth_date":"1823","crew_serial_number":"11096","crew_profession_type":"Marinaio","crew_profession_wage":"Share","crew_profession_value":"1","crew_profession_months":"2","crew_profession_days":"21","crew_profession_pension_funds":"2,97"},"15":{"embarkation_port":"Genova","embarkation_date":"1854-02-04","discharge_port":"Genova","discharge_date":"1854-04-24","crew_surname":"Schiaffino","crew_name":"Antonio","crew_birth_location":"Camogli","crew_birth_date":"1835","crew_serial_number":"8926","crew_profession_type":"Mozzo","crew_profession_wage":"Share","crew_profession_value":"0,75","crew_profession_months":"2","crew_profession_days":"21","crew_profession_pension_funds":"2,97"},"16":{"embarkation_port":"Genova","embarkation_date":"1854-02-04","discharge_port":"Genova","discharge_date":"1854-04-24","crew_surname":"Olivari","crew_name":"Prospero","crew_birth_location":"Camogli","crew_birth_date":"1840","crew_serial_number":"10536","crew_profession_type":"Mozzo","crew_profession_wage":"Share","crew_profession_value":"0,25","crew_profession_months":"2","crew_profession_days":"21","crew_profession_pension_funds":"2,16"},"17":{}},"route":{"0":{"departure_port":"Costantinopoli","departure_date":"1853-09-12"},"1":{"departure_port":"Kertch","departure_date":"1853-09-28"},"2":{"departure_port":"Taganrog","departure_date":"1853-10-07"},"3":{"departure_port":"Costantinopoli","departure_date":"1853-11-11"},"4":{"departure_port":"Messina","departure_date":"1853-12-03"},"5":{"departure_port":"Longone","departure_date":"1853-12-10"},"6":{"departure_port":"Genova","departure_date":"1854-02-04"},"7":{"departure_port":"Larnaca","departure_date":"1854-03-18"},"8":{},"9":{},"10":{},"11":{},"12":{},"13":{},"14":{}}}}]}