﻿{"docs": [{"_id":"2018-03-20T16:22:47.100Z_10","template":"Crew List_IT","status":"Public","data":{"record_information":{"catalogue_id":"10","date_from":"2018-03-20","date_until":"2020-09-22T15:30:34","name":"Francesco","surname":"Ferrando","role_in_project":""},"source_identity":{"archive_library":"Archivio di Stato di Genova","archive_library_location":"Genova","register_number":"14","number_of_document":"6861","date_of_document":"1861-02-15","date_of_document_to":"","issuing_authority":"Direzione Marittima di Genova","issuing_authority_location":"Genova","source_type_name":"","fond_number":"","fond_title":"","fond_series_number":"","file_number":"","file_tile":"","note":"","comment":""},"ship_records":{"ship_name":"Indipendenza Peruviana","ship_type":"Brigantino","ship_tonnage":"232,58","construction_location":"Prà","construction_location_date":"1853","ammunition_type":"","ammunition_quantity_value":"","ammunition_quantity_unit":"","registry_port":"Genova","registry_number":"1613","organization_name":"","owner_name":"Capurro","owner_surname":"Fortunato","owner_fathers_name":"","note":"","comment":""},"ports_of_call":{"date_from":"1861-02-15","date_to":"1862-02-13","total_duration_months":"11","total_duration_years":"29","first_planned_destinations":"Danubio","total_crew_number":"11","note":"","comment":""},"crew_list":{"0":{"embarkation_port":"Genova","embarkation_date":"1861-02-15","discharge_port":"Genova","discharge_date":"1862-02-13","crew_surname":"Schiaffino","crew_name":"Domenico","crew_birth_location":"Camogli","crew_birth_date":"1820","crew_serial_number":"261","crew_profession_type":"Capitano di 2* classe","crew_profession_wage":"Italian Lira","crew_profession_months":"11","crew_profession_days":"29","crew_profession_pension_funds":"41,88"},"1":{"embarkation_port":"Genova","embarkation_date":"1861-02-15","discharge_port":"Genova","discharge_date":"1862-02-13","crew_surname":"Mortola","crew_name":"Angelo","crew_birth_location":"Camogli","crew_birth_date":"1829","crew_serial_number":"3977","crew_profession_type":"Secondo","crew_profession_wage":"Italian Lira","crew_profession_value":"95","crew_profession_months":"11","crew_profession_days":"29","crew_profession_pension_funds":"17,75"},"2":{"embarkation_port":"Genova","embarkation_date":"1861-02-15","discharge_port":"Genova","discharge_date":"1862-02-13","crew_surname":"Avegno","crew_name":"Benedetto","crew_birth_location":"Camogli","crew_birth_date":"1833","crew_serial_number":"7278","crew_profession_type":"Dispensiere","crew_profession_wage":"Italian Lira","crew_profession_value":"70","crew_profession_months":"11","crew_profession_days":"29","crew_profession_pension_funds":"13,16"},"3":{"embarkation_port":"Genova","embarkation_date":"1861-02-15","discharge_port":"Genova","discharge_date":"1862-02-13","crew_surname":"Schiappacasse","crew_name":"Giuseppe","crew_birth_location":"Porto Ferraio","crew_birth_date":"1836","crew_serial_number":"Permesso","crew_profession_type":"Marinaio","crew_profession_wage":"Italian Lira","crew_profession_value":"60","crew_profession_months":"11","crew_profession_days":"29","crew_profession_pension_funds":"13,16"},"4":{"embarkation_port":"Genova","embarkation_date":"1861-02-15","discharge_port":"Genova","discharge_date":"1862-02-13","crew_surname":"Schiappacasse","crew_name":"Antonio","crew_birth_location":"Porto Ferraio","crew_birth_date":"1843","crew_serial_number":"Permesso","crew_profession_type":"Marinaio","crew_profession_wage":"Italian Lira","crew_profession_value":"60","crew_profession_months":"11","crew_profession_days":"29","crew_profession_pension_funds":"13,16"},"5":{"embarkation_port":"Genova","embarkation_date":"1861-02-15","discharge_port":"Genova","discharge_date":"1862-02-13","crew_surname":"Schiappacasse","crew_name":"Nicolò","crew_birth_location":"Porto Ferraio","crew_birth_date":"1826","crew_serial_number":"Permesso","crew_profession_type":"Marinaio","crew_profession_wage":"Italian Lira","crew_profession_value":"60","crew_profession_months":"11","crew_profession_days":"29","crew_profession_pension_funds":"13,16"},"6":{"embarkation_port":"Genova","embarkation_date":"1861-02-15","discharge_port":"Cardiff","discharge_date":"1861-08-15","crew_surname":"Dellacasa","crew_name":"Fortunato","crew_birth_location":"Camogli","crew_birth_date":"1835","crew_serial_number":"8522","crew_profession_type":"Marinaio","crew_profession_wage":"Italian Lira","crew_profession_value":"60","crew_profession_months":"6","crew_profession_days":"1","crew_profession_pension_funds":"6,64","note":"Disertato"},"7":{"embarkation_port":"Genova","embarkation_date":"1861-02-15","discharge_port":"Genova","discharge_date":"1862-02-13","crew_surname":"Capurro","crew_name":"Michele","crew_birth_location":"Camogli","crew_birth_date":"1846","crew_serial_number":"11976","crew_profession_type":"Mozzo","crew_profession_wage":"Italian Lira","crew_profession_value":"20","crew_profession_months":"11","crew_profession_days":"29","crew_profession_pension_funds":"9,57"},"8":{"embarkation_port":"Genova","embarkation_date":"1861-02-15","discharge_port":"Genova","discharge_date":"1862-02-13","crew_surname":"Figari","crew_name":"Simone","crew_birth_location":"Camogli","crew_birth_date":"1846","crew_serial_number":"14492","crew_profession_type":"Mozzo","crew_profession_wage":"Italian Lira","crew_profession_value":"20","crew_profession_months":"11","crew_profession_days":"29","crew_profession_pension_funds":"9,57"},"9":{"embarkation_port":"Genova","embarkation_date":"1861-02-15","discharge_port":"Cardiff","discharge_date":"1861-08-19","crew_surname":"Marchese","crew_name":"Eugenio","crew_birth_location":"Camogli","crew_birth_date":"1843","crew_serial_number":"13455","crew_profession_type":"Marinaio","crew_profession_wage":"Italian Lira","crew_profession_value":"60","crew_profession_months":"6","crew_profession_days":"5","crew_profession_pension_funds":"6,78","note":"Malattia"},"10":{"embarkation_port":"Genova","embarkation_date":"1861-02-15","discharge_port":"Genova","discharge_date":"1862-02-13","crew_surname":"Olivari","crew_name":"Lorenzo","crew_birth_location":"Camogli","crew_birth_date":"1833","crew_serial_number":"8000","crew_profession_type":"Marinaio","crew_profession_wage":"Italian Lira","crew_profession_value":"60","crew_profession_months":"11","crew_profession_days":"29","crew_profession_pension_funds":"13,16"},"11":{"embarkation_port":"Cardiff","embarkation_date":"1861-08-19","discharge_port":"Genova","discharge_date":"1862-02-13","crew_surname":"Pellegri","crew_name":"Bartolomeo","crew_birth_location":"(?)","crew_birth_date":"1843","crew_serial_number":"13415","crew_profession_type":"Marinaio","crew_profession_wage":"Italian Lira","crew_profession_value":"60","crew_profession_months":"5","crew_profession_days":"25","crew_profession_pension_funds":"6,42"},"12":{"embarkation_port":"Costantinopoli","embarkation_date":"1862-11-19","discharge_port":"Genova","discharge_date":"1862-02-13","crew_surname":"Giorgio Nicolati","crew_name":"Larzachi","crew_birth_location":"Elleno","crew_serial_number":"1421","crew_profession_type":"Marinaio","crew_profession_wage":"Italian Lira","crew_profession_value":"60","crew_profession_months":"2","crew_profession_days":"25","crew_profession_pension_funds":"3,12"},"13":{},"14":{}},"route":{"0":{"departure_port":"Longone","departure_date":"1861-02-21"},"1":{"departure_port":"Costantinopoli","departure_date":"1861-03-20"},"2":{"departure_port":"Sulina","departure_date":"1861-03-23"},"3":{"departure_port":"Braila","departure_date":"1861-05-03"},"4":{"departure_port":"Sulina","departure_date":"1861-05-08"},"5":{"departure_port":"Costantinopoli","departure_date":"1861-05-13"},"6":{"departure_port":"Gloucester","departure_date":"1861-08-05"},"7":{"departure_port":"Cardiff","departure_date":"1861-08-19"},"8":{"departure_port":"Malta","departure_date":"1861-09-27"},"9":{"departure_port":"Costantinopoli","departure_date":"1861-10-09"},"10":{"departure_port":"Odessa","departure_date":"1861-10-12"},"11":{"departure_port":"Costantinopoli","departure_date":"1861-10-26"},"12":{"departure_port":"Cefalonia","departure_date":"1862-01-08"},"13":{"departure_port":"Livorno","departure_date":"1862-02-07"},"14":{},"15":{},"16":{}}}}]}