﻿{"docs": [{"_id":"2018-03-27T12:29:18.423Z_11","template":"Crew List_IT","status":"Public","data":{"record_information":{"catalogue_id":"11","date_from":"2018-03-27","date_until":"2020-07-01T14:55:57","name":"Francesco","surname":"Ferrando","role_in_project":""},"source_identity":{"archive_library":"Archivio di Stato di Genova","archive_library_location":"Genova","register_number":"14","number_of_document":"6864","date_of_document":"1861-02-18","date_of_document_to":"","issuing_authority":"Direzione Marittima di Genova","issuing_authority_location":"Genova","source_type_name":"","fond_number":"","fond_title":"","fond_series_number":"","file_number":"","file_tile":"","note":"","comment":""},"ship_records":{"ship_name":"Antonio","ship_type":"Brigantino","ship_tonnage":"116,31","construction_location":"Recco","construction_location_date":"1854","ammunition_type":"","ammunition_quantity_value":"","ammunition_quantity_unit":"","registry_port":"Genova","registry_number":"1604","organization_name":"","owner_name":"Domenico\nCampondonico","owner_surname":"Bolusco\nLorenzo","owner_fathers_name":" \n ","note":"","comment":""},"ports_of_call":{"date_from":"1861-02-18","date_to":"1862-04-15","total_duration_months":"11","total_duration_years":"10","first_planned_destinations":"Maremma","total_crew_number":"9","note":"","comment":""},"crew_list":{"0":{"embarkation_port":"Napoli","embarkation_date":"1861-03-14","discharge_port":"Napoli","discharge_date":"1862-02-19","crew_surname":"Campodonico","crew_name":"Antonio","crew_birth_location":"Camogli","crew_birth_date":"1832","crew_serial_number":"5820","crew_profession_type":"Capitano di 2* classe","crew_profession_wage":"Share","crew_profession_value":"2","crew_profession_months":"11","crew_profession_days":"10","crew_profession_pension_funds":"39,67"},"1":{"embarkation_port":"Genova","embarkation_date":"1861-02-18","discharge_port":"Napoli","discharge_date":"1862-02-16","crew_surname":"Schiaffino","crew_name":"Giustino","crew_birth_location":"Camogli","crew_birth_date":"1841","crew_serial_number":"13344","crew_profession_type":"Dispensiere","crew_profession_wage":"Share","crew_profession_value":"2/2","crew_profession_months":"10","crew_profession_days":"11","crew_profession_pension_funds":"11,15"},"2":{"embarkation_port":"Genova","embarkation_date":"1861-02-18","discharge_port":"Genova","discharge_date":"1861-06-11","crew_surname":"Marana","crew_name":"Gio Bono","crew_birth_location":"Recco","crew_birth_date":"1843","crew_serial_number":"13859","crew_profession_type":"Marinaio","crew_profession_wage":"Share","crew_profession_value":"1","crew_profession_months":"3","crew_profession_days":"24","crew_profession_pension_funds":"4,18"},"3":{"embarkation_port":"Genova","embarkation_date":"1861-02-18","discharge_port":"Genova","discharge_date":"1861-06-11","crew_surname":"Cuneo","crew_name":"Antonio","crew_birth_location":"Camogli","crew_birth_date":"1834","crew_serial_number":"8974","crew_profession_type":"Marinaio","crew_profession_wage":"Share","crew_profession_value":"1","crew_profession_months":"3","crew_profession_days":"24","crew_profession_pension_funds":"4,18"},"4":{"embarkation_port":"Genova","embarkation_date":"1861-02-18","discharge_port":"Genova","discharge_date":"1861-06-11","crew_surname":"Cuneo","crew_name":"Barnico","crew_birth_location":"Camogli","crew_birth_date":"1843","crew_serial_number":"16089","crew_profession_type":"Marinaio","crew_profession_wage":"Share","crew_profession_value":"1","crew_profession_months":"3","crew_profession_days":"24","crew_profession_pension_funds":"4,18"},"5":{"embarkation_port":"Genova","embarkation_date":"1861-02-18","discharge_port":"Genova","discharge_date":"1861-06-11","crew_surname":"Favale","crew_name":"Tommaso","crew_birth_location":"Nossarego","crew_birth_date":"1839","crew_serial_number":"5555","crew_profession_type":"Marinaio","crew_profession_wage":"Share","crew_profession_value":"1","crew_profession_months":"3","crew_profession_days":"24","crew_profession_pension_funds":"4,18"},"6":{"embarkation_port":"Genova","embarkation_date":"1861-02-18","discharge_port":"Genova","discharge_date":"1861-06-11","crew_surname":"Demarchi","crew_name":"Antonio","crew_birth_location":"Recco","crew_birth_date":"1843","crew_serial_number":"14425","crew_profession_type":"Marinaio","crew_profession_wage":"Share","crew_profession_value":"1","crew_profession_months":"3","crew_profession_days":"24","crew_profession_pension_funds":"4,18"},"7":{"embarkation_port":"Genova","embarkation_date":"1861-02-18","discharge_port":"Genova","discharge_date":"1861-06-11","crew_surname":"Campodonico","crew_name":"Gio Batta","crew_birth_location":"Camogli","crew_birth_date":"1847","crew_serial_number":"14800","crew_profession_type":"Mozzo","crew_profession_wage":"Share","crew_profession_value":"1/3","crew_profession_months":"3","crew_profession_days":"24","crew_profession_pension_funds":"3,04"},"8":{"embarkation_port":"Genova","embarkation_date":"1861-02-18","discharge_port":"Genova","discharge_date":"1861-06-11","crew_surname":"Antola","crew_name":"Angelo","crew_birth_location":"Lori","crew_birth_date":"1844","crew_serial_number":"14521","crew_profession_type":"Mozzo","crew_profession_wage":"Share","crew_profession_value":"1/2","crew_profession_months":"3","crew_profession_days":"24","crew_profession_pension_funds":"4,18"},"9":{"embarkation_port":"Genova","embarkation_date":"1861-08-07","discharge_port":"Napoli","discharge_date":"1862-02-19","crew_surname":"Gioioso","crew_name":"Pietro","crew_birth_location":"S.Stefano","crew_birth_date":"1834","crew_serial_number":"1557","crew_profession_type":"Secondo","crew_profession_wage":"Share","crew_profession_value":"1","crew_profession_months":"7","crew_profession_days":"16","crew_profession_pension_funds":"11,30"},"10":{"embarkation_port":"Napoli","embarkation_date":"1862-03-14","discharge_port":"Genova","discharge_date":"1862-05-15","crew_surname":"Gioioso","crew_name":"Pietro","crew_birth_location":"S.Stefano","crew_birth_date":"1864","crew_serial_number":"1557","crew_profession_type":"Secondo","crew_profession_wage":"Share","crew_profession_value":"1","crew_profession_months":"7","crew_profession_days":"16","crew_profession_pension_funds":"11,30"},"11":{"embarkation_port":"Genova","embarkation_date":"1861-08-07","discharge_port":"Napoli","discharge_date":"1862-02-16","crew_surname":"Cichero","crew_name":"Angelo","crew_birth_location":"Recco","crew_birth_date":"1842","crew_serial_number":"13130","crew_profession_type":"Marinaio","crew_profession_wage":"Share","crew_profession_value":"1","crew_profession_months":"6","crew_profession_days":"10","crew_profession_pension_funds":"6,97"},"12":{"embarkation_port":"Genova","embarkation_date":"1861-08-07","discharge_port":"Napoli","discharge_date":"1862-02-16","crew_surname":"Tancredi","crew_name":"Giovanni","crew_birth_location":"Longone","crew_birth_date":"1826","crew_serial_number":"1484","crew_profession_type":"Marinaio","crew_profession_wage":"Share","crew_profession_value":"1","crew_profession_months":"6","crew_profession_days":"10","crew_profession_pension_funds":"6,97"},"13":{"embarkation_port":"Genova","embarkation_date":"1861-08-07","discharge_port":"Napoli","discharge_date":"1862-02-19","crew_surname":"Antola","crew_name":"Angelo","crew_birth_location":"Lori","crew_birth_date":"1844","crew_serial_number":"14121","crew_profession_type":"Mozzo","crew_profession_wage":"Share","crew_profession_value":"1/2","crew_profession_months":"6","crew_profession_days":"10","crew_profession_pension_funds":"7,08"},"14":{"embarkation_port":"Genova","embarkation_date":"1861-08-07","discharge_port":"Napoli","discharge_date":"1862-02-19","crew_surname":"Favale","crew_name":"Giuseppe","crew_birth_location":"Nossarego","crew_birth_date":"1841","crew_serial_number":"6725","crew_profession_type":"Mozzo","crew_profession_wage":"Share","crew_profession_value":"1/2","crew_profession_months":"6","crew_profession_days":"13","crew_profession_pension_funds":"7,08"},"15":{"embarkation_port":"Genova","embarkation_date":"1861-08-07","discharge_port":"Napoli","discharge_date":"1862-02-16","crew_surname":"Castello","crew_name":"Vittorio","crew_birth_location":"Camogli","crew_birth_date":"1845","crew_serial_number":"13050","crew_profession_type":"Mozzo","crew_profession_wage":"Share","crew_profession_value":"1/3","crew_profession_months":"6","crew_profession_days":"10","crew_profession_pension_funds":"5,07"},"16":{"embarkation_port":"Genova","embarkation_date":"1861-08-07","discharge_port":"Napoli","discharge_date":"1862-02-16","crew_surname":"Denegri","crew_name":"Lorenzo","crew_birth_location":"Celle","crew_birth_date":"1845","crew_serial_number":"3994","crew_profession_type":"Mozzo","crew_profession_wage":"Share","crew_profession_value":"3/4","crew_profession_months":"6","crew_profession_days":"10","crew_profession_pension_funds":"5,07"},"17":{"embarkation_port":"Napoli","embarkation_date":"1862-03-14","discharge_port":"Genova","discharge_date":"1862-05-15","crew_surname":"Olivari","crew_name":"Gio Batta Andrea","crew_birth_location":"San Martino di Noceto","crew_birth_date":"1844","crew_serial_number":"8108","crew_profession_type":"Mozzo","crew_profession_value":"Condizioni particolari","crew_profession_months":"1","crew_profession_days":"3","crew_profession_pension_funds":"1,21"},"18":{"embarkation_port":"Napoli","embarkation_date":"1862-03-14","discharge_port":"Genova","discharge_date":"1862-05-15","crew_surname":"Patalano","crew_name":"Luigi","crew_birth_location":"Iorio","crew_birth_date":"1815","crew_serial_number":"98","crew_profession_type":"Marinaio","crew_profession_value":"Condizioni particolari","crew_profession_months":"1","crew_profession_days":"3","crew_profession_pension_funds":"1,21"},"19":{"embarkation_port":"Napoli","embarkation_date":"1862-03-14","discharge_port":"Genova","discharge_date":"1862-05-15","crew_surname":"Lopes","crew_name":"Giuseppe","crew_birth_location":"Lipari","crew_birth_date":"1839","crew_serial_number":"1290","crew_profession_type":"Mozzo","crew_profession_value":"Condizioni particolari","crew_profession_months":"1","crew_profession_days":"3","crew_profession_pension_funds":"1,21"},"20":{"embarkation_port":"Napoli","embarkation_date":"1862-03-14","discharge_port":"Genova","discharge_date":"1862-05-15","crew_surname":"Troccoli","crew_name":"Francesco Daverio","crew_birth_location":"Palinuro","crew_birth_date":"1836","crew_serial_number":"14","crew_profession_type":"Mozzo","crew_profession_value":"Condizioni particolari","crew_profession_months":"1","crew_profession_days":"3","crew_profession_pension_funds":"1,21"},"21":{}},"route":{"0":{"departure_port":"Carlo Forte","departure_date":"1861-03-18"},"1":{"departure_port":"Malta","departure_date":"1861-03-26"},"2":{"departure_port":"Milo","departure_date":"1861-04-18"},"3":{"departure_port":"Salonicco","departure_date":"1861-05-13"},"4":{"departure_port":"Genova","departure_date":"1861-08-07"},"5":{"departure_port":"Malta","departure_date":"1861-08-20"},"6":{"departure_port":"Costantinopoli","departure_date":"1861-09-19"},"7":{"departure_port":"Kertch","departure_date":"1861-10-06"},"8":{"departure_port":"Berdiansk","departure_date":"1861-10-26"},"9":{"departure_port":"Costantinopoli","departure_date":"1861-11-27"},"10":{"departure_port":"Napoli","departure_date":"1862-03-14"},"11":{"departure_port":"Cagliari","departure_date":"1862-03-29"},"12":{},"13":{},"14":{}}}}]}