﻿{"docs": [{"_id":"2018-12-17T14:10:13.565Z_11","template":"Crew List_IT","status":"Public","data":{"record_information":{"catalogue_id":"11","date_from":"2018-12-17","date_until":"2019-08-29T13:26:57","name":"Massimo","surname":"Ponasso","role_in_project":""},"source_identity":{"archive_library":"Archivio di Stato di Genova","archive_library_location":"Genova","register_number":"13","number_of_document":"4044","date_of_document":"1853-07-19","issuing_authority":"Direzione Marittima di Genova","issuing_authority_location":"Genova","note":"","comment":""},"ship_records":{"ship_name":"L`Assunta","ship_type":"Brigantino","ship_tonnage":"96,46","construction_location":"Varazze","construction_location_date":"1836","ammunition_type":"","ammunition_quantity_value":"","ammunition_quantity_unit":"","registry_port":"Genova","registry_number":"449","owner_name":"Domenico","owner_surname":"Gardella","owner_fathers_name":"","note":"","comment":""},"ports_of_call":{"date_from":"1853-07-19","date_to":"1854-06-01","total_duration_months":"10","total_duration_years":"13","first_planned_destinations":"Talamone","total_crew_number":"8","note":"","comment":""},"crew_list":{"0":{"embarkation_port":"Genova","embarkation_date":"1853-07-19","discharge_port":"Portofino","discharge_date":"1853-08-01","crew_surname":"Ogno","crew_name":"Giovanni","crew_birth_location":"Camogli","crew_birth_date":"1827","crew_serial_number":"5690","crew_profession_type":"Capitano di Seconda Classe","crew_profession_wage":"Share","crew_profession_value":"2","crew_profession_months":"0","crew_profession_days":"13","crew_profession_pension_funds":"1,52","note":"RImasto a Portifino causa malattia."},"1":{"embarkation_port":"Genova","embarkation_date":"1853-07-19","discharge_port":"Portofino","discharge_date":"1853-07-31","crew_surname":"Repetto","crew_name":"Alessandro","crew_birth_location":"Camogli","crew_birth_date":"1831","crew_serial_number":"4187","crew_profession_type":"Secondo","crew_profession_wage":"Share","crew_profession_value":"1,50","crew_profession_months":"0","crew_profession_days":"12","crew_profession_pension_funds":"0,60"},"2":{"embarkation_port":"Genova","embarkation_date":"1853-07-19","discharge_port":"Portofino","discharge_date":"1853-07-31","crew_surname":"Macchiavello","crew_name":"Giuseppe","crew_birth_location":"Rapallo","crew_birth_date":"1827","crew_serial_number":"2826","crew_profession_type":"Marinaio","crew_profession_wage":"Share","crew_profession_value":"1","crew_profession_months":"0","crew_profession_days":"12","crew_profession_pension_funds":"0,44"},"3":{"embarkation_port":"Genova","embarkation_date":"1853-07-19","discharge_port":"Portofino","discharge_date":"1853-07-31","crew_surname":"Marini","crew_name":"Gio.Bono","crew_birth_location":"Camogli","crew_birth_date":"1820","crew_serial_number":"1177","crew_profession_type":"Marinaio","crew_profession_wage":"Share","crew_profession_value":"1","crew_profession_months":"0","crew_profession_days":"12","crew_profession_pension_funds":"0,44"},"4":{"embarkation_port":"Genova","embarkation_date":"1853-07-19","discharge_port":"Portofino","discharge_date":"1853-07-31","crew_surname":"Mori","crew_name":"Biagio","crew_birth_location":"Camogli","crew_birth_date":"1834","crew_serial_number":"8673","crew_profession_type":"Marinaio","crew_profession_wage":"Share","crew_profession_value":"1","crew_profession_months":"0","crew_profession_days":"12","crew_profession_pension_funds":"0,44"},"5":{"embarkation_port":"Genova","embarkation_date":"1853-07-19","discharge_port":"Portofino","discharge_date":"1853-07-31","crew_surname":"Mortola","crew_name":"Giuseppe","crew_birth_location":"Camogli","crew_birth_date":"1826","crew_serial_number":"5037","crew_profession_type":"Marinaio","crew_profession_wage":"Share","crew_profession_value":"1","crew_profession_months":"0","crew_profession_days":"12","crew_profession_pension_funds":"0,44"},"6":{"embarkation_port":"Genova","embarkation_date":"1853-07-19","discharge_port":"Portofino","discharge_date":"1853-07-30","crew_surname":"Oneto","crew_name":"Lorenzo","crew_birth_location":"Nozarego","crew_birth_date":"1832","crew_serial_number":"4418","crew_profession_type":"Mozzo","crew_profession_wage":"Share","crew_profession_value":"0,66","crew_profession_months":"0","crew_profession_days":"12","crew_profession_pension_funds":"0,44"},"7":{"embarkation_port":"Portofino","embarkation_date":"1853-07-19","discharge_port":"Genova","discharge_date":"1853-08-01","crew_surname":"Gardella","crew_name":"Simone","crew_birth_location":"Camogli","crew_birth_date":"1837","crew_serial_number":"9939","crew_profession_type":"Mozzo","crew_profession_wage":"Share","crew_profession_value":"0,50","crew_profession_months":"10","crew_profession_days":"13","crew_profession_pension_funds":"8,35"},"8":{"embarkation_port":"Portofino","embarkation_date":"1853-08-03","discharge_port":"Portofino","discharge_date":"1853-10-24","crew_surname":"Molfino","crew_name":"Prospero Fortunato","crew_birth_location":"Camogli","crew_birth_date":"1788","crew_serial_number":"4957","crew_profession_type":"Capitano con Permesso","crew_profession_wage":"Share","crew_profession_value":"1,75","crew_profession_months":"2","crew_profession_days":"22","crew_profession_pension_funds":"9,57"},"9":{"embarkation_port":"Portofino","embarkation_date":"1853-08-03","discharge_port":"Portofino","discharge_date":"1853-10-24","crew_surname":"Marini","crew_name":"Antonio","crew_birth_location":"Camogli","crew_birth_date":"1820","crew_serial_number":"275","crew_profession_type":"Secondo","crew_profession_wage":"Share","crew_profession_value":"1,50","crew_profession_months":"2","crew_profession_days":"22","crew_profession_pension_funds":"4,10"},"10":{"embarkation_port":"Portofino","embarkation_date":"1853-08-03","discharge_port":"Portofino","discharge_date":"1853-10-24","crew_surname":"Aste","crew_name":"Pietro Antonio","crew_birth_location":"Camogli","crew_birth_date":"1832","crew_serial_number":"4236","crew_profession_type":"Marinaio","crew_profession_wage":"Share","crew_profession_value":"1","crew_profession_months":"2","crew_profession_days":"22","crew_profession_pension_funds":"3,01"},"11":{"embarkation_port":"Portofino","embarkation_date":"1853-08-03","discharge_port":"Genova","discharge_date":"1853-08-01","crew_surname":"Gardella","crew_name":"Porspero","crew_birth_location":"Camogli","crew_birth_date":"1825","crew_serial_number":"781","crew_profession_type":"Direttore","crew_profession_wage":"Share","crew_profession_value":"1,75","crew_profession_months":"9","crew_profession_days":"29","crew_profession_pension_funds":"21,92","note":"Prese il comando a Portofino il 3 Ottobre 1853"},"12":{"embarkation_port":"Portofino","embarkation_date":"1853-08-03","discharge_port":"Portofino","discharge_date":"1853-10-24","crew_surname":"Peragallo","crew_name":"Giovanni Emanuele","crew_birth_location":"Camogli","crew_birth_date":"1833","crew_serial_number":"9805","crew_profession_type":"Marinaio","crew_profession_wage":"Share","crew_profession_value":"1","crew_profession_months":"2","crew_profession_days":"2","crew_profession_pension_funds":"3,07"},"13":{"embarkation_port":"Portofino","embarkation_date":"1853-08-03","discharge_port":"Genova","discharge_date":"1854-03-02","crew_surname":"Devoto","crew_name":"Gerolamo Antonio","crew_birth_location":"Camogli","crew_birth_date":"1833","crew_serial_number":"3999","crew_profession_type":"Marinaio","crew_profession_wage":"Share","crew_profession_value":"1","crew_profession_months":"7","crew_profession_days":"00","crew_profession_pension_funds":"7,70"},"14":{"embarkation_port":"Portofino","embarkation_date":"1853-08-03","discharge_port":"Portofino","discharge_date":"1853-10-24","crew_surname":"Olivari","crew_name":"Lorenzo","crew_birth_location":"Camogli","crew_birth_date":"1835","crew_serial_number":"8000","crew_profession_type":"Marinaio","crew_profession_wage":"Share","crew_profession_value":"1","crew_profession_months":"2","crew_profession_days":"22","crew_profession_pension_funds":"3,01"},"15":{"embarkation_port":"Portofino","embarkation_date":"1853-08-03","discharge_port":"Portofino","discharge_date":"1853-10-24","crew_surname":"Olivari","crew_name":"Emanuele","crew_birth_location":"Camogli","crew_birth_date":"1836","crew_serial_number":"8462","crew_profession_type":"Marinaio","crew_profession_wage":"Share","crew_profession_value":"0,5","crew_profession_months":"2","crew_profession_days":"22","crew_profession_pension_funds":"3,01"},"16":{"embarkation_port":"Portofino","embarkation_date":"1853-11-03","discharge_port":"Genova","discharge_date":"1854-03-02","crew_surname":"Molfino","crew_name":"Gio.Batta","crew_birth_location":"Novi","crew_birth_date":"1825","crew_serial_number":"159","crew_profession_type":"Nostromo","crew_profession_wage":"Share","crew_profession_value":"1,25","crew_profession_months":"4","crew_profession_days":"00","crew_profession_pension_funds":"6,00"},"17":{"embarkation_port":"Portofino","embarkation_date":"1853-11-03","discharge_port":"Genova","discharge_date":"1854-03-02","crew_surname":"Degregori","crew_name":"Giuseppe","crew_birth_location":"Camogli","crew_birth_date":"1792","crew_serial_number":"4140","crew_profession_type":"Secondo","crew_profession_wage":"Share","crew_profession_value":"1,50","crew_profession_months":"4","crew_profession_days":"00","crew_profession_pension_funds":"6,00"},"18":{"embarkation_port":"Portofino","embarkation_date":"1853-11-03","discharge_port":"Genova","discharge_date":"1854-06-01","crew_surname":"Mortola","crew_name":"Pellegro","crew_birth_location":"Camogli","crew_birth_date":"1792","crew_serial_number":"4267","crew_profession_type":"Marinaio","crew_profession_wage":"Share","crew_profession_value":"1","crew_profession_months":"6","crew_profession_days":"29","crew_profession_pension_funds":"7,66"},"19":{"embarkation_port":"Portofino","embarkation_date":"1853-11-03","discharge_port":"Genova","discharge_date":"1854-06-01","crew_surname":"Oneto","crew_name":"Lorenzo Andrea","crew_birth_location":"Nozarego","crew_birth_date":"1832","crew_serial_number":"4418","crew_profession_type":"Mozzo","crew_profession_wage":"Share","crew_profession_value":"0,75","crew_profession_months":"6","crew_profession_days":"29","crew_profession_pension_funds":"7,66"},"20":{"embarkation_port":"Portofino","embarkation_date":"1853-11-03","discharge_port":"Genova","discharge_date":"1854-06-01","crew_surname":"Casagrande","crew_name":"Francesco","crew_birth_location":"Camogli","crew_birth_date":"1810","crew_profession_type":"Mozzo","crew_profession_wage":"Share","crew_profession_value":"0,25","crew_profession_months":"6","crew_profession_days":"29","crew_profession_pension_funds":"5,57"},"21":{"embarkation_port":"Genova","embarkation_date":"1854-03-08","discharge_port":"Genova","discharge_date":"1854-06-01","crew_surname":"Valle","crew_name":"Emanuele","crew_birth_location":"Portofino","crew_birth_date":"1833","crew_serial_number":"4401","crew_profession_type":"Marinaio","crew_profession_wage":"Share","crew_profession_value":"1","crew_profession_months":"2","crew_profession_days":"24","crew_profession_pension_funds":"3,08"},"22":{"embarkation_port":"Genova","embarkation_date":"1854-03-08","discharge_port":"Genova","discharge_date":"1854-06-01","crew_surname":"Pellerano","crew_name":"Luigi Nicolò","crew_birth_location":"Camogli","crew_birth_date":"1791","crew_serial_number":"2781","crew_profession_type":"Marinaio","crew_profession_wage":"Share","crew_profession_value":"1","crew_profession_months":"2","crew_profession_days":"24","crew_profession_pension_funds":"3,08"},"23":{"embarkation_port":"Genova","embarkation_date":"1854-03-08","discharge_port":"Genova","discharge_date":"1854-06-01","crew_surname":"Schiaffino","crew_name":"Gerolamo","crew_birth_location":"Portofino","crew_birth_date":"1834","crew_serial_number":"4521","crew_profession_type":"Marinaio","crew_profession_wage":"Share","crew_profession_value":"1","crew_profession_months":"2","crew_profession_days":"24","crew_profession_pension_funds":"3,08"},"24":{"embarkation_port":"Genova","embarkation_date":"1854-03-25","discharge_port":"Marsigia","discharge_date":"1854-05-18","crew_surname":"Follegora","crew_name":"Nicolò","crew_birth_location":"Camogli","crew_birth_date":"1843","crew_serial_number":"11804","crew_profession_type":"Mozzo","crew_profession_wage":"Share","crew_profession_value":"0,25","crew_profession_months":"1","crew_profession_days":"22","crew_profession_pension_funds":"1,39"},"25":{},"26":{},"27":{},"28":{},"29":{},"30":{},"31":{},"32":{},"33":{},"34":{}},"route":{"0":{"departure_port":"Camogli","departure_date":"1853-07-26"},"1":{"departure_port":"Portofino","departure_date":"1853-08-03"},"2":{"departure_port":"Salonicco","departure_date":"1853-09-09"},"3":{"departure_port":"Livorno","departure_date":"1853-09-22"},"4":{"departure_port":"Portofino","departure_date":"1853-11-03"},"5":{"departure_port":"Longone","departure_date":"1853-11-06"},"6":{"departure_port":"Talamone","departure_date":"1853-11-10"},"7":{"departure_port":"Messina","departure_date":"1854-01-09"},"8":{"departure_port":"Camogli","departure_date":"1854-01-20","arrival_port":"Marsigia","arrival_date":"1854-01-25"},"9":{"departure_port":"Marsiglia","departure_date":"1854-02-08","arrival_port":"Hyeres","arrival_date":"1854-02-15"},"10":{"departure_port":"Hyeres","departure_date":"1854-02-17"},"11":{"departure_port":"Savona","departure_date":"1854-02-28"},"12":{"departure_port":"Talamone","departure_date":"1854-03-18"},"13":{"departure_port":"Longone","departure_date":"1854-03-22"},"14":{"departure_port":"Portofino","departure_date":"1854-03-27"},"15":{"departure_port":"Tolone","departure_date":"1854-03-31"},"16":{"departure_port":"Marsiglia","departure_date":"1854-05-18"},"17":{"departure_port":"Nizza","departure_date":"1854-06-02"},"18":{},"19":{},"20":{},"21":{},"22":{},"23":{},"24":{}}}}]}