﻿{"docs": [{"_id":"2018-03-26T15:43:00.860Z_21","template":"Crew List_IT","status":"Public","data":{"record_information":{"catalogue_id":"21","date_from":"2018-03-26","date_until":"2020-09-22T15:01:41","name":"Carolina","surname":"Gaggero ","role_in_project":""},"source_identity":{"archive_library":"Archivio di Stato di Genova","archive_library_location":"Genova","register_number":"14","number_of_document":"9598","date_of_document":"1862-02-26","date_of_document_to":"","issuing_authority":"Direzione marittima di Genova","issuing_authority_location":"Genova","source_type_name":"","fond_number":"","fond_title":"","fond_series_number":"","file_number":"","file_tile":"","note":"","comment":""},"ship_records":{"ship_name":"Dante","ship_type":"Brigantino","ship_tonnage":"278,03","construction_location":"Varazze","construction_location_date":"1857","ammunition_type":"","ammunition_quantity_value":"","ammunition_quantity_unit":"","registry_port":"Genova","registry_number":"1888","organization_name":"","owner_name":"Agostino","owner_surname":"De Gregori","owner_fathers_name":"","note":"","comment":""},"ports_of_call":{"date_from":"1862-02-25","date_to":"1862-10-29","total_duration_months":"7","total_duration_years":"12","first_planned_destinations":"Mar Nero","total_crew_number":"12","note":"","comment":""},"crew_list":{"0":{"embarkation_port":"Genova","embarkation_date":"1862-02-25","discharge_port":"Genova","discharge_date":"1862-10-29","crew_surname":"De Gregori","crew_name":"Giobatta","crew_birth_location":"Genova","crew_birth_date":"1832","crew_serial_number":"6802","crew_profession_type":"Capitano di seconda classe","crew_profession_wage":"Italian Lira","crew_profession_value":"100","crew_profession_months":"7","crew_profession_days":"12","crew_profession_pension_funds":"37"},"1":{"embarkation_port":"Genova","embarkation_date":"1862-02-25","discharge_port":"Livorno","discharge_date":"1862-07-06","crew_surname":"De Gregori","crew_name":"Luigi","crew_birth_location":"Genova","crew_birth_date":"1838","crew_serial_number":"11920","crew_profession_type":"Secondo","crew_profession_wage":"Italian Lira","crew_profession_value":"85","crew_profession_months":"4","crew_profession_days":"12","crew_profession_pension_funds":"6,60"},"2":{"embarkation_port":"Genova","embarkation_date":"1862-02-25","discharge_port":"Genova","discharge_date":"1862-10-29","crew_surname":"Schiaffino","crew_name":"Pellegro","crew_birth_location":"Genova","crew_birth_date":"1823","crew_serial_number":"210","crew_profession_type":"Nostromo","crew_profession_wage":"Italian Lira","crew_profession_value":"85","crew_profession_months":"7","crew_profession_days":"12","crew_profession_pension_funds":"11,10"},"3":{"embarkation_port":"Genova","embarkation_date":"1862-02-25","discharge_port":"Livorno","discharge_date":"1862-07-06","crew_surname":"Dellacasa","crew_name":"Lorenzo","crew_birth_location":"Genova","crew_birth_date":"1823","crew_serial_number":"4885","crew_profession_type":"Dispensiere","crew_profession_wage":"Italian Lira","crew_profession_value":"75","crew_profession_months":"4","crew_profession_days":"12","crew_profession_pension_funds":"4,84"},"4":{"embarkation_port":"Genova","embarkation_date":"1862-02-25","discharge_port":"Genova","discharge_date":"1862-10-29","crew_surname":"Ansaldo","crew_name":"Giobatta","crew_birth_location":"Genova","crew_birth_date":"1838","crew_serial_number":"10029","crew_profession_type":"Marinaio","crew_profession_wage":"Italian Lira","crew_profession_value":"60","crew_profession_months":"7","crew_profession_days":"12","crew_profession_pension_funds":"8,14"},"5":{"embarkation_port":"Genova","embarkation_date":"1862-02-25","discharge_port":"Livorno","discharge_date":"1862-07-06","crew_surname":"Dueret","crew_name":"Francesco","crew_birth_location":"Genova","crew_birth_date":"[33]","crew_profession_type":"Marinaio","crew_profession_wage":"Italian Lira","crew_profession_value":"60","crew_profession_months":"4","crew_profession_days":"12","crew_profession_pension_funds":"4,84"},"6":{"embarkation_port":"Livorno","embarkation_date":"1862-07-30","discharge_port":"Genova","discharge_date":"1862-10-29","crew_surname":"Schiaffino","crew_name":"Nicolò Giovanni","crew_birth_location":"Camogli","crew_birth_date":"1823","crew_serial_number":"51","crew_profession_type":"Secondo","crew_profession_wage":"Italian Lira","crew_profession_value":"90","crew_profession_months":"3","crew_profession_pension_funds":"4,50"},"7":{"embarkation_port":"Genova","embarkation_date":"1862-02-25","discharge_port":"Genova","discharge_date":"1862-10-29","crew_surname":"Massa","crew_name":"Antonio","crew_birth_location":"Genova","crew_birth_date":"1842","crew_serial_number":"11175","crew_profession_type":"Marinaio","crew_profession_wage":"Italian Lira","crew_profession_value":"60","crew_profession_months":"7","crew_profession_days":"12","crew_profession_pension_funds":"8,14"},"8":{"embarkation_port":"Genova","embarkation_date":"1862-02-25","discharge_port":"Genova","discharge_date":"1862-10-29","crew_surname":"Benso","crew_name":"Emanuele","crew_birth_location":"Chiavari","crew_birth_date":"1829","crew_serial_number":"2742","crew_profession_type":"Marinaio","crew_profession_wage":"Italian Lira","crew_profession_value":"60","crew_profession_months":"7","crew_profession_days":"12","crew_profession_pension_funds":"8,14"},"9":{"embarkation_port":"Genova","embarkation_date":"1862-02-25","discharge_port":"Genova","discharge_date":"1862-10-29","crew_surname":"Schiaffino","crew_name":"Emanuele","crew_birth_location":"Chiavari","crew_birth_date":"1832","crew_serial_number":"3710","crew_profession_type":"Marinaio","crew_profession_wage":"Italian Lira","crew_profession_value":"60","crew_profession_months":"7","crew_profession_days":"12","crew_profession_pension_funds":"8,14"},"10":{"embarkation_port":"Genova","embarkation_date":"1862-02-25","discharge_port":"Genova","discharge_date":"1862-10-29","crew_surname":"Mortola","crew_name":"Francesco","crew_birth_location":"Genova","crew_birth_date":"1842","crew_serial_number":"11405","crew_profession_type":"Marinaio","crew_profession_wage":"Italian Lira","crew_profession_value":"60","crew_profession_months":"7","crew_profession_days":"12","crew_profession_pension_funds":"8,14"},"11":{"embarkation_port":"Genova","embarkation_date":"1862-02-25","discharge_port":"Genova","discharge_date":"1862-10-29","crew_surname":"De Gregori","crew_name":"Fortunato","crew_birth_location":"Genova","crew_birth_date":"1846","crew_serial_number":"14105","crew_profession_type":"Mozzo","crew_profession_wage":"Italian Lira","crew_profession_value":"35","crew_profession_months":"7","crew_profession_days":"12","crew_profession_pension_funds":"5,92"},"12":{"embarkation_port":"Genova","embarkation_date":"1862-02-25","discharge_port":"Genova","discharge_date":"1862-10-29","crew_surname":"Macchiavello","crew_name":"Carlo","crew_birth_location":"Genova","crew_birth_date":"1844","crew_serial_number":"16328","crew_profession_type":"Mozzo","crew_profession_wage":"Italian Lira","crew_profession_value":"35","crew_profession_months":"7","crew_profession_days":"12","crew_profession_pension_funds":"5,92"},"13":{"embarkation_port":"Livorno","embarkation_date":"1862-07-30","discharge_port":"Genova","discharge_date":"1862-10-29","crew_surname":"Poggi","crew_name":"Domenico","crew_birth_location":"Genova","crew_birth_date":"1842","crew_serial_number":"14520","crew_profession_type":"Marinaio","crew_profession_wage":"Italian Lira","crew_profession_value":"56","crew_profession_months":"3","crew_profession_pension_funds":"3,30"},"14":{"embarkation_port":"Livorno","embarkation_date":"1862-07-30","discharge_port":"Genova","discharge_date":"1862-10-29","crew_surname":"Della Casa","crew_name":"Emanuele","crew_birth_location":"Camogli","crew_birth_date":"1839","crew_serial_number":"11293","crew_profession_type":"Dispensiere","crew_profession_wage":"Italian Lira","crew_profession_value":"66","crew_profession_months":"3","crew_profession_pension_funds":"3,30"},"15":{}},"route":{"0":{"departure_port":"Genova","departure_date":"1862-02-25"},"1":{"departure_port":"Costantinopoli","departure_date":"1862-03-31"},"2":{"departure_port":"Taganrog","departure_date":"1862-05-15"},"3":{"departure_port":"Costantinopoli","departure_date":"1862-06-02"},"4":{"departure_port":"Cagliari","departure_date":"1862-06-30"},"5":{"departure_port":"Livorno","departure_date":"1862-07-30"},"6":{"departure_port":"Malta","departure_date":"1862-08-11"},"7":{"departure_port":"Costantinopoli","departure_date":"1862-09-01"},"8":{"departure_port":"Odessa","departure_date":"1862-09-20"},"9":{"departure_port":"Costantinopoli","departure_date":"1862-09-27"},"10":{"departure_port":"Messina","departure_date":"1862-10-08"},"11":{"departure_port":"Gaeta","departure_date":"1862-10-21"},"12":{"arrival_port":"Genova","arrival_date":"1862-10-29"},"13":{},"14":{}}}}]}