﻿{"docs": [{"_id":"2018-03-27T12:47:41.229Z_14","template":"Crew List_IT","status":"Public","data":{"record_information":{"catalogue_id":"14","date_from":"2018-03-27","date_until":"2020-02-13T12:30:47","name":"Beatrice","surname":"Corradi","role_in_project":""},"source_identity":{"archive_library":"Archivio di stato","archive_library_location":"Genova","register_number":"15","number_of_document":"2531","date_of_document":"1862-03-18","date_of_document_to":"","issuing_authority":"Direzione marittima","issuing_authority_location":"Genova","source_type_name":"","fond_number":"","fond_title":"","fond_series_number":"","file_number":"","file_tile":"","note":"","comment":""},"ship_records":{"ship_name":"Andrea","ship_type":"brigantino","ship_tonnage":"274,16","construction_location":"Sestri Ponente","construction_location_date":"1859","ammunition_type":"","ammunition_quantity_value":"","ammunition_quantity_unit":"","registry_port":"Genova","registry_number":"1464","organization_name":"","owner_name":"Gaetano","owner_surname":"Ogno","owner_fathers_name":"","note":"","comment":""},"ports_of_call":{"date_from":"1862-03-17","date_to":"1863-02-09","total_duration_months":"10","total_duration_years":"17","first_planned_destinations":"Azoff","total_crew_number":"Dodici","note":"","comment":""},"crew_list":{"0":{"embarkation_port":"Genova","embarkation_date":"1862-03-17","discharge_port":"Genova","discharge_date":"1863-02-09","crew_surname":"Ogno","crew_name":"Gaetano","crew_birth_location":"Genova","crew_birth_date":"1834","crew_serial_number":"8389","crew_profession_type":"Capitano di Seconda classe","crew_profession_months":"10","crew_profession_days":"17","crew_profession_pension_funds":"36.98"},"1":{"embarkation_port":"Genova","embarkation_date":"1862-03-17","discharge_port":"Genova","discharge_date":"1863-02-09","crew_surname":"Lavagna","crew_name":"Carlo Antonio","crew_birth_location":"Queglia","crew_birth_date":"1838","crew_serial_number":"2859","crew_profession_type":"Secondo","crew_profession_wage":"Italian Lira","crew_profession_value":"60","crew_profession_months":"10","crew_profession_days":"17","crew_profession_pension_funds":"18,85"},"2":{"embarkation_port":"Genova","embarkation_date":"1862-03-17","discharge_port":"Genova","discharge_date":"1863-02-09","crew_surname":"Massa","crew_name":"Agostino","crew_birth_location":"Genova","crew_birth_date":"1811","crew_serial_number":"4877","crew_profession_type":"Nostromo","crew_profession_wage":"Italian Lira","crew_profession_value":"84","crew_profession_months":"10","crew_profession_days":"17","crew_profession_pension_funds":"18,85"},"3":{"embarkation_port":"Genova","embarkation_date":"1862-03-17","discharge_port":"Genova","discharge_date":"1863-02-09","crew_surname":"Oneto","crew_name":"Prospero","crew_birth_location":"Genova","crew_birth_date":"1817","crew_serial_number":"1069","crew_profession_type":"Dispensiere","crew_profession_wage":"Italian Lira","crew_profession_value":"70","crew_profession_months":"10","crew_profession_days":"17","crew_profession_pension_funds":"11,62"},"4":{"embarkation_port":"Genova","embarkation_date":"1862-03-17","discharge_port":"Genova","discharge_date":"1863-02-09","crew_surname":"Romani","crew_name":"Domenico","crew_birth_location":"La Spezia","crew_birth_date":"1842","crew_serial_number":"4551","crew_profession_type":"Marinaio","crew_profession_wage":"Italian Lira","crew_profession_value":"54","crew_profession_months":"10","crew_profession_days":"17","crew_profession_pension_funds":"11,62"},"5":{"embarkation_port":"Genova","embarkation_date":"1862-03-17","discharge_port":"Cardiff","discharge_date":"1862-10-29","crew_surname":"Schiaffino","crew_name":"Prospero","crew_birth_location":"Genova","crew_birth_date":"1843","crew_serial_number":"11725","crew_profession_type":"Marinaio","crew_profession_wage":"Italian Lira","crew_profession_value":"54","crew_profession_months":"7","crew_profession_days":"13","crew_profession_pension_funds":"11,62"},"6":{"embarkation_port":"Genova","embarkation_date":"1862-03-17","discharge_port":"Genova","discharge_date":"1863-02-09","crew_surname":"Schiaffino","crew_name":"Angelo","crew_birth_location":"Genova","crew_birth_date":"1841","crew_serial_number":"10861","crew_profession_type":"Marinaio","crew_profession_wage":"Italian Lira","crew_profession_value":"54","crew_profession_months":"10","crew_profession_days":"17","crew_profession_pension_funds":"11,62"},"7":{"embarkation_port":"Genova","embarkation_date":"1862-03-17","discharge_port":"Barcellona","discharge_date":"1862-12-15","crew_surname":"Stiappacasse","crew_name":"Prospero","crew_birth_location":"Porto Ferraio","crew_birth_date":"1836","crew_serial_number":"1838","crew_profession_type":"Marinaio","crew_profession_wage":"Italian Lira","crew_profession_value":"54","crew_profession_months":"8","crew_profession_days":"29","crew_profession_pension_funds":"9,86"},"8":{"embarkation_port":"Genova","embarkation_date":"1862-03-17","discharge_port":"Genova","discharge_date":"1863-02-09","crew_surname":"Chiesa","crew_name":"Giovanni","crew_birth_location":"Genova","crew_birth_date":"1841","crew_serial_number":"11746","crew_profession_type":"Marinaio","crew_profession_wage":"Italian Lira","crew_profession_value":"54","crew_profession_months":"10","crew_profession_days":"17","crew_profession_pension_funds":"11,62"},"9":{"embarkation_port":"Genova","embarkation_date":"1862-03-17","discharge_port":"Genova","discharge_date":"1863-02-09","crew_surname":"Massa","crew_name":"Franco","crew_birth_location":"Genova","crew_birth_date":"1849","crew_serial_number":"17148","crew_profession_type":"Mozzo","crew_profession_wage":"Italian Lira","crew_profession_value":"15","crew_profession_months":"10","crew_profession_days":"17","crew_profession_pension_funds":"8,19"},"10":{"embarkation_port":"Genova","embarkation_date":"1862-03-17","discharge_port":"Genova","discharge_date":"1863-02-09","crew_surname":"Oneto","crew_name":"Gaetano","crew_birth_location":"Genova","crew_birth_date":"1845","crew_serial_number":"14063","crew_profession_type":"Mozzo","crew_profession_wage":"Italian Lira","crew_profession_value":"30","crew_profession_months":"10","crew_profession_days":"17","crew_profession_pension_funds":"11,62"},"11":{"embarkation_port":"Genova","embarkation_date":"1862-03-17","discharge_port":"Genova","discharge_date":"1863-02-09","crew_surname":"Oneto","crew_name":"Lorenzo","crew_birth_location":"Genova","crew_birth_date":"1848","crew_serial_number":"15644","crew_profession_type":"Mozzo","crew_profession_wage":"Italian Lira","crew_profession_value":"20","crew_profession_months":"10","crew_profession_days":"17","crew_profession_pension_funds":"8,19"},"12":{"embarkation_port":"Cardiff","embarkation_date":"1862-10-29","discharge_port":"Genova","discharge_date":"1863-02-09","crew_surname":"Damiani","crew_name":"Biaggio","crew_birth_location":"Venezia","crew_serial_number":"662","crew_profession_type":"Marinaio","crew_profession_wage":"Italian Lira","crew_profession_value":"54","crew_profession_months":"3","crew_profession_days":"5","crew_profession_pension_funds":"3,48"},"13":{"embarkation_port":"Cagliari","embarkation_date":"1863-01-16","discharge_port":"Genova","discharge_date":"1863-02-09","crew_surname":"Mala","crew_name":"Luigi","crew_birth_location":"Alghero","crew_birth_date":"1833","crew_serial_number":"359","crew_profession_type":"Marinaio","crew_profession_days":"18","crew_profession_pension_funds":"0,11"},"14":{}},"route":{"0":{"departure_port":"Costantinopoli","departure_date":"1862-04-25"},"1":{"departure_port":"Berdiansk","departure_date":"1862-06-06"},"2":{"departure_port":"Costantinopoli","departure_date":"1862-06-19"},"3":{"departure_port":"Malta","departure_date":"1862-07-11"},"4":{"departure_port":"Falmouth","departure_date":"[?]"},"5":{"departure_port":"Gloucester","departure_date":"1862-10-04"},"6":{"departure_port":"Cardiff","departure_date":"1862-10-17"},"7":{"departure_port":"Barcellona","departure_date":"1862-12-15"},"8":{"departure_port":"Cagliari","departure_date":"1863-01-16"},"9":{},"10":{},"11":{},"12":{},"13":{},"14":{}}}}]}