﻿{"docs": [{"_id":"2018-02-28T15:18:15.246Z_8","template":"Crew List_IT","status":"Public","data":{"record_information":{"catalogue_id":"8","date_from":"2018-02-28","date_until":"2019-08-29T11:49:51","name":"Carolina","surname":"Gaggero","role_in_project":""},"source_identity":{"archive_library":"Archivio di Stato di Genova","archive_library_location":"Genova","register_number":"14","number_of_document":"6698","date_of_document":"1860-12-03","issuing_authority":"Direzione marittima di Genova","issuing_authority_location":"Genova","note":"","comment":""},"ship_records":{"ship_name":"Il Boschetto","ship_type":"Brigantino","ship_tonnage":"175,01","construction_location":"Varrazze","construction_location_date":"1851","ammunition_type":"","ammunition_quantity_value":"","ammunition_quantity_unit":"","registry_port":"Genova","registry_number":"1415","owner_name":"Giobatta","owner_surname":"Schiaffino","owner_fathers_name":"","note":"","comment":""},"ports_of_call":{"date_from":"1860-12-03","date_to":"1861-12-05","total_duration_months":"12","total_duration_years":"3","first_planned_destinations":"Smirne","total_crew_number":"9","note":"","comment":""},"crew_list":{"0":{"embarkation_port":"Genova","embarkation_date":"1860-12-03","discharge_port":"Genova","discharge_date":"1861-12-05","crew_surname":"Schiaffino","crew_name":"Giobatta","crew_birth_location":"Camogli","crew_birth_date":"1824","crew_serial_number":"2052","crew_profession_type":"Capitano di seconda classe","crew_profession_wage":"Share","crew_profession_value":"2","crew_profession_months":"12","crew_profession_days":"3","crew_profession_pension_funds":"42,35"},"1":{"embarkation_port":"Genova","embarkation_date":"1860-12-03","discharge_port":"Genova","discharge_date":"1861-12-05","crew_surname":"Razzeto","crew_name":"Prospero","crew_birth_location":"Camogli","crew_birth_date":"1808","crew_serial_number":"1691","crew_profession_type":"Secondo","crew_profession_wage":"Share","crew_profession_value":"1,5","crew_profession_months":"12","crew_profession_days":"3","crew_profession_pension_funds":"18,15"},"2":{"embarkation_port":"Genova","embarkation_date":"1860-12-03","discharge_port":"Genova","discharge_date":"1861-12-05","crew_surname":"Ogno","crew_name":"Domenico Biagio","crew_birth_location":"Camogli","crew_birth_date":"1820","crew_serial_number":"9457","crew_profession_type":"Marinaio","crew_profession_wage":"Share","crew_profession_value":"1","crew_profession_months":"12","crew_profession_days":"3","crew_profession_pension_funds":"13,31"},"3":{"embarkation_port":"Genova","embarkation_date":"1860-12-03","discharge_port":"Genova","discharge_date":"1861-12-05","crew_surname":"Maggiolo","crew_name":"Francesco","crew_birth_location":"Camogli","crew_birth_date":"1839","crew_serial_number":"10750","crew_profession_type":"Marinaio","crew_profession_wage":"Share","crew_profession_value":"1","crew_profession_months":"12","crew_profession_days":"3","crew_profession_pension_funds":"13,31"},"4":{"embarkation_port":"Genova","embarkation_date":"1860-12-03","discharge_port":"Genova","discharge_date":"1861-12-05","crew_surname":"Razzeto","crew_name":"Filippo","crew_birth_location":"Camogli","crew_birth_date":"1841","crew_serial_number":"11288","crew_profession_type":"Marinaio","crew_profession_wage":"Share","crew_profession_value":"1","crew_profession_months":"12","crew_profession_days":"3","crew_profession_pension_funds":"13,31"},"5":{"embarkation_port":"Genova","embarkation_date":"1860-12-03","discharge_port":"Genova","discharge_date":"1861-12-05","crew_surname":"Lavarello","crew_name":"Benedetto Fortunato","crew_birth_location":"Camogli","crew_birth_date":"1841","crew_serial_number":"11200","crew_profession_type":"Marinaio","crew_profession_wage":"Share","crew_profession_value":"1","crew_profession_months":"12","crew_profession_days":"3","crew_profession_pension_funds":"13,31"},"6":{"embarkation_port":"Genova","embarkation_date":"1860-12-03","discharge_port":"Genova","discharge_date":"1861-12-05","crew_surname":"Schiaffino","crew_name":"Prospero","crew_birth_location":"Camogli","crew_birth_date":"1833","crew_serial_number":"9489","crew_profession_type":"Marinaio","crew_profession_wage":"Share","crew_profession_value":"1","crew_profession_months":"12","crew_profession_days":"3","crew_profession_pension_funds":"13,31"},"7":{"embarkation_port":"Genova","embarkation_date":"1860-12-03","discharge_port":"Genova","discharge_date":"1861-12-05","crew_surname":"Molfino","crew_name":"Luigi","crew_birth_location":"Camogli","crew_birth_date":"1844","crew_serial_number":"13067","crew_profession_type":"Mozzo","crew_profession_wage":"Share","crew_profession_value":"1/3","crew_profession_months":"12","crew_profession_days":"3","crew_profession_pension_funds":"9,68"},"8":{"embarkation_port":"Genova","embarkation_date":"1860-12-03","discharge_port":"Genova","discharge_date":"1861-12-05","crew_surname":"Ogno","crew_name":"Antonio","crew_birth_location":"Camogli","crew_birth_date":"1847","crew_serial_number":"14730","crew_profession_type":"Mozzo","crew_profession_wage":"Share","crew_profession_value":"1/3","crew_profession_months":"12","crew_profession_days":"3","crew_profession_pension_funds":"9,68"},"9":{"embarkation_port":"Portofino","embarkation_date":"1860-12-18","discharge_port":"Genova","discharge_date":"1861-12-05","crew_surname":"Nosiglia","crew_name":"Vincenzo","crew_birth_location":"Rapallo","crew_birth_date":"1840","crew_serial_number":"6701","crew_profession_type":"Mozzo","crew_profession_wage":"Share","crew_profession_months":"11","crew_profession_days":"18","crew_profession_pension_funds":"12,76"},"10":{"embarkation_port":"Cardiff","embarkation_date":"1861-08-06","discharge_port":"Malta","discharge_date":"1861-09-15","crew_surname":"Seghe","crew_name":"Paolo","crew_birth_location":"Malta","crew_birth_date":"1852","crew_profession_wage":"Share","crew_profession_months":"1","crew_profession_pension_funds":"1,47","note":"per il suo passaggio, senza paga"},"11":{"crew_profession_wage":"Share"},"12":{"crew_profession_wage":"Share"},"13":{},"14":{},"15":{},"16":{},"17":{}},"route":{"0":{"departure_port":"Genova","departure_date":"1860-12-03"},"1":{"departure_port":"Portofino","departure_date":"1860-12-08"},"2":{"departure_port":"Smirne","departure_date":"1861-02-07"},"3":{"departure_port":"Costantinopoli","departure_date":"1861-02-16"},"4":{"departure_port":"Sulina","departure_date":"1861-02-23"},"5":{"departure_port":"Galatz","departure_date":"1861-03-11"},"6":{"departure_port":"Sulina","departure_date":"1861-03-28"},"7":{"departure_port":"Costantinopoli","departure_date":"1861-04-06"},"8":{"departure_port":"Cagliari","departure_date":"1861-04-22"},"9":{"departure_port":"Malta","departure_date":"1861-10-01"},"10":{"departure_port":"Salonicco","departure_date":"1861-11-16"},"11":{},"12":{},"13":{},"14":{}}}}]}