﻿{
    "docs": [
        {
            "_id": "2018-12-12T12:54:01.032Z_3",
            "template": "Crew List_IT",
            "status": "Public",
            "data": {
                "record_information": {
                    "catalogue_id": "3",
                    "date_from": "2018-12-12",
                    "date_until": "2019-08-29T12:04:44",
                    "name": "Massimo",
                    "surname": "Ponasso",
                    "role_in_project": ""
                },
                "source_identity": {
                    "archive_library": "Archivio di Stato di Genova",
                    "archive_library_location": "Genova",
                    "register_number": "13",
                    "number_of_document": "4020",
                    "date_of_document": "1853-07-06",
                    "issuing_authority": "Direzione Marittima di Genova",
                    "issuing_authority_location": "Genova",
                    "note": "",
                    "comment": ""
                },
                "ship_records": {
                    "ship_name": "Il Prudente",
                    "ship_type": "Brigantino",
                    "ship_tonnage": "169,87",
                    "construction_location": "Varazze",
                    "construction_location_date": "1833",
                    "ammunition_type": "",
                    "ammunition_quantity_value": "",
                    "ammunition_quantity_unit": "",
                    "registry_port": "Genova",
                    "registry_number": "362",
                    "owner_name": "Giuseppe",
                    "owner_surname": "Degregori",
                    "owner_fathers_name": "",
                    "note": "",
                    "comment": ""
                },
                "ports_of_call": {
                    "date_from": "1853-07-06",
                    "date_to": "1855-09-05",
                    "total_duration_months": "21",
                    "total_duration_years": "28",
                    "first_planned_destinations": "",
                    "total_crew_number": "10",
                    "note": "",
                    "comment": ""
                },
                "crew_list": {
                    "0": {
                        "embarkation_port": "Genova",
                        "embarkation_date": "1853-07-06",
                        "discharge_port": "Genova",
                        "discharge_date": "1855-09-05",
                        "crew_surname": "Chiesa",
                        "crew_name": "Francesco",
                        "crew_birth_location": "Camogli",
                        "crew_birth_date": "1812",
                        "crew_serial_number": "4711",
                        "crew_profession_type": "Capitano di Seconda Classe",
                        "crew_profession_wage": "Share",
                        "crew_profession_value": "2",
                        "crew_profession_months": "21",
                        "crew_profession_days": "28",
                        "crew_profession_pension_funds": "76,76"
                    },
                    "1": {
                        "embarkation_port": "Genova",
                        "embarkation_date": "1853-07-06",
                        "discharge_port": "Genova",
                        "discharge_date": "1855-09-05",
                        "crew_surname": "Chiesa",
                        "crew_name": "Filippo",
                        "crew_birth_location": "Camogli",
                        "crew_birth_date": "1817",
                        "crew_serial_number": "2283",
                        "crew_profession_type": "Secondo",
                        "crew_profession_wage": "Share",
                        "crew_profession_value": "1,50",
                        "crew_profession_months": "21",
                        "crew_profession_days": "28",
                        "crew_profession_pension_funds": "32,90"
                    },
                    "2": {
                        "embarkation_port": "Genova",
                        "embarkation_date": "1853-07-06",
                        "discharge_port": "Genova",
                        "discharge_date": "1853-11-07",
                        "crew_surname": "Olivari",
                        "crew_name": "Domenico",
                        "crew_birth_location": "Camogli",
                        "crew_birth_date": "1802",
                        "crew_serial_number": "2206",
                        "crew_profession_type": "Dispensiere",
                        "crew_profession_wage": "Share",
                        "crew_profession_value": "1,12",
                        "crew_profession_months": "4",
                        "crew_profession_days": "02",
                        "crew_profession_pension_funds": "4,47"
                    },
                    "3": {
                        "embarkation_port": "Genova",
                        "embarkation_date": "1853-07-06",
                        "discharge_port": "Genova",
                        "discharge_date": "1853-11-07",
                        "crew_surname": "Pastorino",
                        "crew_name": "Bernardo",
                        "crew_birth_location": "Camogli",
                        "crew_birth_date": "1833",
                        "crew_serial_number": "6851",
                        "crew_profession_type": "Marinaio",
                        "crew_profession_wage": "Share",
                        "crew_profession_value": "1",
                        "crew_profession_months": "4",
                        "crew_profession_days": "02",
                        "crew_profession_pension_funds": "4,47"
                    },
                    "4": {
                        "embarkation_port": "Genova",
                        "embarkation_date": "1853-07-06",
                        "discharge_port": "Genova",
                        "discharge_date": "1853-11-07",
                        "crew_surname": "Massa",
                        "crew_name": "Giacomo",
                        "crew_birth_location": "Camogli",
                        "crew_birth_date": "1835",
                        "crew_serial_number": "8664",
                        "crew_profession_type": "Marinaio",
                        "crew_profession_wage": "Share",
                        "crew_profession_value": "1",
                        "crew_profession_months": "4",
                        "crew_profession_days": "02",
                        "crew_profession_pension_funds": "4,47"
                    },
                    "5": {
                        "embarkation_port": "Genova",
                        "embarkation_date": "1853-07-06",
                        "discharge_port": "Genova",
                        "discharge_date": "1853-11-07",
                        "crew_surname": "Simonetti",
                        "crew_name": "Giovanni",
                        "crew_birth_location": "Camogli",
                        "crew_birth_date": "1819",
                        "crew_serial_number": "949",
                        "crew_profession_type": "Marinaio",
                        "crew_profession_wage": "Share",
                        "crew_profession_value": "1",
                        "crew_profession_months": "4",
                        "crew_profession_days": "02",
                        "crew_profession_pension_funds": "4,47"
                    },
                    "6": {
                        "embarkation_port": "Genova",
                        "embarkation_date": "1853-07-06",
                        "discharge_port": "Genova",
                        "discharge_date": "1853-11-07",
                        "crew_surname": "Olivari",
                        "crew_name": "Paolo",
                        "crew_birth_location": "Camogli",
                        "crew_birth_date": "1824",
                        "crew_serial_number": "8022",
                        "crew_profession_type": "Marinaio",
                        "crew_profession_wage": "Share",
                        "crew_profession_value": "1",
                        "crew_profession_months": "4",
                        "crew_profession_days": "02",
                        "crew_profession_pension_funds": "4,47"
                    },
                    "7": {
                        "embarkation_port": "Genova",
                        "embarkation_date": "1853-07-06",
                        "discharge_port": "Genova",
                        "discharge_date": "1853-11-07",
                        "crew_surname": "Chiesa",
                        "crew_name": "Biagio",
                        "crew_birth_location": "Camogli",
                        "crew_birth_date": "1833",
                        "crew_serial_number": "7283",
                        "crew_profession_type": "Marinaio",
                        "crew_profession_wage": "Share",
                        "crew_profession_value": "1",
                        "crew_profession_months": "4",
                        "crew_profession_days": "02",
                        "crew_profession_pension_funds": "4,47"
                    },
                    "8": {
                        "embarkation_port": "Genova",
                        "embarkation_date": "1853-07-06",
                        "discharge_port": "Genova",
                        "discharge_date": "1853-11-07",
                        "crew_surname": "Razeto",
                        "crew_name": "Antonio",
                        "crew_birth_location": "Recco",
                        "crew_birth_date": "1838",
                        "crew_serial_number": "11411",
                        "crew_profession_type": "Mozzo",
                        "crew_profession_wage": "Share",
                        "crew_profession_value": "0,25",
                        "crew_profession_months": "4",
                        "crew_profession_days": "02",
                        "crew_profession_pension_funds": "3,25"
                    },
                    "9": {
                        "embarkation_port": "Genova",
                        "embarkation_date": "1853-07-06",
                        "discharge_port": "Genova",
                        "discharge_date": "1853-11-07",
                        "crew_surname": "Chiesa",
                        "crew_name": "Giobatta",
                        "crew_birth_location": "Camogli",
                        "crew_birth_date": "1837",
                        "crew_serial_number": "10030",
                        "crew_profession_type": "Mozzo",
                        "crew_profession_wage": "Share",
                        "crew_profession_value": "0,25",
                        "crew_profession_months": "4",
                        "crew_profession_days": "02",
                        "crew_profession_pension_funds": "3,25"
                    },
                    "10": {
                        "embarkation_port": "Marsiglia",
                        "embarkation_date": "1853-08-01",
                        "discharge_port": "Genova",
                        "discharge_date": "1855-09-05",
                        "crew_surname": "Chiesa",
                        "crew_name": "Andrea",
                        "crew_birth_location": "Camogli",
                        "crew_profession_type": "Mozzo",
                        "crew_profession_wage": "Share",
                        "crew_profession_value": "0,25",
                        "crew_profession_months": "20",
                        "crew_profession_days": "04",
                        "crew_profession_pension_funds": "16,11"
                    },
                    "11": {
                        "embarkation_port": "Genova",
                        "embarkation_date": "1854-02-01",
                        "discharge_port": "Genova",
                        "discharge_date": "1854-04-21",
                        "crew_surname": "Massa",
                        "crew_name": "Lorenzo",
                        "crew_birth_location": "Camogli",
                        "crew_birth_date": "1818",
                        "crew_serial_number": "2094",
                        "crew_profession_type": "Marinaio",
                        "crew_profession_wage": "Share",
                        "crew_profession_value": "1",
                        "crew_profession_months": "2",
                        "crew_profession_days": "21",
                        "crew_profession_pension_funds": "2,97"
                    },
                    "12": {
                        "embarkation_port": "Genova",
                        "embarkation_date": "1854-02-01",
                        "discharge_port": "Genova",
                        "discharge_date": "1854-04-21",
                        "crew_surname": "Beretta",
                        "crew_name": "Angelo",
                        "crew_birth_location": "Santa Margherita",
                        "crew_birth_date": "1822",
                        "crew_serial_number": "127",
                        "crew_profession_type": "Marinaio",
                        "crew_profession_wage": "Share",
                        "crew_profession_value": "1",
                        "crew_profession_months": "2",
                        "crew_profession_days": "21",
                        "crew_profession_pension_funds": "2,97"
                    },
                    "13": {
                        "embarkation_port": "Genova",
                        "embarkation_date": "1854-02-01",
                        "discharge_port": "Genova",
                        "discharge_date": "1854-04-21",
                        "crew_surname": "Roccatagliata",
                        "crew_name": "Tommaso",
                        "crew_birth_location": "Santa Margherita",
                        "crew_birth_date": "1824",
                        "crew_serial_number": "935",
                        "crew_profession_type": "Marinaio",
                        "crew_profession_wage": "Share",
                        "crew_profession_value": "1",
                        "crew_profession_months": "2",
                        "crew_profession_days": "21",
                        "crew_profession_pension_funds": "2,97"
                    },
                    "14": {
                        "embarkation_port": "Genova",
                        "embarkation_date": "1854-02-01",
                        "discharge_port": "Genova",
                        "discharge_date": "1854-04-21",
                        "crew_surname": "Marrè",
                        "crew_name": "Silvestro",
                        "crew_birth_location": "Santa Margherita",
                        "crew_birth_date": "1826",
                        "crew_serial_number": "1468",
                        "crew_profession_type": "Marinaio",
                        "crew_profession_wage": "Share",
                        "crew_profession_value": "1",
                        "crew_profession_months": "2",
                        "crew_profession_days": "21",
                        "crew_profession_pension_funds": "2,97"
                    },
                    "15": {
                        "embarkation_port": "Genova",
                        "embarkation_date": "1854-02-01",
                        "discharge_port": "Genova",
                        "discharge_date": "1854-04-21",
                        "crew_surname": "Seniorile",
                        "crew_name": "Lorenzo",
                        "crew_birth_location": "Zoagli",
                        "crew_birth_date": "1824",
                        "crew_serial_number": "4422",
                        "crew_profession_type": "Marinaio",
                        "crew_profession_wage": "Share",
                        "crew_profession_value": "1",
                        "crew_profession_months": "2",
                        "crew_profession_days": "21",
                        "crew_profession_pension_funds": "2,97"
                    },
                    "16": {
                        "embarkation_port": "Genova",
                        "embarkation_date": "1854-02-01",
                        "discharge_port": "Genova",
                        "discharge_date": "1854-04-21",
                        "crew_surname": "Mortola",
                        "crew_name": "Francesco",
                        "crew_birth_location": "Camogli",
                        "crew_birth_date": "1812",
                        "crew_serial_number": "2116",
                        "crew_profession_type": "Dispensiere",
                        "crew_profession_wage": "Share",
                        "crew_profession_value": "1,25",
                        "crew_profession_months": "2",
                        "crew_profession_days": "21",
                        "crew_profession_pension_funds": "2,97"
                    },
                    "17": {
                        "embarkation_port": "Costantinopoli",
                        "embarkation_date": "1854-04-03",
                        "discharge_port": "Genova",
                        "discharge_date": "1855-09-05",
                        "crew_surname": "Canessa",
                        "crew_name": "Bartolomeo",
                        "crew_birth_location": "Rapallo",
                        "crew_birth_date": "1828",
                        "crew_serial_number": "3232",
                        "crew_profession_type": "Marinaio",
                        "crew_profession_wage": "Italian Lira",
                        "crew_profession_value": "85",
                        "crew_profession_months": "5",
                        "crew_profession_days": "03",
                        "crew_profession_pension_funds": "5,61"
                    },
                    "18": {
                        "embarkation_port": "Costantinopoli",
                        "embarkation_date": "1854-04-03",
                        "discharge_port": "Costantinopoli",
                        "discharge_date": "1855-07-31",
                        "crew_surname": "Marini",
                        "crew_name": "Domenico",
                        "crew_birth_location": "Camogli",
                        "crew_birth_date": "1830",
                        "crew_serial_number": "1630",
                        "crew_profession_type": "Marinaio",
                        "crew_profession_wage": "Italian Lira",
                        "crew_profession_value": "95",
                        "crew_profession_months": "3",
                        "crew_profession_days": "29",
                        "crew_profession_pension_funds": "4,36"
                    },
                    "19": {
                        "embarkation_port": "Costantinopoli",
                        "embarkation_date": "1854-04-03",
                        "discharge_port": "Genova",
                        "discharge_date": "1855-09-05",
                        "crew_surname": "Olcese",
                        "crew_name": "Arcangelo",
                        "crew_birth_location": "Sori",
                        "crew_birth_date": "1836",
                        "crew_serial_number": "9582",
                        "crew_profession_type": "Marinaio",
                        "crew_profession_wage": "Italian Lira",
                        "crew_profession_value": "56",
                        "crew_profession_months": "5",
                        "crew_profession_days": "03",
                        "crew_profession_pension_funds": "5,61"
                    },
                    "20": {
                        "embarkation_port": "Costantinopoli",
                        "embarkation_date": "1854-04-03",
                        "discharge_port": "Genova",
                        "discharge_date": "1855-09-05",
                        "crew_surname": "Solari",
                        "crew_name": "Luis",
                        "crew_birth_location": "Rapallo",
                        "crew_birth_date": "1835",
                        "crew_serial_number": "4865",
                        "crew_profession_type": "Marinaio",
                        "crew_profession_wage": "Italian Lira",
                        "crew_profession_value": "56",
                        "crew_profession_months": "5",
                        "crew_profession_days": "03",
                        "crew_profession_pension_funds": "5,61"
                    },
                    "21": {
                        "embarkation_port": "Costantinopoli",
                        "embarkation_date": "1854-04-03",
                        "discharge_port": "Genova",
                        "discharge_date": "1855-09-05",
                        "crew_surname": "Formice",
                        "crew_name": "Massimo",
                        "crew_birth_location": "Procida",
                        "crew_birth_date": "1835",
                        "crew_serial_number": "Siciliano",
                        "crew_profession_type": "Marinaio",
                        "crew_profession_wage": "Italian Lira",
                        "crew_profession_months": "5",
                        "crew_profession_days": "03",
                        "crew_profession_pension_funds": "5,61"
                    },
                    "22": {
                        "embarkation_port": "Costantinopoli",
                        "embarkation_date": "1854-04-03",
                        "discharge_port": "Genova",
                        "discharge_date": "1855-09-05",
                        "crew_surname": "Cristoforo",
                        "crew_name": "Florentino",
                        "crew_birth_location": "Procida",
                        "crew_birth_date": "1835",
                        "crew_serial_number": "Siciliano",
                        "crew_profession_type": "Marinaio",
                        "crew_profession_months": "5",
                        "crew_profession_days": "03",
                        "crew_profession_pension_funds": "5,61"
                    },
                    "23": {
                        "embarkation_port": "Genova",
                        "embarkation_date": "1854-02-01",
                        "discharge_port": "Genova",
                        "discharge_date": "1855-09-05",
                        "crew_surname": "Magnasco",
                        "crew_name": "Fortunato",
                        "crew_birth_location": "Santa Margherita",
                        "crew_birth_date": "1838",
                        "crew_serial_number": "6067",
                        "crew_profession_type": "Mozzo",
                        "crew_profession_wage": "Share",
                        "crew_profession_value": "0,25",
                        "crew_profession_months": "17",
                        "crew_profession_days": "26",
                        "crew_profession_pension_funds": "14,29"
                    },
                    "24": {
                        "embarkation_port": "Genova",
                        "embarkation_date": "1854-05-31",
                        "discharge_port": "Marsiglia",
                        "discharge_date": "1854-09-07",
                        "crew_surname": "Boero",
                        "crew_name": "Agostino",
                        "crew_birth_location": "Santa Margherita",
                        "crew_birth_date": "1802",
                        "crew_serial_number": "3412",
                        "crew_profession_type": "Dispensiere",
                        "crew_profession_wage": "Share",
                        "crew_profession_value": "1,12",
                        "crew_profession_months": "3",
                        "crew_profession_days": "07",
                        "crew_profession_pension_funds": "3,56"
                    },
                    "25": {
                        "embarkation_port": "Genova",
                        "embarkation_date": "1854-05-31",
                        "discharge_port": "Marsiglia",
                        "discharge_date": "1854-09-07",
                        "crew_surname": "Simonetti",
                        "crew_name": "Agostino",
                        "crew_birth_location": "Santa Margherita",
                        "crew_birth_date": "1833",
                        "crew_serial_number": "4607",
                        "crew_profession_type": "Marinaio",
                        "crew_profession_wage": "Share",
                        "crew_profession_value": "1",
                        "crew_profession_months": "3",
                        "crew_profession_days": "07",
                        "crew_profession_pension_funds": "3,56"
                    },
                    "26": {
                        "embarkation_port": "Genova",
                        "embarkation_date": "1854-05-31",
                        "discharge_port": "Marsiglia",
                        "discharge_date": "1854-09-07",
                        "crew_surname": "Castagneto",
                        "crew_name": "Giuseppe",
                        "crew_birth_location": "Santa Margherita",
                        "crew_birth_date": "1825",
                        "crew_serial_number": "938",
                        "crew_profession_type": "Marinaio",
                        "crew_profession_wage": "Share",
                        "crew_profession_value": "1",
                        "crew_profession_months": "3",
                        "crew_profession_days": "07",
                        "crew_profession_pension_funds": "3,56"
                    },
                    "27": {
                        "embarkation_port": "Genova",
                        "embarkation_date": "1854-05-31",
                        "discharge_port": "Marsiglia",
                        "discharge_date": "1854-09-07",
                        "crew_surname": "Devoto",
                        "crew_name": "Giacomo",
                        "crew_birth_location": "Santa Margherita",
                        "crew_birth_date": "1835",
                        "crew_serial_number": "4055",
                        "crew_profession_type": "Marinaio",
                        "crew_profession_wage": "Share",
                        "crew_profession_value": "1",
                        "crew_profession_months": "3",
                        "crew_profession_days": "07",
                        "crew_profession_pension_funds": "3,56"
                    },
                    "28": {
                        "embarkation_port": "Genova",
                        "embarkation_date": "1854-05-31",
                        "discharge_port": "Marsiglia",
                        "discharge_date": "1854-09-07",
                        "crew_surname": "Bruno",
                        "crew_name": "Antonio Giobatta",
                        "crew_birth_location": "Santa Margherita",
                        "crew_birth_date": "1840",
                        "crew_serial_number": "1618",
                        "crew_profession_type": "Marinaio",
                        "crew_profession_wage": "Share",
                        "crew_profession_value": "1",
                        "crew_profession_months": "3",
                        "crew_profession_days": "07",
                        "crew_profession_pension_funds": "3,56"
                    },
                    "29": {
                        "embarkation_port": "Genova",
                        "embarkation_date": "1854-06-01",
                        "discharge_port": "Costantinopoli",
                        "discharge_date": "1855-04-02",
                        "crew_surname": "Antola",
                        "crew_name": "Giuseppe",
                        "crew_birth_location": "Camogli",
                        "crew_birth_date": "1834",
                        "crew_serial_number": "7861",
                        "crew_profession_type": "Marinaio",
                        "crew_profession_wage": "Share",
                        "crew_profession_value": "1",
                        "crew_profession_months": "10",
                        "crew_profession_days": "02",
                        "crew_profession_pension_funds": "11,07"
                    },
                    "30": {
                        "embarkation_port": "Marsiglia",
                        "embarkation_date": "1854-09-08",
                        "discharge_port": "Costantinopoli",
                        "discharge_date": "1855-04-02",
                        "crew_surname": "Figari",
                        "crew_name": "Gio. Batta",
                        "crew_birth_location": "Camogli",
                        "crew_birth_date": "1830",
                        "crew_serial_number": "7861",
                        "crew_profession_type": "Marinaio",
                        "crew_profession_wage": "Share",
                        "crew_profession_value": "1",
                        "crew_profession_months": "6",
                        "crew_profession_days": "25",
                        "crew_profession_pension_funds": "7,52"
                    },
                    "31": {
                        "embarkation_port": "Marsiglia",
                        "embarkation_date": "1854-09-08",
                        "discharge_port": "Costantinopoli",
                        "discharge_date": "1855-04-02",
                        "crew_surname": "Marciani",
                        "crew_name": "Prospero",
                        "crew_birth_location": "Camogli",
                        "crew_birth_date": "1830",
                        "crew_serial_number": "895",
                        "crew_profession_type": "Marinaio",
                        "crew_profession_wage": "Share",
                        "crew_profession_value": "1",
                        "crew_profession_months": "6",
                        "crew_profession_days": "25",
                        "crew_profession_pension_funds": "7,52"
                    },
                    "32": {
                        "embarkation_port": "Marsiglia",
                        "embarkation_date": "1854-09-08",
                        "discharge_port": "Costantinopoli",
                        "discharge_date": "1854-10-25",
                        "crew_surname": "Bertuccelli",
                        "crew_name": "Antonio",
                        "crew_birth_location": "Suddito toscano",
                        "crew_birth_date": "1830",
                        "crew_profession_type": "Marinaio",
                        "crew_profession_wage": "Share",
                        "crew_profession_value": "1",
                        "crew_profession_months": "1",
                        "crew_profession_days": "15",
                        "crew_profession_pension_funds": "1,76"
                    },
                    "33": {
                        "embarkation_port": "Marsiglia",
                        "embarkation_date": "1854-09-08",
                        "discharge_port": "Costantinopoli",
                        "discharge_date": "1855-04-02",
                        "crew_surname": "Bartoli",
                        "crew_name": "Pasquale",
                        "crew_birth_location": "Suddito toscano",
                        "crew_birth_date": "1830",
                        "crew_profession_type": "Marinaio",
                        "crew_profession_wage": "Share",
                        "crew_profession_value": "1",
                        "crew_profession_months": "6",
                        "crew_profession_days": "25",
                        "crew_profession_pension_funds": "7,52"
                    },
                    "34": {
                        "embarkation_port": "Marsiglia",
                        "embarkation_date": "1854-09-08",
                        "discharge_port": "Costantinopoli",
                        "discharge_date": "1855-04-02",
                        "crew_surname": "Chiarini",
                        "crew_name": "Giuseppe",
                        "crew_birth_location": "Suddito toscano",
                        "crew_birth_date": "1830",
                        "crew_profession_type": "Marinaio",
                        "crew_profession_wage": "Share",
                        "crew_profession_value": "1",
                        "crew_profession_months": "6",
                        "crew_profession_days": "25",
                        "crew_profession_pension_funds": "7,52"
                    },
                    "35": {
                        "embarkation_port": "Costantinopoli",
                        "embarkation_date": "1854-10-25",
                        "discharge_port": "Costantinopoli",
                        "discharge_date": "1855-04-02",
                        "crew_surname": "Demarchi",
                        "crew_name": "Andrea",
                        "crew_birth_location": "Recco",
                        "crew_birth_date": "1838",
                        "crew_serial_number": "1698",
                        "crew_profession_type": "Marinaio",
                        "crew_profession_wage": "Share",
                        "crew_profession_value": "1",
                        "crew_profession_months": "5",
                        "crew_profession_days": "08",
                        "crew_profession_pension_funds": "5,79"
                    }
                },
                "route": {
                    "0": {
                        "departure_port": "Marsiglia",
                        "departure_date": "1853-08-11"
                    },
                    "1": {
                        "departure_port": "Costantinopoli",
                        "departure_date": "1853-09-12"
                    },
                    "2": {
                        "departure_port": "Odessa",
                        "departure_date": "1853-09-27"
                    },
                    "3": {
                        "departure_port": "Costantinopoli",
                        "departure_date": "1853-10-13"
                    },
                    "4": {
                        "departure_port": "Genova",
                        "departure_date": "1854-02-01"
                    },
                    "5": {
                        "departure_port": "Messina",
                        "departure_date": "1854-02-15"
                    },
                    "6": {
                        "departure_port": "Costantinopoli",
                        "departure_date": "1854-03-28"
                    },
                    "7": {
                        "departure_port": "La Spezia",
                        "departure_date": "1854-04-20"
                    },
                    "8": {
                        "departure_port": "Santa Margherita",
                        "departure_date": "1854-05-01"
                    },
                    "9": {
                        "departure_port": "Marsiglia",
                        "departure_date": "1854-06-16"
                    },
                    "10": {
                        "departure_port": "Malta",
                        "departure_date": "1854-06-30"
                    },
                    "11": {
                        "departure_port": "Marsiglia",
                        "departure_date": "1854-09-08"
                    },
                    "12": {
                        "departure_port": "Malta",
                        "departure_date": "1854-09-23"
                    },
                    "13": {
                        "departure_port": "Costantinopoli",
                        "departure_date": "1854-11-11"
                    },
                    "14": {
                        "departure_port": "Rodi",
                        "departure_date": "1854-11-30"
                    },
                    "15": {
                        "departure_port": "Costantinopoli",
                        "departure_date": "1855-02-06"
                    },
                    "16": {
                        "departure_port": "[Odessa]"
                    },
                    "17": {
                        "departure_port": "Costantinopoli",
                        "departure_date": "1855-04-03"
                    },
                    "18": {
                        "departure_port": "Costantinopoli",
                        "departure_date": "1855-05-06"
                    },
                    "19": {
                        "departure_port": "[Odessa]"
                    },
                    "20": {
                        "departure_port": "Costantinopoli",
                        "departure_date": "1855-08-02"
                    },
                    "21": {},
                    "22": {},
                    "23": {},
                    "24": {},
                    "25": {},
                    "26": {},
                    "27": {},
                    "28": {}
                }
            }
        }
    ]
}