﻿{"docs": [{"_id":"2018-03-27T12:18:57.414Z_13","template":"Crew List_IT","status":"Public","data":{"record_information":{"catalogue_id":"13","date_from":"2018-03-27","date_until":"2020-09-22T14:49:48","name":"Beatrice","surname":"","role_in_project":""},"source_identity":{"archive_library":"Archivio di stato","archive_library_location":"Genova","register_number":"15","number_of_document":"2527","date_of_document":"1862-03-18","date_of_document_to":"","issuing_authority":"Direzione marittima","issuing_authority_location":"Genova","source_type_name":"","fond_number":"","fond_title":"","fond_series_number":"","file_number":"","file_tile":"","note":"","comment":""},"ship_records":{"ship_name":"Aurora","ship_type":"brigantino","ship_tonnage":"276,26","construction_location":"Varazze","construction_location_date":"1857","ammunition_type":"","ammunition_quantity_value":"","ammunition_quantity_unit":"","registry_port":"Genova","registry_number":"1260","organization_name":"","owner_name":"Giacomo","owner_surname":"De Gregori","owner_fathers_name":"","note":"","comment":""},"ports_of_call":{"date_from":"1862-03-17","date_to":"1862-12-01","total_duration_months":"8","total_duration_years":"27","first_planned_destinations":"Azoff","total_crew_number":"Dodici","note":"","comment":""},"crew_list":{"0":{"embarkation_port":"Genova","embarkation_date":"1862-03-17","discharge_port":"Porto Venere","discharge_date":"1862-12-01","crew_surname":"De Gregori","crew_name":"Giacomo","crew_birth_location":"Genova","crew_birth_date":"1828","crew_serial_number":"6881","crew_profession_type":"Capitano di Seconda classe","crew_profession_months":"8","crew_profession_days":"27","crew_profession_pension_funds":"31,35"},"1":{"embarkation_port":"Genova","embarkation_date":"1862-03-17","discharge_port":"Porto Venere","discharge_date":"1862-12-01","crew_surname":"Aste","crew_name":"Agostino","crew_birth_location":"Genova","crew_birth_date":"1824","crew_serial_number":"7579","crew_profession_type":"Secondo","crew_profession_months":"8","crew_profession_days":"27","crew_profession_pension_funds":"13,35"},"2":{"embarkation_port":"Genova","embarkation_date":"1862-03-17","discharge_port":"Porto Venere","discharge_date":"1862-12-01","crew_surname":"Marini","crew_name":"Giobono","crew_birth_location":"Genova","crew_birth_date":"1829","crew_serial_number":"900","crew_profession_type":"Nostromo","crew_profession_months":"8","crew_profession_days":"27","crew_profession_pension_funds":"13,35"},"3":{"embarkation_port":"Genova","embarkation_date":"1862-03-17","discharge_port":"Porto Venere","discharge_date":"1862-12-01","crew_surname":"Bozzo","crew_name":"Bartolomeo","crew_birth_location":"Genova","crew_birth_date":"1827","crew_serial_number":"4871","crew_profession_type":"Dispensiere","crew_profession_wage":"Italian Lira","crew_profession_value":"67","crew_profession_months":"8","crew_profession_days":"27","crew_profession_pension_funds":"9,79"},"4":{"embarkation_port":"Genova","embarkation_date":"1862-03-17","discharge_port":"Porto Venere","discharge_date":"1862-12-01","crew_surname":"Traverso","crew_name":"Pietro","crew_birth_location":"Genova","crew_birth_date":"1841","crew_serial_number":"14489","crew_profession_type":"Marinaio","crew_profession_wage":"Italian Lira","crew_profession_value":"60","crew_profession_months":"8","crew_profession_days":"27","crew_profession_pension_funds":"9,79"},"5":{"embarkation_port":"Genova","embarkation_date":"1862-03-17","discharge_port":"Porto Venere","discharge_date":"1862-12-01","crew_surname":"Bozzo","crew_name":"Fortunato","crew_birth_location":"Genova","crew_birth_date":"1840","crew_serial_number":"10853","crew_profession_type":"Marinaio","crew_profession_wage":"Italian Lira","crew_profession_value":"60","crew_profession_months":"8","crew_profession_days":"27","crew_profession_pension_funds":"9,79"},"6":{"embarkation_port":"Genova","embarkation_date":"1862-03-17","discharge_port":"Porto Venere","discharge_date":"1862-12-01","crew_surname":"Fasiani","crew_name":"Bartolomeo","crew_birth_location":"Savona","crew_birth_date":"1837","crew_serial_number":"5898","crew_profession_type":"Marinaio","crew_profession_wage":"Italian Lira","crew_profession_value":"60","crew_profession_months":"8","crew_profession_days":"27","crew_profession_pension_funds":"9,79"},"7":{"embarkation_port":"Genova","embarkation_date":"1862-03-17","discharge_port":"Porto Venere","discharge_date":"1862-12-01","crew_surname":"Guastavino","crew_name":"Francesco","crew_birth_location":"Savona","crew_birth_date":"1831","crew_serial_number":"2230","crew_profession_type":"Marinaio","crew_profession_wage":"Italian Lira","crew_profession_value":"60","crew_profession_months":"8","crew_profession_days":"27","crew_profession_pension_funds":"9,79"},"8":{"embarkation_port":"Genova","embarkation_date":"1862-03-17","discharge_port":"Porto Venere","discharge_date":"1862-12-01","crew_surname":"Vianello","crew_name":"Franco","crew_birth_location":"Austriaco","crew_birth_date":"1842","crew_profession_type":"Marinaio","crew_profession_wage":"Italian Lira","crew_profession_value":"60","crew_profession_months":"8","crew_profession_days":"27","crew_profession_pension_funds":"9,79"},"9":{"embarkation_port":"Genova","embarkation_date":"1862-03-17","discharge_port":"Porto Venere","discharge_date":"1862-12-01","crew_surname":"Pontremoli","crew_name":"Giuseppe","crew_birth_location":"Genova","crew_birth_date":"1844","crew_serial_number":"15474","crew_profession_type":"Marinaio","crew_profession_wage":"Italian Lira","crew_profession_value":"30","crew_profession_months":"8","crew_profession_days":"27","crew_profession_pension_funds":"9,79"},"10":{"embarkation_port":"Genova","embarkation_date":"1862-03-17","discharge_port":"Porto Venere","discharge_date":"1862-12-01","crew_surname":"Bozzo","crew_name":"Emanuele","crew_birth_location":"Genova","crew_birth_date":"1853","crew_profession_type":"Mozzo","crew_profession_wage":"Italian Lira","crew_profession_value":"10","crew_profession_months":"8","crew_profession_days":"27","crew_profession_pension_funds":"7,12"},"11":{"embarkation_port":"Genova","embarkation_date":"1862-03-17","discharge_port":"Porto Venere","discharge_date":"1862-12-01","crew_surname":"Gasparini","crew_name":"Andrea","crew_birth_location":"La Spezia","crew_birth_date":"1845","crew_serial_number":"4463","crew_profession_type":"Mozzo","crew_profession_wage":"Italian Lira","crew_profession_value":"15","crew_profession_months":"8","crew_profession_days":"27","crew_profession_pension_funds":"7,12"},"12":{},"13":{},"14":{}},"route":{"0":{"departure_port":"Vezzano","departure_date":"1862-04-17"},"1":{"departure_port":"Costantinopoli","departure_date":"1862-04-26"},"2":{"departure_port":"Kertch","departure_date":"1862-05-08"},"3":{"departure_port":"Taganrog","departure_date":"1862-06-09"},"4":{"departure_port":"Costantinopoli","departure_date":"1862-06-27"},"5":{"departure_port":"Malta","departure_date":"1862-07-14"},"6":{"departure_port":"[Astown]","departure_date":"1862-10-15"},"7":{"departure_port":"Cardiff","departure_date":"1862-11-01"},"8":{},"9":{},"10":{},"11":{},"12":{},"13":{},"14":{}}}}]}