﻿{"docs": [{"_id":"2018-01-18T15:14:35.355Z_1","template":"Crew List_IT","status":"Public","data":{"record_information":{"catalogue_id":"1","date_from":"2018-01-18","date_until":"2020-07-16T14:33:03","name":"Giacomo","surname":"Calcagno","role_in_project":""},"source_identity":{"archive_library":"","archive_library_location":"Genova","register_number":"14","number_of_document":"6609","date_of_document":"1860-10-12","date_of_document_to":"","issuing_authority":"Direzione Marittima di Genova","issuing_authority_location":"Genova","source_type_name":"","fond_number":"","fond_title":"","fond_series_number":"","file_number":"","file_tile":"","note":"","comment":""},"ship_records":{"ship_name":"L`Unione","ship_type":"Brigantino","ship_tonnage":"242,72","construction_location":"Savona","construction_location_date":"1854","ammunition_type":"","ammunition_quantity_value":"","ammunition_quantity_unit":"","registry_port":"Genova","registry_number":"1616","organization_name":"","owner_name":"","owner_surname":"Razzetto","owner_fathers_name":"Giacomo Andrea","note":"","comment":""},"ports_of_call":{"date_from":"1860-10-12","date_to":"1862-01-15","total_duration_months":"15","total_duration_years":"4","first_planned_destinations":"Sicilia (region) / Italy (country)\nDanubio (region) / Romania (country)","total_crew_number":"12","note":"","comment":""},"crew_list":{"0":{"embarkation_port":"Genova","embarkation_date":"1860-10-12","crew_surname":"Siffredi","crew_name":"Paolo","crew_birth_location":"Oneglia","crew_birth_date":"1810","crew_serial_number":"1901","crew_profession_type":"Capitano di seconda classe","crew_profession_wage":"Italian Lira","crew_profession_value":"110","crew_profession_months":"15","crew_profession_days":"4","crew_profession_pension_funds":"52,97"},"1":{"embarkation_port":"Genova","embarkation_date":"1860-10-12","discharge_port":"Marsiglia","discharge_date":"1861-05-17","crew_surname":"Drione","crew_name":"Cesare","crew_birth_location":"Finale","crew_birth_date":"1830","crew_serial_number":"3388","crew_profession_type":"Secondo e direttore","crew_profession_months":"7","crew_profession_days":"6","crew_profession_pension_funds":"19,80"},"2":{"embarkation_port":"Genova","embarkation_date":"1860-10-12","discharge_port":"Marsiglia","discharge_date":"1861-05-17","crew_surname":"Razzetto","crew_name":"Lorenzo","crew_birth_location":"Sori","crew_birth_date":"1797","crew_serial_number":"6885","crew_profession_type":"Dispensiere","crew_profession_wage":"Italian Lira","crew_profession_value":"85","crew_profession_months":"7","crew_profession_days":"6","crew_profession_pension_funds":"7,92"},"3":{},"4":{},"5":{},"6":{}},"route":{"0":{"departure_port":"Costantinopoli","departure_date":"1860-11-11"},"1":{"departure_port":"Sulina","departure_date":"1860-11-19"},"2":{"departure_port":"Galatz","departure_date":"1860-12-12"},"3":{"departure_port":"Sulina","departure_date":"1861-03-13"},"4":{"departure_port":"Costantinopoli","departure_date":"1861-03-28"},"5":{"departure_port":"Marsiglia","departure_date":"1861-05-17"},"6":{"departure_port":"Costantinopoli","departure_date":"1861-06-14"},"7":{"departure_port":"Kertch","departure_date":"1861-06-24"},"8":{"departure_port":"Berdyansk","departure_date":"1861-07-13"},"9":{"departure_port":"Costantinopoli","departure_date":"1861-07-26"},"10":{"departure_port":"Falmouth","departure_date":"1861-09-25"},"11":{"departure_port":"Amsterdam","departure_date":"1861-10-18"},"12":{"departure_port":"Hartlepool","departure_date":"1861-10-28"},"13":{},"14":{}}}}]}