﻿{"docs": [{"_id":"2018-12-14T13:09:35.901Z_7","template":"Crew List_IT","status":"Public","data":{"record_information":{"catalogue_id":"7","date_from":"2018-12-14","date_until":"2020-09-22T15:20:02","name":"Massimo","surname":"Ponasso","role_in_project":""},"source_identity":{"archive_library":"Archivio di Stato di Genova","archive_library_location":"Genova","register_number":"13","number_of_document":"4031","date_of_document":"1853-07-12","date_of_document_to":"","issuing_authority":"Direzione Marittima di Genova","issuing_authority_location":"Genova","source_type_name":"","fond_number":"","fond_title":"","fond_series_number":"","file_number":"","file_tile":"","note":"","comment":""},"ship_records":{"ship_name":"Eto","ship_type":"Brigantino","ship_tonnage":"143,40","construction_location":"Prà","construction_location_date":"1839","ammunition_type":"","ammunition_quantity_value":"","ammunition_quantity_unit":"","registry_port":"Genova","registry_number":"609","organization_name":"","owner_name":"Gio. Batta","owner_surname":"Olivari","owner_fathers_name":"","note":"","comment":""},"ports_of_call":{"date_from":"1853-07-12","date_to":"1854-10-13","total_duration_months":"15","total_duration_years":"02","first_planned_destinations":"Odessa","total_crew_number":"9","note":"","comment":""},"crew_list":{"0":{"embarkation_port":"Genova","embarkation_date":"1853-07-12","discharge_port":"Genova","discharge_date":"1854-10-13","crew_surname":"Olivari","crew_name":"Filippo","crew_birth_location":"Camogli","crew_birth_date":"1824","crew_serial_number":"1030","crew_profession_type":"Capitano di Seconda Classe","crew_profession_wage":"Share","crew_profession_value":"2","crew_profession_months":"14","crew_profession_days":"26","crew_profession_pension_funds":"52,03","note":"Sbarcato a Marsilga il 25 Settembre 1854, si reimbarca nella stessa citta il 2 Ottobre 1854."},"1":{"embarkation_port":"Genova","embarkation_date":"1853-07-12","discharge_port":"Portofino","discharge_date":"1854-10-13","crew_surname":"Olivari","crew_name":"Giuseppe","crew_birth_location":"Camogli","crew_birth_date":"1825","crew_serial_number":"1034","crew_profession_type":"Secondo","crew_profession_wage":"Share","crew_profession_value":"1,50","crew_profession_months":"4","crew_profession_days":"0","crew_profession_pension_funds":"6,00","note":"Sbarcato a Livorno il 29 Ottobre 1853, si reimbarca a Marsiglia il 2 Ottobre 1854"},"2":{"embarkation_port":"Genova","embarkation_date":"1853-07-12","discharge_port":"Marsiglia","discharge_date":"1854-09-25","crew_surname":"Olivari","crew_name":"Luigi","crew_birth_location":"Camogli","crew_birth_date":"1833","crew_serial_number":"7142","crew_profession_type":"Nostromo","crew_profession_wage":"Share","crew_profession_value":"1,25","crew_profession_months":"14","crew_profession_days":"14","crew_profession_pension_funds":"21,70","note":"Promosso momentaneamente a Secondo con aumento di paga a 1 parte e mezzo"},"3":{"embarkation_port":"Genova","embarkation_date":"1853-07-12","discharge_port":"Portofino","discharge_date":"1854-10-13","crew_surname":"Barbagelata","crew_name":"Bartolomeo","crew_birth_location":"Rapallo","crew_birth_date":"1832","crew_serial_number":"4333","crew_profession_type":"Dispensiere","crew_profession_wage":"Share","crew_profession_value":"1","crew_profession_months":"14","crew_profession_days":"26","crew_profession_pension_funds":"16,35","note":"Sbarcato a Marsilga il 25 Settembre 1854, si reimbarca nella stessa citta il 2 Ottobre 1854. Viene pagato 55 lire"},"4":{"embarkation_port":"Genova","embarkation_date":"1853-07-12","discharge_port":"Livorno","discharge_date":"1853-11-18","crew_surname":"Peragallo","crew_name":"Giacomo","crew_birth_location":"Santa Margherita","crew_birth_date":"1834","crew_serial_number":"4788","crew_profession_type":"Mozzo","crew_profession_wage":"Share","crew_profession_value":"0,50","crew_profession_months":"4","crew_profession_days":"07","crew_profession_pension_funds":"4,65"},"5":{"embarkation_port":"Genova","embarkation_date":"1853-07-12","discharge_port":"Livorno","discharge_date":"1853-11-11","crew_surname":"Girbaldi","crew_name":"Giacomo","crew_birth_location":"Santa Margherita","crew_birth_date":"1833","crew_serial_number":"1710","crew_profession_type":"Marinaio","crew_profession_wage":"Italian Lira","crew_profession_value":"44","crew_profession_months":"4","crew_profession_days":"00","crew_profession_pension_funds":"4,40"},"6":{"embarkation_port":"Genova","embarkation_date":"1853-07-12","discharge_port":"Livorno","discharge_date":"1853-11-11","crew_surname":"Bonifacio","crew_name":"Agostino","crew_birth_location":"Lerici","crew_birth_date":"1827","crew_serial_number":"959","crew_profession_type":"Marinaio","crew_profession_wage":"Italian Lira","crew_profession_value":"44","crew_profession_months":"4","crew_profession_days":"00","crew_profession_pension_funds":"4,40"},"7":{"embarkation_port":"Genova","embarkation_date":"1853-07-12","discharge_port":"Livorno","discharge_date":"1853-11-11","crew_surname":"Porro","crew_name":"Natale","crew_birth_location":"Lerici","crew_birth_date":"1832","crew_serial_number":"7173","crew_profession_type":"Marinaio","crew_profession_wage":"Italian Lira","crew_profession_value":"44","crew_profession_months":"4","crew_profession_days":"00","crew_profession_pension_funds":"4,40"},"8":{"embarkation_port":"Genova","embarkation_date":"1853-07-12","discharge_port":"Livorno","discharge_date":"1853-11-11","crew_surname":"Fabri","crew_name":"Tommaso","crew_birth_location":"Lerici","crew_birth_date":"1824","crew_serial_number":"873","crew_profession_type":"Marinaio","crew_profession_wage":"Italian Lira","crew_profession_value":"44","crew_profession_months":"4","crew_profession_days":"00","crew_profession_pension_funds":"4,40"},"9":{"embarkation_port":"Livorno","embarkation_date":"1853-12-03","discharge_port":"Marsiglia","discharge_date":"1854-09-25","crew_surname":"Reggio","crew_name":"Giuseppe","crew_birth_location":"Livorno","crew_birth_date":"1828","crew_profession_type":"Marinaio","crew_profession_wage":"Italian Lira","crew_profession_value":"60","crew_profession_months":"9","crew_profession_days":"23","crew_profession_pension_funds":"10,74"},"10":{"embarkation_port":"Livorno","embarkation_date":"1853-12-03","discharge_port":"Costantinopoli","discharge_date":"1854-06-22","crew_surname":"Cuneo","crew_name":"Domenico Maria","crew_birth_location":"Capraia","crew_birth_date":"1828","crew_serial_number":"309","crew_profession_type":"Marinaio","crew_profession_wage":"Italian Lira","crew_profession_value":"55","crew_profession_months":"6","crew_profession_days":"20","crew_profession_pension_funds":"7,33"},"11":{"embarkation_port":"Livorno","embarkation_date":"1853-12-03","discharge_port":"Costantinopoli","discharge_date":"1854-06-22","crew_surname":"Bastogi","crew_name":"Francesco","crew_birth_location":"Livorno","crew_birth_date":"1833","crew_profession_type":"Marinaro","crew_profession_wage":"Italian Lira","crew_profession_value":"55","crew_profession_months":"6","crew_profession_days":"20","crew_profession_pension_funds":"7,33"},"12":{"embarkation_port":"Livorno","embarkation_date":"1853-12-03","discharge_port":"Costantinopoli","discharge_date":"1854-05-20","crew_surname":"Morace","crew_name":"Giuseppe","crew_birth_location":"Suddito americano","crew_birth_date":"1823","crew_profession_type":"Marinaio","crew_profession_wage":"Italian Lira","crew_profession_value":"55","crew_profession_months":"5","crew_profession_days":"18","crew_profession_pension_funds":"6,16"},"13":{"embarkation_port":"Livorno","embarkation_date":"1853-12-03","discharge_port":"Portofino","discharge_date":"1854-10-13","crew_surname":"Daveggia","crew_name":"Luigi","crew_birth_location":"Parenzo","crew_birth_date":"1831","crew_profession_type":"Marinaro","crew_profession_wage":"Italian Lira","crew_profession_value":"55","crew_profession_months":"10","crew_profession_days":"06","crew_profession_pension_funds":"11,18","note":"Sbarcato a Marsilga il 25 Settembre 1854, si reimbarca nella stessa citta il 2 Ottobre 1854."},"14":{"embarkation_port":"Livorno","embarkation_date":"1853-12-03","discharge_port":"Portofino","discharge_date":"1854-10-13","crew_surname":"Lavarello","crew_name":"Andrea","crew_birth_location":"Recco","crew_birth_date":"1838","crew_serial_number":"10005","crew_profession_type":"Mozzo","crew_profession_wage":"Italian Lira","crew_profession_value":"10","crew_profession_months":"10","crew_profession_days":"05","crew_profession_pension_funds":"8,19","note":"Sbarcato a Marsilga il 25 Settembre 1854, si reimbarca nella stessa citta il 3 Ottobre 1854."},"15":{"embarkation_port":"Costantinopoli","embarkation_date":"1854-06-17","discharge_port":"Costantinopoli","discharge_date":"1854-06-28","crew_surname":"Campodonico","crew_name":"Francesco","crew_birth_location":"Camogli","crew_birth_date":"1831","crew_serial_number":"6094","crew_profession_type":"Marinaio","crew_profession_wage":"Italian Lira","crew_profession_value":"55","crew_profession_months":"0","crew_profession_days":"12","crew_profession_pension_funds":"0,44"},"16":{"embarkation_port":"Costantinopoli","embarkation_date":"1854-06-24","discharge_port":"Portofino","discharge_date":"1854-10-13","crew_surname":"Starnich","crew_name":"Matteo","crew_birth_location":"Suddito austriaco","crew_profession_type":"Marinaio","crew_profession_wage":"Italian Lira","crew_profession_value":"55","crew_profession_months":"0","crew_profession_days":"17","crew_profession_pension_funds":"0,62","note":"Sbarcato a Costantinopoli il 28 Giugno 19854, si reimbarca a Marsiglia il 2 ottobre 1854."},"17":{"embarkation_port":"Costantinopoli","embarkation_date":"1854-06-22","discharge_port":"Portofino","discharge_date":"1854-10-13","crew_surname":"[Bozzo]","crew_name":"Gio. Batta","crew_birth_location":"Camogli","crew_birth_date":"1817","crew_serial_number":"8399","crew_profession_type":"Marinaio","crew_profession_wage":"Italian Lira","crew_profession_value":"55","crew_profession_months":"3","crew_profession_days":"16","crew_profession_pension_funds":"3,88"},"18":{"embarkation_port":"Marsiglia","embarkation_date":"1854-10-02","discharge_port":"Portofino","discharge_date":"1854-10-13","crew_surname":"Boggiano","crew_name":"Filippo","crew_profession_type":"Passeggero","crew_profession_wage":"Italian Lira","crew_profession_months":"0","crew_profession_days":"12","crew_profession_pension_funds":"0,44"},"19":{"embarkation_port":"Marsiglia","embarkation_date":"1854-10-02","discharge_port":"Portofino","discharge_date":"1854-10-13","crew_surname":"Degregori","crew_name":"Fortunato","crew_profession_type":"Passeggero","crew_profession_months":"0","crew_profession_days":"12","crew_profession_pension_funds":"0,44"},"20":{"embarkation_port":"Marsiglia","embarkation_date":"1854-10-02","discharge_port":"Portofino","discharge_date":"1854-10-13","crew_surname":"Marini","crew_name":"Domenico","crew_profession_type":"Passeggero","crew_profession_months":"0","crew_profession_days":"12","crew_profession_pension_funds":"0,44"},"21":{},"22":{},"23":{},"24":{}},"route":{"0":{"departure_port":"Costantinopoli","departure_date":"1853-08-13"},"1":{"departure_port":"Odessa","departure_date":"1853-09-16","arrival_port":"Livorno","arrival_date":"1853-09-28"},"2":{"departure_port":"Livorno","departure_date":"1853-12-03"},"3":{"departure_port":"Messina","departure_date":"1855-01-09"},"4":{"departure_port":"Costantinopoli","departure_date":"1854-02-10"},"5":{"departure_port":"Odessa","departure_date":"1854-04-04"},"6":{"departure_port":"Costantinopoli","departure_date":"1854-02-10"},"7":{"departure_port":"Costantinopoli","departure_date":"1854-06-27"},"8":{"departure_port":"Kertch","departure_date":"1854-07-21"},"9":{"departure_port":"Costantinopoli","departure_date":"1854-07-29"},"10":{"departure_port":"Marsiglia","departure_date":"1854-10-02"},"11":{"departure_port":"Villa Franca","departure_date":"1854-10-09"},"12":{},"13":{},"14":{}}}}]}