﻿{"docs": [{"_id":"2018-03-06T14:53:25.437Z_4","template":"Crew List_IT","status":"Public","data":{"record_information":{"catalogue_id":"4","date_from":"2018-03-06","date_until":"2020-09-22T21:22:36","name":"Francesco","surname":"Ferrando","role_in_project":""},"source_identity":{"archive_library":"Archivio di Stato di Genova","archive_library_location":"Genova","register_number":"14","number_of_document":"6836","date_of_document":"1861-02-08","date_of_document_to":"","issuing_authority":"Direzione Marittima di Genova","issuing_authority_location":"Genova","source_type_name":"","fond_number":"","fond_title":"","fond_series_number":"","file_number":"","file_tile":"","note":"","comment":""},"ship_records":{"ship_name":"Società","ship_type":"Brigantino","ship_tonnage":"237,50","construction_location":"Savona","construction_location_date":"1852","ammunition_type":"","ammunition_quantity_value":"","ammunition_quantity_unit":"","registry_port":"Savona","registry_number":"341","organization_name":"","owner_name":"Lazzaro","owner_surname":"Ferro","owner_fathers_name":"","note":"","comment":""},"ports_of_call":{"date_from":"1861-02-08","date_to":"1862-09-14","total_duration_months":"22","total_duration_years":"7","first_planned_destinations":"Danubio","total_crew_number":"12","note":"","comment":""},"crew_list":{"0":{"embarkation_port":"Genova","embarkation_date":"1861-02-08","discharge_port":"PortoVenere","discharge_date":"1862-12-14","crew_surname":"Ferro","crew_name":"Lazzaro","crew_birth_location":"Camogli","crew_birth_date":"1829","crew_serial_number":"4561","crew_profession_type":"Capitano di 2* classe","crew_profession_wage":"Italian Lira","crew_profession_value":"100","crew_profession_months":"12","crew_profession_days":"07","crew_profession_pension_funds":"70,82"},"1":{"embarkation_port":"Genova","embarkation_date":"1861-02-08","discharge_port":"Nizza","discharge_date":"1862-03-06","crew_surname":"Cassanello","crew_name":"Angelo","crew_birth_location":"Arenzano","crew_birth_date":"1826","crew_serial_number":"4626","crew_profession_type":"Secondo","crew_profession_wage":"Italian Lira","crew_profession_value":"90","crew_profession_months":"12","crew_profession_days":"29","crew_profession_pension_funds":"19,45"},"2":{"embarkation_port":"Genova","embarkation_date":"1861-02-08","crew_surname":"Poggi","crew_name":"Francesco","crew_birth_location":"Arenzano","crew_birth_date":"1827","crew_serial_number":"3850","crew_profession_type":"Marinaio","crew_profession_wage":"Italian Lira","crew_profession_value":"60","crew_profession_months":"06","crew_profession_days":"10","crew_profession_pension_funds":"6,97","note":"Morto durante il viaggio scaricato a Queenstown il 1861-09-17"},"3":{"embarkation_port":"Genova","embarkation_date":"1861-02-08","discharge_port":"Nizza","discharge_date":"1862-03-03","crew_surname":"Rossi","crew_name":"Giacomo","crew_birth_location":"Arenzano","crew_birth_date":"1837","crew_serial_number":"8931","crew_profession_type":"Marinaio","crew_profession_wage":"Italian Lira","crew_profession_value":"60","crew_profession_months":"12","crew_profession_days":"26","crew_profession_pension_funds":"14,15"},"4":{"embarkation_port":"Genova","embarkation_date":"1861-02-08","discharge_port":"Nizza","discharge_date":"1862-03-03","crew_surname":"Anselmo","crew_name":"Angelo","crew_birth_location":"Arenzano","crew_birth_date":"1829","crew_serial_number":"11515","crew_profession_type":"Marinaio","crew_profession_wage":"Italian Lira","crew_profession_value":"60","crew_profession_months":"12","crew_profession_days":"26","crew_profession_pension_funds":"14,15"},"5":{"embarkation_port":"Genova","embarkation_date":"1861-02-08","discharge_port":"Nizza","discharge_date":"1862-03-03","crew_surname":"Cassanello","crew_name":"Giuseppe","crew_birth_location":"Arenzano","crew_birth_date":"1840","crew_serial_number":"11598","crew_profession_type":"Marinaio","crew_profession_wage":"Italian Lira","crew_profession_value":"60","crew_profession_months":"12","crew_profession_days":"26","crew_profession_pension_funds":"14,15"},"6":{"embarkation_port":"Genova","embarkation_date":"1861-02-08","discharge_port":"Nizza","discharge_date":"1862-03-03","crew_surname":"Roba","crew_name":"Francesco","crew_birth_location":"Arenzano","crew_birth_date":"1842","crew_serial_number":"12229","crew_profession_type":"Mozzo","crew_profession_wage":"Italian Lira","crew_profession_value":"40","crew_profession_months":"12","crew_profession_days":"26","crew_profession_pension_funds":"14,15"},"7":{"embarkation_port":"Genova","embarkation_date":"1861-02-08","discharge_port":"Nizza","discharge_date":"1862-04-03","crew_surname":"Recco","crew_name":"Bartolomeo","crew_birth_location":"Camogli","crew_birth_date":"1846","crew_serial_number":"15114","crew_profession_type":"Mozzo","crew_profession_wage":"Italian Lira","crew_profession_value":"25","crew_profession_months":"13","crew_profession_days":"26","crew_profession_pension_funds":"11,09"},"8":{"embarkation_port":"Genova","embarkation_date":"1861-02-08","discharge_port":"Nizza","discharge_date":"1862-03-09","crew_surname":"Boero","crew_name":"GioBatta","crew_birth_location":"Arenzano","crew_birth_date":"1845","crew_serial_number":"14332","crew_profession_type":"Mozzo","crew_profession_wage":"Italian Lira","crew_profession_value":"15","crew_profession_months":"12","crew_profession_days":"26","crew_profession_pension_funds":"10,29"},"9":{"embarkation_port":"Genova","embarkation_date":"1861-02-08","discharge_port":"Nizza","discharge_date":"1862-03-06","crew_surname":"Garone","crew_name":"GioBatta","crew_birth_location":"Genova","crew_birth_date":"1824","crew_serial_number":"5138","crew_profession_type":"Dispensiere","crew_profession_wage":"Italian Lira","crew_profession_value":"60","crew_profession_months":"12","crew_profession_days":"29","crew_profession_pension_funds":"14,26"},"10":{"embarkation_port":"Genova","embarkation_date":"1861-02-08","discharge_port":"Nizza","discharge_date":"1862-03-03","crew_surname":"Montaldo","crew_name":"Carlo","crew_birth_location":"Arenzano","crew_birth_date":"1842","crew_serial_number":"12843","crew_profession_type":"Mozzo","crew_profession_wage":"Italian Lira","crew_profession_value":"40","crew_profession_months":"12","crew_profession_days":"26","crew_profession_pension_funds":"14,15"},"11":{"embarkation_port":"Genova","embarkation_date":"1861-02-08","discharge_port":"[?]","discharge_date":"1862-12-14","crew_surname":"Senno","crew_name":"Barineo","crew_birth_location":"Camogli","crew_birth_date":"1844","crew_serial_number":"12642","crew_profession_type":"Mozzo\nMarinaio","crew_profession_wage":"Italian Lira\nItalian Lira","crew_profession_value":"15\n15","crew_profession_months":"10\n1","crew_profession_days":"23\n21","crew_profession_pension_funds":"8,61\n12,65"},"12":{"embarkation_port":"Nizza","embarkation_date":"1862-09-02","discharge_port":"[?]","discharge_date":"1862-12-14","crew_surname":"Cassanello","crew_name":"Angelo","crew_birth_location":"Arenzano","crew_birth_date":"1826","crew_serial_number":"4626","crew_profession_type":"Secondo","crew_profession_wage":"Italian Lira","crew_profession_value":"90","crew_profession_months":"8","crew_profession_days":"19","crew_profession_pension_funds":"12,65"},"13":{"embarkation_port":"Nizza","embarkation_date":"1862-09-02","discharge_port":"[?]","discharge_date":"1862-12-14","crew_surname":"Ghiozzone","crew_name":"Andrea","crew_birth_location":"Arenzano","crew_birth_date":"1824","crew_serial_number":"2666","crew_profession_type":"Dispensiere","crew_profession_wage":"Italian Lira","crew_profession_value":"70","crew_profession_months":"8","crew_profession_days":"19","crew_profession_pension_funds":"9,28"},"14":{"embarkation_port":"Nizza","embarkation_date":"1862-09-02","discharge_port":"Costantinopoli","discharge_date":"1862-05-05","crew_surname":"Ghiozzone","crew_name":"Gaetani","crew_birth_location":"Voltri","crew_birth_date":"1840","crew_serial_number":"12429","crew_profession_type":"Marinaio","crew_profession_wage":"Italian Lira","crew_profession_value":"60","crew_profession_months":"1","crew_profession_days":"4","crew_profession_pension_funds":"1,25"},"15":{"embarkation_port":"Nizza","embarkation_date":"1862-09-02","discharge_port":"PortoVenere","discharge_date":"1862-10-14","crew_surname":"Giglione","crew_name":"Stefano","crew_birth_location":"Arenzano","crew_birth_date":"1834","crew_serial_number":"9350","crew_profession_type":"Marinaio","crew_profession_wage":"Italian Lira","crew_profession_value":"60","crew_profession_months":"8","crew_profession_days":"13","crew_profession_pension_funds":"9,28"},"16":{"embarkation_port":"Nizza","embarkation_date":"1862-09-02","discharge_port":"Nizza","discharge_date":"1862-03-03","crew_surname":"Benvenuto","crew_name":"Erasmo","crew_birth_location":"Voltri","crew_birth_date":"1842","crew_serial_number":"12483","crew_profession_type":"Marinaio","crew_profession_wage":"Italian Lira","crew_profession_value":"60","crew_profession_months":"8","crew_profession_days":"13","crew_profession_pension_funds":"9,28"},"17":{"embarkation_port":"Nizza","embarkation_date":"1862-04-02","discharge_port":"Costantinopoli","discharge_date":"1861-12-14","crew_surname":"Beardo","crew_name":"Tommaso","crew_birth_location":"Voltri","crew_birth_date":"1827","crew_serial_number":"1260","crew_profession_type":"Marinaio","crew_profession_wage":"Italian Lira","crew_profession_value":"60","crew_profession_months":"8","crew_profession_days":"13","crew_profession_pension_funds":"9,28"},"18":{"embarkation_port":"Nizza","embarkation_date":"1862-04-02","discharge_port":"Costantinopoli","discharge_date":"1861-12-14","crew_surname":"Delfino","crew_name":"Davide","crew_birth_location":"Arenzano","crew_birth_date":"1843","crew_serial_number":"13338","crew_profession_type":"Marinaio","crew_profession_wage":"Italian Lira","crew_profession_value":"60","crew_profession_months":"8","crew_profession_days":"13","crew_profession_pension_funds":"9,28"},"19":{"embarkation_port":"Nizza","embarkation_date":"1862-04-02","discharge_port":"Costantinopoli","discharge_date":"1861-12-14","crew_surname":"Caòcagno","crew_name":"Agostino","crew_birth_location":"Arenzano","crew_birth_date":"1843","crew_serial_number":"14160","crew_profession_type":"Marinaio","crew_profession_wage":"Italian Lira","crew_profession_value":"45","crew_profession_months":"8","crew_profession_days":"13","crew_profession_pension_funds":"9,28"},"20":{"embarkation_port":"Nizza","embarkation_date":"1862-04-02","discharge_port":"Costantinopoli","discharge_date":"1861-12-14","crew_surname":"Degregori","crew_name":"Giuseppe","crew_birth_location":"Camogli","crew_birth_date":"1830","crew_serial_number":"18534","crew_profession_type":"Mozzo","crew_profession_wage":"Italian Lira","crew_profession_value":"15","crew_profession_months":"8","crew_profession_days":"13","crew_profession_pension_funds":"6,75"},"21":{}},"route":{"0":{"departure_port":"Costantinopoli","departure_date":"1861-03-13"},"1":{"departure_port":"Sulina","departure_date":"1861-03-21"},"2":{"departure_port":"Braila","departure_date":"1861-05-31"},"3":{"departure_port":"Sulina","departure_date":"1861--03"},"4":{"departure_port":"Costantinopoli","departure_date":"1861-06-07"},"5":{"departure_port":"Queenstown","departure_date":"1861-08-16"},"6":{"departure_port":"Cardiff","departure_date":"1861-10-03"},"7":{"departure_port":"Costantinopoli","departure_date":"1861-12-03"},"8":{"departure_port":"Costantinopoli","departure_date":"1862-01-02"},"9":{},"10":{},"11":{},"12":{},"13":{},"14":{}}}}]}