﻿{"docs": [{"_id":"2018-03-26T12:26:31.935Z_6","template":"Crew List_IT","status":"Public","data":{"record_information":{"catalogue_id":"6","date_from":"2018-03-26","date_until":"2020-09-22T16:14:38","name":"Benedetta","surname":"Risso","role_in_project":""},"source_identity":{"archive_library":"Archivio di Stato di Genova","archive_library_location":"Genova","register_number":"3783","number_of_document":"14","date_of_document":"1859-06-05","date_of_document_to":"","issuing_authority":"Direzione Marittima di Genova","issuing_authority_location":"Genova","source_type_name":"","fond_number":"","fond_title":"","fond_series_number":"","file_number":"","file_tile":"","note":"","comment":""},"ship_records":{"ship_name":"Nostra Signora della Concezione","ship_type":"Brigantino","ship_tonnage":"123,47","construction_location":"Pra","construction_location_date":"1838","ammunition_type":"","ammunition_quantity_value":"","ammunition_quantity_unit":"","registry_port":"Genova","registry_number":"570","organization_name":"","owner_name":"Biagio","owner_surname":"Bozzi","owner_fathers_name":"","note":"","comment":""},"ports_of_call":{"date_from":"1859-06-05","date_to":"1860-06-10","total_duration_months":"10","total_duration_years":"17","first_planned_destinations":"Civitavecchia","total_crew_number":"8","note":"","comment":""},"crew_list":{"0":{"embarkation_port":"Genova","embarkation_date":"1859-06-05","discharge_port":"Genova","discharge_date":"1860-06-10","crew_surname":"Bozzo","crew_name":"Giuseppe","crew_birth_location":"Camogli","crew_birth_date":"1822","crew_serial_number":"9448","crew_profession_type":"Capitano di seconda classe","crew_profession_wage":"Share","crew_profession_value":"2","crew_profession_months":"10","crew_profession_days":"17","crew_profession_pension_funds":"36,98"},"1":{"embarkation_port":"Genova","embarkation_date":"1859-06-05","discharge_port":"Genova","discharge_date":"1860-06-10","crew_surname":"Bozzo","crew_name":"Giacomo","crew_birth_location":"Camogli","crew_birth_date":"1810","crew_serial_number":"4000","crew_profession_type":"Secondo","crew_profession_wage":"Share","crew_profession_value":"1,5","crew_profession_months":"10","crew_profession_days":"17","crew_profession_pension_funds":"15,85"},"2":{"embarkation_port":"Genova","embarkation_date":"1859-06-05","discharge_port":"Camogli","discharge_date":"1860-08-01","crew_surname":"Passalacqua","crew_name":"Bartolomeo","crew_birth_location":"Camogli","crew_birth_date":"1799","crew_serial_number":"1808","crew_profession_type":"Marinaio","crew_profession_wage":"Share","crew_profession_value":"1","crew_profession_months":"1","crew_profession_days":"18","crew_profession_pension_funds":"1,76"},"3":{"embarkation_port":"Genova","embarkation_date":"1859-06-05","discharge_port":"Genova","discharge_date":"1860-06-10","crew_surname":"Uliveri","crew_name":"Lorenzo","crew_birth_location":"Camogli","crew_birth_date":"1833","crew_serial_number":"8000","crew_profession_type":"Marinaio","crew_profession_wage":"Share","crew_profession_value":"1","crew_profession_months":"10","crew_profession_days":"17","crew_profession_pension_funds":"11,62"},"4":{"embarkation_port":"Genova","embarkation_date":"1859-06-05","discharge_port":"Camogli","discharge_date":"1860-08-01","crew_surname":"Brigneto","crew_name":"Antonio","crew_birth_location":"Camogli","crew_birth_date":"1799","crew_serial_number":"8667","crew_profession_type":"Marinaio","crew_profession_wage":"Share","crew_profession_value":"1","crew_profession_months":"1","crew_profession_days":"18","crew_profession_pension_funds":"1,76"},"5":{"embarkation_port":"Genova","embarkation_date":"1859-06-05","discharge_port":"Genova","discharge_date":"1860-02-14","crew_surname":"Bafigo","crew_name":"Prospero","crew_birth_location":"Camogli","crew_birth_date":"1842","crew_serial_number":"12708","crew_profession_type":"Marinaio","crew_profession_wage":"Share","crew_profession_value":"0,75","crew_profession_months":"3","crew_profession_days":"01","crew_profession_pension_funds":"2,43"},"6":{"embarkation_port":"Genova","embarkation_date":"1859-06-05","discharge_port":"Genova","discharge_date":"1859-09-14","crew_surname":"Bafico","crew_name":"Lorenzo","crew_birth_location":"Rapallo","crew_birth_date":"1840","crew_serial_number":"6559","crew_profession_type":"Marinaio","crew_profession_wage":"Share","crew_profession_value":"0.6","crew_profession_months":"3","crew_profession_days":"01","crew_profession_pension_funds":"3,34"},"7":{"embarkation_port":"Genova","embarkation_date":"1859-06-05","discharge_port":"Genova","discharge_date":"1860-06-10","crew_surname":"Bozzo","crew_name":"Gio Batta","crew_birth_location":"Camogli","crew_birth_date":"1845","crew_serial_number":"44923","crew_profession_type":"Mozzo","crew_profession_wage":"Share","crew_profession_value":"0,25","crew_profession_months":"10","crew_profession_days":"17","crew_profession_pension_funds":"8,45"},"8":{"embarkation_port":"Camogli","embarkation_date":"1859-08-08","discharge_port":"Genova","discharge_date":"1859-09-14","crew_surname":"Ferro","crew_name":"Franco","crew_birth_location":"Camogli","crew_birth_date":"1804","crew_serial_number":"1168","crew_profession_type":"Marinaio","crew_profession_wage":"Share","crew_profession_value":"1","crew_profession_months":"1","crew_profession_days":"07","crew_profession_pension_funds":"1,36"},"9":{"embarkation_port":"Camogli","embarkation_date":"1859-08-08","discharge_port":"Genova","discharge_date":"1860-06-10","crew_surname":"Moltedo","crew_name":"Bartolomeo","crew_birth_location":"Camogli","crew_birth_date":"1843","crew_serial_number":"14301","crew_profession_type":"Mozzo","crew_profession_wage":"Share","crew_profession_value":"0,3","crew_profession_months":"8","crew_profession_days":"23","crew_profession_pension_funds":"7,01"},"10":{"embarkation_port":"Camogli","embarkation_date":"1859-08-08","discharge_port":"Genova","discharge_date":"1860-06-10","crew_surname":"Mortola","crew_name":"Dario","crew_birth_location":"Camogli","crew_birth_date":"1844","crew_serial_number":"12966","crew_profession_type":"Mozzo","crew_profession_wage":"Share","crew_profession_value":"0,3","crew_profession_months":"8","crew_profession_days":"23","crew_profession_pension_funds":"7,01"},"11":{"embarkation_port":"Genova","embarkation_date":"1859-11-15","discharge_port":"Genova","discharge_date":"1860-06-10","crew_surname":"Ciovetto","crew_name":"Angelo","crew_birth_location":"Sant`Ilario","crew_birth_date":"1841","crew_serial_number":"11976","crew_profession_type":"Marinaio","crew_profession_wage":"Share","crew_profession_value":"1","crew_profession_months":"7","crew_profession_days":"16","crew_profession_pension_funds":"8,29"},"12":{"embarkation_port":"Genova","embarkation_date":"1859-11-15","discharge_port":"Genova","discharge_date":"1860-06-10","crew_surname":"Mortola","crew_name":"Giacomo","crew_birth_location":"Camogli","crew_birth_date":"1810","crew_serial_number":"1172","crew_profession_type":"Marinaio","crew_profession_wage":"Share","crew_profession_value":"1","crew_profession_months":"7","crew_profession_days":"16","crew_profession_pension_funds":"8,29"},"13":{"embarkation_port":"Genova","embarkation_date":"1859-11-16","discharge_port":"Genova","discharge_date":"1860-06-10","crew_surname":"Brigneridello","crew_name":"Carlo","crew_birth_location":"Genova","crew_birth_date":"1839","crew_serial_number":"13188","crew_profession_type":"Mozzo","crew_profession_wage":"Share","crew_profession_value":"0,6","crew_profession_months":"7","crew_profession_days":"15","crew_profession_pension_funds":"8,25"},"14":{}},"route":{"0":{},"1":{},"2":{},"3":{},"4":{},"5":{},"6":{},"7":{},"8":{},"9":{},"10":{},"11":{},"12":{},"13":{},"14":{}}}}]}