﻿{"docs": [{"_id":"2018-03-20T16:42:12.444Z_12","template":"Crew List_IT","status":"Public","data":{"record_information":{"catalogue_id":"12","date_from":"2018-03-20","date_until":"2020-09-22T21:30:19","name":"Beatrice","surname":"Corradi","role_in_project":""},"source_identity":{"archive_library":"Archivio di stato","archive_library_location":"Genova","register_number":"15","number_of_document":"2526","date_of_document":"1862-03-06","date_of_document_to":"","issuing_authority":"Direzione marittima","issuing_authority_location":"Genova","source_type_name":"","fond_number":"","fond_title":"","fond_series_number":"","file_number":"","file_tile":"","note":"","comment":""},"ship_records":{"ship_name":"Ulisse","ship_type":"brigantino","ship_tonnage":"203,55","construction_location":"Varazze","construction_location_date":"1855","ammunition_type":"","ammunition_quantity_value":"","ammunition_quantity_unit":"","registry_port":"Genova","registry_number":"1738","organization_name":"","owner_name":"Giovanni Battista","owner_surname":"Ferrari","owner_fathers_name":"","note":"","comment":""},"ports_of_call":{"date_from":"1862-03-15","date_to":"1863-02-01","total_duration_months":"10","total_duration_years":"17","first_planned_destinations":"Danubio e Azoff","total_crew_number":"Dieci","note":"","comment":""},"crew_list":{"0":{"embarkation_port":"Genova","embarkation_date":"1862-03-15","discharge_port":"La Spezia","discharge_date":"1863-02-01","crew_surname":"Pace","crew_name":"Giuseppe","crew_birth_location":"Genova","crew_birth_date":"1827","crew_serial_number":"2825","crew_profession_type":"Capitano di Seconda classe","crew_profession_wage":"Italian Lira","crew_profession_value":"100","crew_profession_months":"10","crew_profession_days":"17","crew_profession_pension_funds":"36,98"},"1":{"embarkation_port":"Genova","embarkation_date":"1862-03-15","discharge_port":"La Spezia","discharge_date":"1863-02-01","crew_surname":"Chiesa","crew_name":"Carlo Antonio","crew_birth_location":"Genova","crew_birth_date":"1831","crew_serial_number":"2938","crew_profession_type":"Secondo","crew_profession_wage":"Italian Lira","crew_profession_value":"90","crew_profession_months":"10","crew_profession_days":"17","crew_profession_pension_funds":"15,85"},"2":{"embarkation_port":"Genova","embarkation_date":"1862-03-15","discharge_port":"La Spezia","discharge_date":"1863-02-01","crew_surname":"Torricella","crew_name":"Sebastiano","crew_birth_location":"Genova","crew_birth_date":"1833","crew_serial_number":"8882","crew_profession_type":"Dispensiere","crew_profession_wage":"Italian Lira","crew_profession_value":"70","crew_profession_months":"10","crew_profession_days":"17","crew_profession_pension_funds":"11,62"},"3":{"embarkation_port":"Genova","embarkation_date":"1862-03-15","discharge_port":"La Spezia","discharge_date":"1863-02-01","crew_surname":"Ferrari","crew_name":"Giacomo","crew_birth_location":"Genova","crew_birth_date":"1832","crew_serial_number":"5544","crew_profession_type":"Marinaio","crew_profession_wage":"Italian Lira","crew_profession_value":"60","crew_profession_months":"10","crew_profession_days":"17","crew_profession_pension_funds":"11,62"},"4":{"embarkation_port":"Genova","embarkation_date":"1862-03-15","discharge_port":"La Spezia","discharge_date":"1863-02-01","crew_surname":"Merello","crew_name":"Benedetto","crew_birth_location":"Genova","crew_birth_date":"1837","crew_serial_number":"10327","crew_profession_type":"Marinaio","crew_profession_wage":"Italian Lira","crew_profession_value":"60","crew_profession_months":"10","crew_profession_days":"17","crew_profession_pension_funds":"11,62"},"5":{"embarkation_port":"Genova","embarkation_date":"1862-03-15","discharge_port":"La Spezia","discharge_date":"1863-02-01","crew_surname":"Chiappori","crew_name":"Bartolomeo","crew_birth_location":"Genova","crew_birth_date":"1829","crew_serial_number":"2805","crew_profession_type":"Marinaio","crew_profession_wage":"Italian Lira","crew_profession_value":"60","crew_profession_months":"10","crew_profession_days":"17","crew_profession_pension_funds":"11,62"},"6":{"embarkation_port":"Genova","embarkation_date":"1862-03-15","discharge_port":"La Spezia","discharge_date":"1863-02-01","crew_surname":"Chiozza","crew_name":"Giovanni","crew_birth_location":"Genova","crew_birth_date":"1836","crew_serial_number":"10339","crew_profession_type":"Marinaio","crew_profession_wage":"Italian Lira","crew_profession_value":"60","crew_profession_months":"10","crew_profession_days":"17","crew_profession_pension_funds":"11,62"},"7":{"embarkation_port":"Genova","embarkation_date":"1862-03-15","discharge_port":"La Spezia","discharge_date":"1863-02-01","crew_surname":"Roggero","crew_name":"Luca","crew_birth_location":"Genova","crew_birth_date":"1842","crew_serial_number":"12626","crew_profession_type":"Marinaio","crew_profession_wage":"Italian Lira","crew_profession_value":"60","crew_profession_months":"10","crew_profession_days":"17","crew_profession_pension_funds":"11,62"},"8":{"embarkation_port":"Genova","embarkation_date":"1862-03-15","discharge_port":"La Spezia","discharge_date":"1863-02-01","crew_surname":"Pecunia","crew_name":"Giobatta","crew_birth_location":"La Spezia","crew_birth_date":"1846","crew_serial_number":"4177","crew_profession_type":"Mozzo","crew_profession_wage":"Italian Lira","crew_profession_value":"30","crew_profession_months":"10","crew_profession_days":"17","crew_profession_pension_funds":"8,45"},"9":{"embarkation_port":"Genova","embarkation_date":"1862-03-15","discharge_port":"La Spezia","discharge_date":"1863-02-01","crew_surname":"Pace","crew_name":"Luigi Giobatta","crew_birth_location":"Genova","crew_birth_date":"1849","crew_serial_number":"16219","crew_profession_type":"Mozzo","crew_profession_wage":"Italian Lira","crew_profession_value":"15","crew_profession_months":"10","crew_profession_days":"17","crew_profession_pension_funds":"8,45"},"10":{"embarkation_port":"Cardiff","embarkation_date":"1862-12-01","discharge_port":"La Spezia","discharge_date":"1863-02-02","crew_surname":"Decesari","crew_name":"Lorenzo","crew_birth_location":"San Lorenzo","crew_birth_date":"1843","crew_serial_number":"1095","crew_profession_type":"Marinaio","crew_profession_value":"Senza paga","crew_profession_months":"2","crew_profession_days":"2","crew_profession_pension_funds":"2,27"},"11":{"embarkation_port":"Cardiff","embarkation_date":"1862-12-01","discharge_port":"La Spezia","discharge_date":"1863-02-02","crew_surname":"Casellino","crew_name":"Bernardo","crew_birth_location":"San Pietro","crew_birth_date":"1843","crew_serial_number":"43","crew_profession_type":"Marinaio","crew_profession_value":"Senza paga","crew_profession_months":"2","crew_profession_days":"2","crew_profession_pension_funds":"2,27"},"12":{"embarkation_port":"Cardiff","embarkation_date":"1862-12-01","discharge_port":"La Spezia","discharge_date":"1863-02-02","crew_surname":"Peragallo","crew_name":"Giobatta Angelo","crew_birth_location":"San Lorenzo","crew_birth_date":"1843","crew_serial_number":"7292","crew_profession_type":"Marinaio","crew_profession_value":"Senza paga","crew_profession_months":"2","crew_profession_days":"2","crew_profession_pension_funds":"2,27"},"13":{"embarkation_port":"Cardiff","embarkation_date":"1862-12-01","discharge_port":"La Spezia","discharge_date":"1863-02-02","crew_surname":"Raffaele","crew_name":"Luigi","crew_birth_location":"Santa Maria","crew_birth_date":"1849","crew_profession_type":"Mozzo","crew_profession_value":"Senza paga","crew_profession_months":"2","crew_profession_days":"2","crew_profession_pension_funds":"1,65"},"14":{},"15":{}},"route":{"0":{"departure_port":"Costantinopoli","departure_date":"1862-04-26"},"1":{"departure_port":"Kertch","departure_date":"1862-05-08"},"2":{"departure_port":"Taganrog","departure_date":"1862-06-03"},"3":{"departure_port":"Costantinopoli","departure_date":"1862-06-18"},"4":{"departure_port":"Malta","departure_date":"1862-07-11"},"5":{"departure_port":"Queenstown","departure_date":"1862-09-17"},"6":{"departure_port":"Cardiff","departure_date":"1862-12-01"},"7":{},"8":{},"9":{},"10":{},"11":{},"12":{},"13":{},"14":{}}}}]}