﻿{"docs": [{"_id":"2018-03-27T15:16:17.981Z_23","template":"Crew List_IT","status":"Public","data":{"record_information":{"catalogue_id":"23","date_from":"2018-03-27","date_until":"2020-09-22T15:28:23","name":"Carolina","surname":"Gaggero ","role_in_project":""},"source_identity":{"archive_library":"Archivio di Stato di Genova","archive_library_location":"Genova","register_number":"14","number_of_document":"9594","date_of_document":"1862-02-24","date_of_document_to":"","issuing_authority":"Direzione marittima di Genova","issuing_authority_location":"Genova","source_type_name":"","fond_number":"","fond_title":"","fond_series_number":"","file_number":"","file_tile":"","note":"","comment":""},"ship_records":{"ship_name":"Ider","ship_type":"Brigantino","ship_tonnage":"288,66","construction_location":"Varazze","construction_location_date":"1857-58","ammunition_type":"","ammunition_quantity_value":"","ammunition_quantity_unit":"","registry_port":"Genova","registry_number":"1952","organization_name":"","owner_name":"Erasmo","owner_surname":"Schiaffino","owner_fathers_name":"Giobatta","note":"","comment":""},"ports_of_call":{"date_from":"1862-02-25","date_to":"1862-11-19","total_duration_months":"8","total_duration_years":"25","first_planned_destinations":"Mar Nero","total_crew_number":"13","note":"","comment":""},"crew_list":{"0":{"embarkation_port":"Genova","embarkation_date":"1862-02-25","discharge_port":"Genova","discharge_date":"1862-11-19","crew_surname":"Schiaffino","crew_name":"Giobatta","crew_birth_location":"Genova","crew_birth_date":"1835","crew_serial_number":"8067","crew_profession_type":"Capitano di seconda classe","crew_profession_wage":"Italian Lira","crew_profession_value":"100","crew_profession_months":"8","crew_profession_days":"25","crew_profession_pension_funds":"30,92"},"1":{"embarkation_port":"Genova","embarkation_date":"1862-02-25","discharge_port":"Genova","discharge_date":"1862-11-19","crew_surname":"Schiaffino","crew_name":"Stefano","crew_birth_location":"Genova","crew_birth_date":"1841","crew_serial_number":"12027","crew_profession_type":"Pilota","crew_profession_wage":"Italian Lira","crew_profession_value":"70","crew_profession_months":"8","crew_profession_days":"25","crew_profession_pension_funds":"13,45"},"2":{"embarkation_port":"Genova","embarkation_date":"1862-02-25","discharge_port":"Genova","discharge_date":"1862-11-19","crew_surname":"Brunetto","crew_name":"Francesco","crew_birth_location":"Genova","crew_birth_date":"1823","crew_serial_number":"3893","crew_profession_type":"Secondo","crew_profession_wage":"Italian Lira","crew_profession_value":"75","crew_profession_months":"8","crew_profession_days":"25","crew_profession_pension_funds":"13,45"},"3":{"embarkation_port":"Genova","embarkation_date":"1862-02-25","discharge_port":"Genova","discharge_date":"1862-11-19","crew_surname":"Bozzo","crew_name":"Giobatta","crew_birth_location":"Genova","crew_birth_date":"1813","crew_serial_number":"2533","crew_profession_type":"Dispensiere","crew_profession_wage":"Italian Lira","crew_profession_value":"68","crew_profession_months":"8","crew_profession_days":"25","crew_profession_pension_funds":"9,72"},"4":{"embarkation_port":"Genova","embarkation_date":"1862-02-25","discharge_port":"Costantinopoli","discharge_date":"1862-04-04","crew_surname":"Montobbio","crew_name":"Emanuele","crew_birth_location":"Sori","crew_birth_date":"1831","crew_serial_number":"8610","crew_profession_type":"Marinaio","crew_profession_wage":"Italian Lira","crew_profession_value":"54","crew_profession_months":"1","crew_profession_days":"8","crew_profession_pension_funds":"1,39","note":"morto"},"5":{"embarkation_port":"Genova","embarkation_date":"1862-02-25","discharge_port":"Genova","discharge_date":"1862-11-19","crew_surname":"Simonetti","crew_name":"Agostino","crew_birth_location":"Chiavari","crew_birth_date":"1833","crew_serial_number":"4697","crew_profession_type":"Marinaio","crew_profession_wage":"Italian Lira","crew_profession_value":"54","crew_profession_months":"8","crew_profession_days":"25","crew_profession_pension_funds":"9,72"},"6":{"embarkation_port":"Genova","embarkation_date":"1862-02-25","discharge_port":"Genova","discharge_date":"1862-11-19","crew_surname":"Viacava","crew_name":"Antonio Giuseppe","crew_birth_location":"Chiavari","crew_birth_date":"1832","crew_serial_number":"4234","crew_profession_type":"Marinaio","crew_profession_wage":"Italian Lira","crew_profession_value":"54","crew_profession_months":"8","crew_profession_days":"25","crew_profession_pension_funds":"9,72"},"7":{"embarkation_port":"Genova","embarkation_date":"1862-02-25","discharge_port":"Genova","discharge_date":"1862-11-19","crew_surname":"Castruccio","crew_name":"Emanuele","crew_birth_location":"Chiavari","crew_birth_date":"1835","crew_serial_number":"5330","crew_profession_type":"Marinaio","crew_profession_wage":"Italian Lira","crew_profession_value":"54","crew_profession_months":"8","crew_profession_days":"25","crew_profession_pension_funds":"9,72"},"8":{"embarkation_port":"Genova","embarkation_date":"1862-02-25","discharge_port":"Genova","discharge_date":"1862-11-19","crew_surname":"Deferari","crew_name":"Giobatta Luigi","crew_birth_location":"Chiavari","crew_birth_date":"1834","crew_serial_number":"6905","crew_profession_type":"Marinaio","crew_profession_wage":"Italian Lira","crew_profession_value":"54","crew_profession_months":"8","crew_profession_days":"25","crew_profession_pension_funds":"9,72"},"9":{"embarkation_port":"Genova","embarkation_date":"1862-02-25","discharge_port":"Genova","discharge_date":"1862-11-19","crew_surname":"Gueglio","crew_name":"Nicolò","crew_birth_location":"Chiavari","crew_birth_date":"1844","crew_serial_number":"7106","crew_profession_type":"Mozzo","crew_profession_wage":"Italian Lira","crew_profession_value":"27","crew_profession_months":"8","crew_profession_days":"25","crew_profession_pension_funds":"9,72"},"10":{"embarkation_port":"Genova","embarkation_date":"1862-02-25","discharge_port":"Genova","discharge_date":"1862-11-19","crew_surname":"Mortola","crew_name":"Nicolò Gerolamo","crew_birth_location":"Genova","crew_birth_date":"1850","crew_serial_number":"17081","crew_profession_type":"Mozzo","crew_profession_wage":"Italian Lira","crew_profession_value":"10","crew_profession_months":"8","crew_profession_days":"25","crew_profession_pension_funds":"7,7"},"11":{"embarkation_port":"Genova","embarkation_date":"1862-02-25","discharge_port":"Genova","discharge_date":"1862-11-19","crew_surname":"Bozzo","crew_name":"Bartolomeo","crew_birth_location":"Genova","crew_birth_date":"1851","crew_serial_number":"18908","crew_profession_type":"Mozzo","crew_profession_wage":"Italian Lira","crew_profession_value":"10","crew_profession_months":"8","crew_profession_days":"25","crew_profession_pension_funds":"7,7"},"12":{"embarkation_port":"Genova","embarkation_date":"1862-02-25","discharge_port":"Genova","discharge_date":"1862-11-19","crew_surname":"Maggiolo","crew_name":"Andrea","crew_birth_location":"Genova","crew_birth_date":"1843","crew_serial_number":"14614","crew_profession_type":"Marinaio","crew_profession_wage":"Italian Lira","crew_profession_value":"54","crew_profession_months":"8","crew_profession_days":"25","crew_profession_pension_funds":"9,72"},"13":{"embarkation_port":"Costantinopoli","embarkation_date":"1862-06-03","discharge_port":"Genova","discharge_date":"1862-11-19","crew_surname":"Campodonico","crew_name":"Gerolamo","crew_birth_location":"Chiavari","crew_birth_date":"1842","crew_serial_number":"7352","crew_profession_type":"Giovinetto","crew_profession_wage":"Italian Lira","crew_profession_value":"27","crew_profession_months":"5","crew_profession_days":"17","crew_profession_pension_funds":"6,12"},"14":{}},"route":{"0":{"departure_port":"Genova","departure_date":"1862-02-25"},"1":{"departure_port":"Costantinopoli","departure_date":"1862-04-03"},"2":{"departure_port":"Kertch","departure_date":"1862-04-14"},"3":{"departure_port":"Taganrog","departure_date":"1862-05-12"},"4":{"departure_port":"Costantinopoli","departure_date":"1862-06-03"},"5":{"departure_port":"Amsterdam","departure_date":"1862-09-06"},"6":{"departure_port":"Newcastle","departure_date":"1862-09-27"},"7":{"arrival_port":"Genova","arrival_date":"1862-11-19"},"8":{},"9":{},"10":{},"11":{},"12":{},"13":{},"14":{}}}}]}