﻿{"docs": [{"_id":"2018-12-13T14:50:24.851Z_6","template":"Crew List_IT","status":"Public","data":{"record_information":{"catalogue_id":"6","date_from":"2018-12-13","date_until":"2020-09-22T15:49:14","name":"Massimo","surname":"Ponasso","role_in_project":""},"source_identity":{"archive_library":"Archivio di Stato di Genova","archive_library_location":"Genova","register_number":"13","number_of_document":"4029","date_of_document":"1853-07-07","date_of_document_to":"","issuing_authority":"Direzione Marittima di Genova","issuing_authority_location":"Genova","source_type_name":"","fond_number":"","fond_title":"","fond_series_number":"","file_number":"","file_tile":"","note":"","comment":""},"ship_records":{"ship_name":"La Giuseppina","ship_type":"Brigantino","ship_tonnage":"114,22","construction_location":"Loano","construction_location_date":"1823","ammunition_type":"","ammunition_quantity_value":"","ammunition_quantity_unit":"","registry_port":"Genova","registry_number":"1313","organization_name":"","owner_name":"Antonio","owner_surname":"Marini","owner_fathers_name":"","note":"","comment":""},"ports_of_call":{"date_from":"1853-07-09","date_to":"1854-05-20","total_duration_months":"8","total_duration_years":"28","first_planned_destinations":"","total_crew_number":"9","note":"","comment":""},"crew_list":{"0":{"embarkation_port":"Genova","embarkation_date":"1853-07-09","discharge_port":"Genova","discharge_date":"1854-05-20","crew_surname":"Antola","crew_name":"Lorenzo","crew_birth_location":"Camogli","crew_birth_date":"1823","crew_serial_number":"1559","crew_profession_type":"Capitano di Seconda Classe","crew_profession_wage":"Share","crew_profession_value":"2","crew_profession_months":"8","crew_profession_days":"28","crew_profession_pension_funds":"31,26"},"1":{"embarkation_port":"Genova","embarkation_date":"1853-07-09","discharge_port":"Genova","discharge_date":"1854-05-20","crew_surname":"Marini","crew_name":"Antonio","crew_birth_location":"Camogli","crew_birth_date":"1807","crew_serial_number":"1066","crew_profession_type":"Direttore","crew_profession_wage":"Share","crew_profession_value":"1,50","crew_profession_months":"8","crew_profession_days":"28","crew_profession_pension_funds":"13,40"},"2":{"embarkation_port":"Genova","embarkation_date":"1853-07-09","discharge_port":"Genova","discharge_date":"1854-01-30","crew_surname":"Bertolotto","crew_name":"Giobono","crew_birth_location":"Camogli","crew_birth_date":"1798","crew_serial_number":"4283","crew_profession_type":"Marinaio","crew_profession_wage":"Share","crew_profession_value":"1","crew_profession_months":"6","crew_profession_days":"01","crew_profession_pension_funds":"6,63"},"3":{"embarkation_port":"Genova","embarkation_date":"1853-07-09","discharge_port":"Genova","discharge_date":"1853-11-02","crew_surname":"Figari","crew_name":"Gerolamo","crew_birth_location":"Camogli","crew_birth_date":"1796","crew_serial_number":"4120","crew_profession_type":"Marinaio","crew_profession_wage":"Share","crew_profession_value":"1","crew_profession_months":"3","crew_profession_days":"24","crew_profession_pension_funds":"4,18"},"4":{"embarkation_port":"Genova","embarkation_date":"1853-07-09","discharge_port":"Genova","discharge_date":"1854-01-30","crew_surname":"Molfino","crew_name":"Agostino","crew_birth_location":"Santa Margherita","crew_birth_date":"1832","crew_serial_number":"4381","crew_profession_type":"Marinaro","crew_profession_wage":"Share","crew_profession_value":"1","crew_profession_months":"6","crew_profession_days":"01","crew_profession_pension_funds":"6,63"},"5":{"embarkation_port":"Genova","embarkation_date":"1853-07-09","discharge_port":"Genova","discharge_date":"1854-05-20","crew_surname":"Benvenuto","crew_name":"Lazzaro","crew_birth_location":"Santa Margherita","crew_birth_date":"1830","crew_serial_number":"5881","crew_profession_type":"Marinaio","crew_profession_wage":"Share","crew_profession_value":"1","crew_profession_months":"8","crew_profession_days":"28","crew_profession_pension_funds":"9,82"},"6":{"embarkation_port":"Genova","embarkation_date":"1853-07-09","discharge_port":"Genova","discharge_date":"1854-05-20","crew_surname":"Roccatagliata","crew_name":"Giacomo","crew_birth_location":"Santa Margherita","crew_birth_date":"1833","crew_serial_number":"4836","crew_profession_type":"Marinaio","crew_profession_wage":"Share","crew_profession_value":"1","crew_profession_months":"8","crew_profession_days":"28","crew_profession_pension_funds":"9,82"},"7":{"embarkation_port":"Genova","embarkation_date":"1853-07-09","discharge_port":"Genova","discharge_date":"1854-05-20","crew_surname":"Ogno","crew_name":"Nicolò","crew_birth_location":"Camogli","crew_birth_date":"1838","crew_serial_number":"11112","crew_profession_type":"Mozzo","crew_profession_wage":"Share","crew_profession_value":"0,50","crew_profession_months":"8","crew_profession_days":"28","crew_profession_pension_funds":"7,14"},"8":{"embarkation_port":"Genova","embarkation_date":"1853-07-09","discharge_port":"Genova","discharge_date":"1853-11-02","crew_surname":"Marini","crew_name":"Giuseppe","crew_birth_location":"Camogli","crew_birth_date":"1841","crew_serial_number":"11578","crew_profession_type":"Mozzo","crew_profession_wage":"Share","crew_profession_value":"0,25","crew_profession_months":"3","crew_profession_days":"24","crew_profession_pension_funds":"3,04"},"9":{"embarkation_port":"Genova","embarkation_date":"1853-11-24","discharge_port":"Genova","discharge_date":"1854-01-30","crew_surname":"Roccatagliata","crew_name":"Andrea","crew_birth_location":"Santa Margherita","crew_birth_date":"1828","crew_serial_number":"937","crew_profession_type":"Marinaio","crew_profession_wage":"Share","crew_profession_value":"1","crew_profession_months":"2","crew_profession_days":"07","crew_profession_pension_funds":"2,45"},"10":{"embarkation_port":"Genova","embarkation_date":"1854-02-24","discharge_port":"Genova","discharge_date":"1854-05-20","crew_surname":"Olivari","crew_name":"Prospero","crew_birth_location":"Camogli","crew_birth_date":"1814","crew_serial_number":"4121","crew_profession_type":"Marinaio","crew_profession_wage":"Share","crew_profession_value":"1","crew_profession_months":"2","crew_profession_days":"27","crew_profession_pension_funds":"3,19"},"11":{"embarkation_port":"Genova","embarkation_date":"1854-02-24","discharge_port":"Genova","discharge_date":"1854-05-20","crew_surname":"Oneto","crew_name":"Carlo","crew_birth_location":"Rapallo","crew_birth_date":"1827","crew_serial_number":"815","crew_profession_type":"Marinaio","crew_profession_wage":"Share","crew_profession_value":"1","crew_profession_months":"2","crew_profession_days":"27","crew_profession_pension_funds":"3,19"},"12":{"embarkation_port":"Genova","embarkation_date":"1854-02-24","discharge_port":"Genova","discharge_date":"1854-05-20","crew_surname":"Schiaffino","crew_name":"Gio. Batta","crew_birth_location":"Camogli","crew_birth_date":"1832","crew_serial_number":"2092","crew_profession_type":"Marinaio","crew_profession_wage":"Share","crew_profession_value":"1","crew_profession_months":"2","crew_profession_days":"27","crew_profession_pension_funds":"3,19"},"13":{},"14":{}},"route":{"0":{"departure_port":"Costantinopoli","departure_date":"1853-08-13"},"1":{"departure_port":"Odessa","departure_date":"1853-09-17"},"2":{"departure_port":"Costantinopoli","departure_date":"1853-10-10"},"3":{"departure_port":"Zante","departure_date":"1853-10-20"},"4":{"departure_port":"Genova","departure_date":"1853-11-24"},"5":{"departure_port":"Agde","departure_date":"1853-12-29"},"6":{"departure_port":"Villa Franca","departure_date":"1854-01-24"},"7":{"departure_port":"Malta","departure_date":"1854-03-08"},"8":{"departure_port":"Canea","departure_date":"1854-03-21"},"9":{"departure_port":"Candia","departure_date":"1854-04-11"},"10":{},"11":{},"12":{},"13":{},"14":{}}}}]}