﻿{"docs": [{"_id":"2018-03-26T14:25:29.619Z_18","template":"Crew List_IT","status":"Public","data":{"record_information":{"catalogue_id":"18","date_from":"2018-03-26","date_until":"2020-09-22T15:06:33","name":"Carolina","surname":"Gaggero ","role_in_project":""},"source_identity":{"archive_library":"Archivio di Stato di Genova","archive_library_location":"Genova","register_number":"15","number_of_document":"6254","date_of_document":"1862-12-02","date_of_document_to":"","issuing_authority":"Direzione marittima di Genova","issuing_authority_location":"Genova","source_type_name":"","fond_number":"","fond_title":"","fond_series_number":"","file_number":"","file_tile":"","note":"","comment":""},"ship_records":{"ship_name":"Dittatore Garibaldi","ship_type":"Brigantino","ship_tonnage":"307,71","construction_location":"Sestri Ponente","construction_location_date":"1860-61","ammunition_type":"","ammunition_quantity_value":"","ammunition_quantity_unit":"","registry_port":"Genova","registry_number":"994","organization_name":"","owner_name":"Giovanni","owner_surname":"Razzeto","owner_fathers_name":"","note":"","comment":""},"ports_of_call":{"date_from":"1862-12-02","date_to":"1863-08-25","total_duration_months":"7","total_duration_years":"27","first_planned_destinations":"Messina","total_crew_number":"13","note":"","comment":""},"crew_list":{"0":{"embarkation_port":"Genova","embarkation_date":"1862-12-02","discharge_port":"Genova","discharge_date":"1863-08-25","crew_surname":"Razzeto","crew_name":"Giovanni","crew_birth_location":"Genova","crew_birth_date":"1823","crew_serial_number":"14682","crew_profession_type":"Capitano di seconda classe","crew_profession_wage":"Italian Lira","crew_profession_value":"100","crew_profession_months":"7","crew_profession_days":"27","crew_profession_pension_funds":"27,65"},"1":{"embarkation_port":"Genova","embarkation_date":"1862-12-02","discharge_port":"Genova","discharge_date":"1863-08-25","crew_surname":"Olivari","crew_name":"Giobatta","crew_birth_location":"Genova","crew_birth_date":"1850","crew_serial_number":"16640","crew_profession_type":"Dispensiere","crew_profession_wage":"Italian Lira","crew_profession_value":"70","crew_profession_months":"7","crew_profession_days":"27","crew_profession_pension_funds":"8,69"},"2":{"embarkation_port":"Genova","embarkation_date":"1862-12-02","discharge_port":"Genova","discharge_date":"1863-08-25","crew_surname":"Rivello","crew_name":"Giobatta","crew_birth_location":"Genova","crew_birth_date":"1823","crew_serial_number":"16678","crew_profession_type":"Secondo","crew_profession_wage":"Italian Lira","crew_profession_value":"90","crew_profession_months":"7","crew_profession_days":"27","crew_profession_pension_funds":"11,85"},"3":{"embarkation_port":"Genova","embarkation_date":"1862-12-02","discharge_port":"Messina","discharge_date":"1863-01-08","crew_surname":"Parodi","crew_name":"Luigi","crew_birth_location":"Genova","crew_birth_date":"1827","crew_serial_number":"11328","crew_profession_type":"Marinaio","crew_profession_wage":"Italian Lira","crew_profession_value":"60","crew_profession_days":"17","crew_profession_pension_funds":"0,62"},"4":{"embarkation_port":"Genova","embarkation_date":"1862-12-02","discharge_port":"Genova","discharge_date":"1863-08-25","crew_surname":"Badino","crew_name":"Luigi","crew_birth_location":"Genova","crew_birth_date":"1837","crew_serial_number":"19085","crew_profession_type":"Marinaio","crew_profession_wage":"Italian Lira","crew_profession_value":"60","crew_profession_months":"7","crew_profession_days":"27","crew_profession_pension_funds":"8,69"},"5":{"embarkation_port":"Genova","embarkation_date":"1862-12-02","discharge_port":"Messina","discharge_date":"1863-01-08","crew_surname":"Borri","crew_name":"Martino","crew_birth_location":"Genova","crew_birth_date":"1836","crew_serial_number":"16740","crew_profession_type":"Marinaio","crew_profession_wage":"Italian Lira","crew_profession_value":"60","crew_profession_days":"17","crew_profession_pension_funds":"0,62"},"6":{"embarkation_port":"Genova","embarkation_date":"1862-12-02","discharge_port":"Genova","discharge_date":"1863-08-25","crew_surname":"Sturlese","crew_name":"Antonio","crew_birth_location":"Spezia","crew_birth_date":"1815","crew_serial_number":"1569","crew_profession_type":"Marinaio","crew_profession_wage":"Italian Lira","crew_profession_value":"80","crew_profession_months":"7","crew_profession_days":"27","crew_profession_pension_funds":"8,69"},"7":{"embarkation_port":"Genova","embarkation_date":"1862-12-02","discharge_port":"Genova","discharge_date":"1863-08-25","crew_surname":"Rattazi","crew_name":"Antonio","crew_birth_location":"Rovigo","crew_birth_date":"[20]","crew_profession_type":"Marinaio","crew_profession_wage":"Italian Lira","crew_profession_value":"80","crew_profession_months":"7","crew_profession_days":"27","crew_profession_pension_funds":"8,69"},"8":{"embarkation_port":"Genova","embarkation_date":"1862-12-02","discharge_port":"Genova","discharge_date":"1863-08-25","crew_surname":"Canevaro","crew_name":"Giobatta","crew_birth_location":"Genova","crew_birth_date":"1843","crew_serial_number":"14533","crew_profession_type":"Marinaio","crew_profession_wage":"Italian Lira","crew_profession_value":"80","crew_profession_months":"7","crew_profession_days":"27","crew_profession_pension_funds":"8,69"},"9":{"embarkation_port":"Genova","embarkation_date":"1862-12-02","discharge_port":"Nizza","discharge_date":"1863-08-25","crew_surname":"Ferraro","crew_name":"Cerbone","crew_birth_location":"Porto Ferraio","crew_birth_date":"1837","crew_serial_number":"1833","crew_profession_type":"Marinaio","crew_profession_wage":"Italian Lira","crew_profession_value":"80","crew_profession_months":"4","crew_profession_days":"10","crew_profession_pension_funds":"4,77"},"10":{"embarkation_port":"Genova","embarkation_date":"1862-12-02","discharge_port":"Genova","discharge_date":"1863-08-25","crew_surname":"Castaldi","crew_name":"Gaetano","crew_birth_location":"Isola d`Elba","crew_birth_date":"1838","crew_serial_number":"147","crew_profession_type":"Giovane","crew_profession_wage":"Italian Lira","crew_profession_value":"50","crew_profession_months":"7","crew_profession_days":"27","crew_profession_pension_funds":"8,69"},"11":{"embarkation_port":"Genova","embarkation_date":"1862-12-02","discharge_port":"Messina","discharge_date":"1863-01-08","crew_surname":"Canevaro","crew_name":"Fortunato","crew_birth_location":"Genova","crew_birth_date":"1846","crew_serial_number":"16495","crew_profession_type":"Giovane","crew_profession_wage":"Italian Lira","crew_profession_value":"40","crew_profession_days":"17","crew_profession_pension_funds":"0,45"},"12":{"embarkation_port":"Messina","embarkation_date":"1863-01-08","discharge_port":"Messina","discharge_date":"1863-04-21","crew_surname":"Olivari","crew_name":"Tommaso","crew_birth_location":"Genova","crew_birth_date":"1849","crew_serial_number":"18256","crew_profession_type":"Mozzo","crew_profession_wage":"Italian Lira","crew_profession_value":"20","crew_profession_months":"7","crew_profession_days":"27","crew_profession_pension_funds":"6,32"},"13":{"embarkation_port":"Messina","embarkation_date":"1863-01-08","discharge_port":"Genova","discharge_date":"1863-08-25","crew_surname":"D`Amico","crew_name":"Pietro","crew_birth_location":"Messina","crew_birth_date":"1844","crew_serial_number":"213","crew_profession_type":"Marinaio","crew_profession_wage":"Italian Lira","crew_profession_value":"50","crew_profession_months":"3","crew_profession_days":"6","crew_profession_pension_funds":"3,52"},"14":{"embarkation_port":"Messina","embarkation_date":"1863-01-08","discharge_port":"Genova","discharge_date":"1863-08-25","crew_surname":"Pregti","crew_name":"Giuseppe Giobatta","crew_birth_location":"Milazzo","crew_birth_date":"1834","crew_serial_number":"3470","crew_profession_type":"Marinaio","crew_profession_wage":"Italian Lira","crew_profession_value":"60","crew_profession_months":"3","crew_profession_days":"6","crew_profession_pension_funds":"3,52"},"15":{"embarkation_port":"Nizza","embarkation_date":"1863-05-20","discharge_port":"Genova","discharge_date":"1863-08-25","crew_surname":"Mazeto","crew_name":"Luigi","crew_birth_location":"Camogli","crew_birth_date":"1838","crew_serial_number":"10153","crew_profession_type":"Marinaio","crew_profession_wage":"Italian Lira","crew_profession_value":"60","crew_profession_months":"7","crew_profession_days":"7","crew_profession_pension_funds":"7,96"},"16":{"embarkation_port":"Nizza","embarkation_date":"1863-05-25","discharge_port":"Genova","discharge_date":"1863-08-25","crew_surname":"La Camicia","crew_name":"Giovanni","crew_birth_location":"Messina","crew_birth_date":"1847","crew_serial_number":"1971","crew_profession_type":"Marinaio","crew_profession_wage":"Italian Lira","crew_profession_value":"60","crew_profession_months":"4","crew_profession_days":"5","crew_profession_pension_funds":"4,58"},"17":{"embarkation_port":"Nizza","embarkation_date":"1833-05-20","discharge_port":"Genova","discharge_date":"1863-08-25","crew_surname":"Brescia","crew_name":"Angelo","crew_birth_location":"Lavagna","crew_birth_date":"1843","crew_serial_number":"6834","crew_profession_type":"Marinaio","crew_profession_wage":"Italian Lira","crew_profession_months":"3","crew_profession_days":"6","crew_profession_pension_funds":"3,52"},"18":{"embarkation_port":"Nizza","embarkation_date":"1863-05-25","discharge_port":"Genova","discharge_date":"1863-08-25","crew_surname":"Dunan","crew_name":"Mario","crew_birth_location":"Villafranca","crew_birth_date":"1853","crew_profession_type":"Marinaio","crew_profession_wage":"Italian Lira","crew_profession_months":"3","crew_profession_days":"1","crew_profession_pension_funds":"3,34"},"19":{},"20":{},"21":{},"22":{},"23":{},"24":{},"25":{}},"route":{"0":{"departure_port":"Genova","departure_date":"1862-12-02"},"1":{"departure_port":"Portofino","departure_date":"1862-12-19"},"2":{"departure_port":"Messina","departure_date":"1863-01-19"},"3":{"departure_port":"Costantinopoli","departure_date":"1863-02-14"},"4":{"departure_port":"Odessa","departure_date":"1863-03-25"},"5":{"departure_port":"Costantinopoli","departure_date":"1863-04-09"},"6":{"departure_port":"Messina","departure_date":"1863-04-21"},"7":{"departure_port":"Villafranca","departure_date":"1863-05-04"},"8":{"departure_port":"Nizza","departure_date":"1863-05-23"},"9":{"departure_port":"Costantinopoli","departure_date":"1863-06-29"},"10":{"departure_port":"Odessa","departure_date":"1863-07-25"},"11":{"departure_port":"Costantinopoli","departure_date":"1863-07-29"},"12":{"arrival_port":"Genova","arrival_date":"1863-08-25"},"13":{},"14":{},"15":{}}}}]}