﻿{"docs": [{"_id":"2018-12-17T16:03:55.860Z_12","template":"Crew List_IT","status":"Public","data":{"record_information":{"catalogue_id":"12","date_from":"2018-12-17","date_until":"2020-09-22T14:45:58","name":"Massimo","surname":"Ponasso","role_in_project":""},"source_identity":{"archive_library":"Archivio di Stato di Genova","archive_library_location":"Genova","register_number":"13","number_of_document":"4050","date_of_document":"1853-07-21","date_of_document_to":"","issuing_authority":"Direzione Marittima di Genova","issuing_authority_location":"Genova","source_type_name":"","fond_number":"","fond_title":"","fond_series_number":"","file_number":"","file_tile":"","note":"","comment":""},"ship_records":{"ship_name":"Antonio","ship_type":"Brigantino","ship_tonnage":"147,93","construction_location":"Varazze","construction_location_date":"1842","ammunition_type":"","ammunition_quantity_value":"","ammunition_quantity_unit":"","registry_port":"Genova","registry_number":"770","organization_name":"","owner_name":"Gio.Batta","owner_surname":"Ferrari","owner_fathers_name":"","note":"","comment":""},"ports_of_call":{"date_from":"1853-07-21","date_to":"1854-05-15","total_duration_months":"9","total_duration_years":"12","first_planned_destinations":"","total_crew_number":"10","note":"","comment":""},"crew_list":{"0":{"embarkation_port":"Genova","embarkation_date":"1853-07-21","discharge_port":"Genova","discharge_date":"1854-05-15","crew_surname":"Pace","crew_name":"Giuseppe","crew_birth_location":"Camogli","crew_birth_date":"1827","crew_serial_number":"2825","crew_profession_type":"Capitano di Seconda Classe","crew_profession_wage":"Share","crew_profession_value":"2","crew_profession_months":"9","crew_profession_days":"12","crew_profession_pension_funds":"32,90"},"1":{"embarkation_port":"Genova","embarkation_date":"1853-07-21","discharge_port":"Genova","discharge_date":"1854-01-03","crew_surname":"Ferrari","crew_name":"Gio. Batta Francesco","crew_birth_location":"Camogli","crew_birth_date":"1809","crew_serial_number":"2178","crew_profession_type":"Secondo","crew_profession_wage":"Share","crew_profession_value":"1,50","crew_profession_months":"5","crew_profession_days":"13","crew_profession_pension_funds":"8,15"},"2":{"embarkation_port":"Genova","embarkation_date":"1853-07-21","discharge_port":"Genova","discharge_date":"1854-01-03","crew_surname":"Mortola","crew_name":"Lazzaro","crew_birth_location":"Camogli","crew_birth_date":"1798","crew_serial_number":"270","crew_profession_type":"Marinaio","crew_profession_wage":"Share","crew_profession_value":"1","crew_profession_months":"5","crew_profession_days":"13","crew_profession_pension_funds":"5,98"},"3":{"embarkation_port":"Genova","embarkation_date":"1853-07-21","discharge_port":"Savona","discharge_date":"1854-06-15","crew_surname":"Mortola","crew_name":"Gio.Bono","crew_birth_location":"Camogli","crew_birth_date":"1819","crew_serial_number":"5124","crew_profession_type":"Marinaio\nSecondo","crew_profession_wage":"Share\nShare","crew_profession_value":"1\n1,5","crew_profession_months":"5\n3","crew_profession_days":"13\n29","crew_profession_pension_funds":"5,98\n5,95"},"4":{"embarkation_port":"Genova","embarkation_date":"1853-07-21","discharge_port":"Genova","discharge_date":"1854-01-03","crew_surname":"Bellagamba","crew_name":"Fortunato","crew_birth_location":"Camogli","crew_birth_date":"1835","crew_serial_number":"9112","crew_profession_type":"Marinaio","crew_profession_wage":"Share","crew_profession_value":"1","crew_profession_months":"5","crew_profession_days":"13","crew_profession_pension_funds":"5,98"},"5":{"embarkation_port":"Genova","embarkation_date":"1853-07-21","discharge_port":"Genova","discharge_date":"1854-01-03","crew_surname":"Magnasco","crew_name":"Agostino","crew_birth_location":"Camogli","crew_birth_date":"1835","crew_serial_number":"7527","crew_profession_type":"Marinaio","crew_profession_months":"5","crew_profession_days":"13","crew_profession_pension_funds":"5,98"},"6":{"embarkation_port":"Genova","embarkation_date":"1853-07-21","discharge_port":"Genova","discharge_date":"1854-01-03","crew_surname":"Magnasco","crew_name":"Agostino","crew_birth_location":"Camogli","crew_birth_date":"1823","crew_serial_number":"1055","crew_profession_type":"Marinaio","crew_profession_wage":"Share","crew_profession_value":"1","crew_profession_months":"5","crew_profession_days":"13","crew_profession_pension_funds":"5,98"},"7":{"embarkation_port":"Genova","embarkation_date":"1853-07-21","discharge_port":"Genova","discharge_date":"1854-01-03","crew_surname":"Maggiolo","crew_name":"Filippo","crew_birth_location":"Camogli","crew_birth_date":"1819","crew_serial_number":"1033","crew_profession_type":"Marinaio","crew_profession_wage":"Share","crew_profession_value":"1","crew_profession_months":"5","crew_profession_days":"13","crew_profession_pension_funds":"5,98"},"8":{"embarkation_port":"Genova","embarkation_date":"1853-07-21","discharge_port":"Genova","discharge_date":"1854-01-03","crew_surname":"Maggiolo","crew_name":"Giuseppe Giacomo","crew_birth_location":"Camogli","crew_birth_date":"1838","crew_serial_number":"10611","crew_profession_type":"Mozzo","crew_profession_wage":"Share","crew_profession_value":"0,25","crew_profession_months":"5","crew_profession_days":"13","crew_profession_pension_funds":"4,33"},"9":{"embarkation_port":"Genova","embarkation_date":"1853-07-21","discharge_port":"Savona","discharge_date":"1854-06-15","crew_surname":"Mortola","crew_name":"Francesco","crew_birth_location":"Camogli","crew_birth_date":"1842","crew_serial_number":"11405","crew_profession_type":"Mozzo","crew_profession_wage":"Share","crew_profession_value":"0,25","crew_profession_months":"9","crew_profession_days":"12","crew_profession_pension_funds":"7,52"},"10":{"embarkation_port":"Genova","embarkation_date":"1854-02-10","discharge_port":"Genova","discharge_date":"1854-04-18","crew_surname":"Figari","crew_name":"Pellegro","crew_birth_location":"Camogli","crew_birth_date":"1827","crew_serial_number":"2984","crew_profession_type":"Marinaio","crew_profession_wage":"Share","crew_profession_value":"1","crew_profession_months":"2","crew_profession_days":"09","crew_profession_pension_funds":"2,53"},"11":{"embarkation_port":"Genova","embarkation_date":"1854-02-10","discharge_port":"Savona","discharge_date":"1854-06-15","crew_surname":"Brigneto","crew_name":"Michele","crew_birth_location":"Camogli","crew_birth_date":"1816","crew_serial_number":"3161","crew_profession_type":"Dispensiere","crew_profession_wage":"Share","crew_profession_value":"1,12","crew_profession_months":"3","crew_profession_days":"29","crew_profession_pension_funds":"4,36"},"12":{"embarkation_port":"Genova","embarkation_date":"1854-02-10","discharge_port":"Savona","discharge_date":"1854-06-15","crew_surname":"Pace","crew_name":"Vincenzo","crew_birth_location":"Camogli","crew_birth_date":"1832","crew_serial_number":"2185","crew_profession_type":"Marinaio","crew_profession_wage":"Share","crew_profession_value":"1","crew_profession_months":"3","crew_profession_days":"29","crew_profession_pension_funds":"4,36"},"13":{"embarkation_port":"Genova","embarkation_date":"1854-02-10","discharge_port":"Savona","discharge_date":"1854-06-15","crew_surname":"Massa","crew_name":"Gaetano","crew_birth_location":"Camogli","crew_birth_date":"1832","crew_serial_number":"6295","crew_profession_type":"Marinaio","crew_profession_wage":"Share","crew_profession_value":"1","crew_profession_months":"3","crew_profession_days":"29","crew_profession_pension_funds":"4,36"},"14":{"embarkation_port":"Genova","embarkation_date":"1854-02-10","discharge_port":"Savona","discharge_date":"1854-06-15","crew_surname":"Olivari","crew_name":"Andrea","crew_birth_location":"Camogli","crew_birth_date":"1831","crew_serial_number":"7074","crew_profession_type":"Marinaio","crew_profession_wage":"Share","crew_profession_value":"1","crew_profession_months":"3","crew_profession_days":"29","crew_profession_pension_funds":"4,36"},"15":{"embarkation_port":"Genova","embarkation_date":"1854-02-10","discharge_port":"Genova","discharge_date":"1854-04-18","crew_surname":"Vongher","crew_name":"Leopoldo","crew_birth_location":"Suddito toscano","crew_birth_date":"1834","crew_profession_type":"Mozzo","crew_profession_months":"2","crew_profession_days":"09","crew_profession_pension_funds":"2,53"},"16":{"embarkation_port":"Genova","embarkation_date":"1854-04-26","discharge_port":"Savona","discharge_date":"1854-06-15","crew_surname":"Felugo","crew_name":"Gio.Batta Silvestro","crew_birth_location":"Camogli","crew_birth_date":"1838","crew_serial_number":"6436","crew_profession_type":"Mozzo","crew_profession_months":"1","crew_profession_days":"20","crew_profession_pension_funds":"1,83"},"17":{},"18":{},"19":{},"20":{},"21":{},"22":{},"23":{},"24":{}},"route":{"0":{"departure_port":"Costantinopoli","departure_date":"1853-08-14"},"1":{"departure_port":"Kertch","departure_date":"1853-09-02"},"2":{"departure_port":"Taganrog","departure_date":"1853-09-09"},"3":{"departure_port":"Costantinopoli","departure_date":"1853-10-13","arrival_port":"Marsiglia","arrival_date":"1853-11-14"},"4":{"departure_port":"Marsiglia","departure_date":"1853-11-30","arrival_port":"Hyeres","arrival_date":"1853-12-07"},"5":{"departure_port":"Hyeres","departure_date":"1853-12-23"},"6":{"departure_port":"Villa Franca","departure_date":"1853-12-26"},"7":{"departure_port":"Genova","departure_date":"1854-02-10"},"8":{"departure_port":"Messina","departure_date":"1854-02-19"},"9":{"departure_port":"Malta","departure_date":"1854-02-27"},"10":{"departure_port":"[Costantinopoli]"},"11":{"departure_port":"Malta","departure_date":"1854-04-10"},"12":{"departure_port":"Santa Margherita","departure_date":"1854-04-26"},"13":{"departure_port":"Carlo Forte","departure_date":"1854-06-07"},"14":{}}}}]}