﻿{"docs": [{"_id":"2018-02-27T13:12:23.975Z_1","template":"Crew List_IT","status":"Public","data":{"record_information":{"catalogue_id":"1","date_from":"2018-02-27","date_until":"2020-07-16T14:31:28","name":"Francesco","surname":"Ferrando","role_in_project":""},"source_identity":{"archive_library":"Archivio di Stato di Genova","archive_library_location":"Genova","register_number":"14","number_of_document":"6832","date_of_document":"1861-02-08","date_of_document_to":"","issuing_authority":"Direzione Marittima di Genova","issuing_authority_location":"Genova","source_type_name":"","fond_number":"","fond_title":"","fond_series_number":"","file_number":"","file_tile":"","note":"","comment":""},"ship_records":{"ship_name":"Giorgina","ship_type":"Brigantino","ship_tonnage":"173,74","construction_location":"Prà","construction_location_date":"1841","ammunition_type":"","ammunition_quantity_value":"","ammunition_quantity_unit":"","registry_port":"Genova","registry_number":"972","organization_name":"","owner_name":"Bartolomeo","owner_surname":"Bertolotto","owner_fathers_name":"","note":"","comment":""},"ports_of_call":{"date_from":"1861-02-08","date_to":"1861-10-09","total_duration_months":"10","total_duration_years":"2","first_planned_destinations":"Danubio","total_crew_number":"10","note":"","comment":""},"crew_list":{"0":{"embarkation_port":"Genova","embarkation_date":"1861-02-08","discharge_port":"Genova","discharge_date":"1861-10-09","crew_surname":"Ferro","crew_name":"Michelangiolo","crew_birth_location":"Camogli","crew_birth_date":"1830","crew_serial_number":"3429","crew_profession_type":"Capitano di 1* classe","crew_profession_wage":"Italian Lira","crew_profession_months":"10","crew_profession_days":"2","crew_profession_pension_funds":"50,33"},"1":{"embarkation_port":"Genova","embarkation_date":"1831-02-08","discharge_port":"Genova","discharge_date":"1861-10-09","crew_surname":"Viacava","crew_name":"Vincenzo","crew_birth_location":"Camogli","crew_birth_date":"1829","crew_serial_number":"2812","crew_profession_type":"Secondo","crew_profession_wage":"Italian Lira","crew_profession_value":"80","crew_profession_months":"10","crew_profession_days":"2","crew_profession_pension_funds":"15,10"},"2":{"embarkation_port":"Genova","embarkation_date":"1861-02-08","discharge_port":"Genova","discharge_date":"1861-10-09","crew_surname":"Cichero","crew_name":"Gio Batta","crew_birth_location":"Camogli","crew_birth_date":"1840","crew_serial_number":"13960","crew_profession_type":"Nostromo","crew_profession_wage":"Italian Lira","crew_profession_value":"70","crew_profession_months":"10","crew_profession_days":"2","crew_profession_pension_funds":"15,10"},"3":{"embarkation_port":"Genova","embarkation_date":"1861-02-08","discharge_port":"Malta","discharge_date":"1861-05-20","crew_surname":"Piantini","crew_name":"Antonio","crew_birth_location":"Ancona","crew_birth_date":"1841","crew_profession_type":"Marinaio","crew_profession_wage":"Italian Lira","crew_profession_value":"60","crew_profession_months":"3","crew_profession_days":"13","crew_profession_pension_funds":"3,78"},"4":{"embarkation_port":"Genova","embarkation_date":"1861-02-08","discharge_port":"Genova","discharge_date":"1861-05-20","crew_surname":"Ancreani","crew_name":"Nicolo","crew_birth_location":"Levanto","crew_birth_date":"1840","crew_serial_number":"3282","crew_profession_type":"Marinaio","crew_profession_wage":"Italian Lira","crew_profession_value":"60","crew_profession_months":"10","crew_profession_days":"2","crew_profession_pension_funds":"11,07"},"5":{"embarkation_port":"Genova","embarkation_date":"1861-02-08","discharge_port":"Genova","discharge_date":"1861-05-20","crew_surname":"Stigari","crew_name":"Lorenzo","crew_birth_location":"Santa Margherita","crew_birth_date":"1841","crew_serial_number":"6774","crew_profession_type":"Mozzo","crew_profession_wage":"Italian Lira","crew_profession_value":"30","crew_profession_months":"10","crew_profession_days":"2","crew_profession_pension_funds":"11,07"},"6":{"embarkation_port":"Genova","embarkation_date":"1861-02-08","discharge_port":"Genova","discharge_date":"1861-05-20","crew_surname":"Cazzolo","crew_name":"Prospero","crew_birth_location":"Camogli","crew_birth_date":"1846","crew_serial_number":"14524","crew_profession_type":"Mozzo","crew_profession_wage":"Italian Lira","crew_profession_value":"30","crew_profession_months":"10","crew_profession_days":"2","crew_profession_pension_funds":"8,05"},"7":{"embarkation_port":"Genova","embarkation_date":"1861-02-08","discharge_port":"Malta","discharge_date":"1861-05-20","crew_surname":"Lisalerno","crew_name":"Matteo","crew_birth_location":"Meta","crew_birth_date":"Permesso","crew_profession_type":"Dispensiere","crew_profession_wage":"Italian Lira","crew_profession_value":"68","crew_profession_months":"3","crew_profession_days":"13","crew_profession_pension_funds":"3,78"},"8":{"embarkation_port":"Genova","embarkation_date":"1861-02-08","discharge_port":"Genova","discharge_date":"1861-05-20","crew_surname":"Rovegno","crew_name":"Gio Batta","crew_birth_location":"Tribogna","crew_birth_date":"1846","crew_serial_number":"17133","crew_profession_type":"Mozzo","crew_profession_wage":"Italian Lira","crew_profession_value":"10","crew_profession_months":"10","crew_profession_days":"2","crew_profession_pension_funds":"8.05"},"9":{"embarkation_port":"Genova","embarkation_date":"1861-02-08","discharge_port":"Genova","discharge_date":"1861-05-20","crew_surname":"Caccagnini","crew_name":"Vincenzo","crew_birth_location":"Tribogna","crew_birth_date":"Permesso","crew_profession_type":"Mozzo","crew_profession_wage":"Italian Lira","crew_profession_value":"60","crew_profession_months":"10","crew_profession_days":"2","crew_profession_pension_funds":"8,05"},"10":{"embarkation_port":"Malta","embarkation_date":"1861-05-21","discharge_port":"Malta","discharge_date":"1861-10-18","crew_surname":"Giorgiò","crew_name":"Dionisio","crew_birth_location":"Patrasso","crew_birth_date":"1835","crew_profession_type":"Marinaio","crew_profession_wage":"Italian Lira","crew_profession_value":"52","crew_profession_months":"4","crew_profession_days":"28","crew_profession_pension_funds":"5,43","note":"Matricola Greca"},"11":{"embarkation_port":"Genova","embarkation_date":"1861-02-08","discharge_port":"Alicante","discharge_date":"1861-09-25","crew_surname":"Castellino","crew_name":"Nicolò","crew_birth_location":"Pietra","crew_birth_date":"1803","crew_profession_type":"Dispensiere","crew_profession_wage":"Italian Lira","crew_profession_value":"60","crew_profession_months":"4","crew_profession_days":"5","crew_profession_pension_funds":"4,58","note":"Passaporto Nazionale"},"12":{"embarkation_port":"Malta","embarkation_date":"1861-10-19","crew_surname":"Della Casa","crew_name":"Fortunato","crew_birth_location":"Camogli","crew_birth_date":"1837","crew_profession_type":"Dispensiere","crew_profession_wage":"Italian Lira","crew_profession_value":"65","crew_profession_months":"1","crew_profession_days":"21","crew_profession_pension_funds":"1,87"},"13":{"embarkation_port":"Genova","crew_surname":"Pilepich","crew_name":"Vincenzo","crew_birth_location":"?","crew_birth_date":"1834","crew_profession_type":"Marinaio","crew_profession_wage":"Italian Lira","crew_profession_value":"60","crew_profession_months":"1","crew_profession_days":"21","crew_profession_pension_funds":"1,87","note":"Matricola Austriaca"},"14":{}},"route":{"0":{"departure_port":"Longone","departure_date":"1861-02-24"},"1":{"departure_port":"Costantinopoli","departure_date":"1861-03-11"},"2":{"departure_port":"Sulina","departure_date":"1861-04-25"},"3":{"departure_port":"Costantinopoli","departure_date":"1861-05-11"},"4":{"departure_port":"Malta","departure_date":"1861-05-21"},"5":{"departure_port":"Hull","departure_date":"1861-08-11"},"6":{"departure_port":"Alicante","departure_date":"1861-09-25"},"7":{"departure_port":"CarloForte","departure_date":"1861-10-08"},"8":{"departure_port":"Cagliari","departure_date":"1861-10-12"},"9":{"departure_port":"Malta","departure_date":"1861-10-12"},"10":{"departure_port":"Salonicco","departure_date":"1861-11-15"},"11":{},"12":{},"13":{},"14":{},"15":{},"16":{},"17":{},"18":{}}}}]}