﻿{"docs": [{"_id":"2018-01-10T08:46:41.900Z_3","template":"Crew List_IT","status":"Public","data":{"record_information":{"catalogue_id":"3","date_from":"10/01/2018","date_until":"2020-09-22T16:17:27","name":"Leonardo","surname":"Scavino","role_in_project":""},"source_identity":{"archive_library":"Archivio di Stato di genova","archive_library_location":"Genova","register_number":"14","number_of_document":"6602","date_of_document":"10/10/1860","date_of_document_to":"","issuing_authority":"Direzione marittima di Genova","issuing_authority_location":"","source_type_name":"","fond_number":"","fond_title":"","fond_series_number":"","file_number":"","file_tile":"","note":"","comment":""},"ship_records":{"ship_name":"Pellegra","ship_type":"Brick Barca","ship_tonnage":"405,61","construction_location":"Prà","construction_location_date":"1860","ammunition_type":"","ammunition_quantity_value":"","ammunition_quantity_unit":"","registry_port":"Genova","registry_number":"2101","organization_name":"","owner_name":"Domenico","owner_surname":"Fasce","owner_fathers_name":"","note":"","comment":""},"ports_of_call":{"date_from":"10/10/1860","date_to":"01/05/1861","total_duration_months":"6","total_duration_years":"22","first_planned_destinations":"Mar Nero e Azov","total_crew_number":"16","note":"","comment":""},"crew_list":{"0":{"embarkation_port":"Genova","embarkation_date":"10/10/1860","discharge_port":"Genova","discharge_date":"01/05/1861","crew_surname":"Fasce","crew_name":"Domenico","crew_birth_location":"Camogli","crew_birth_date":"1824","crew_serial_number":"2369","crew_profession_type":"Capitano di 2° classe","crew_profession_months":"6","crew_profession_days":"22","crew_profession_pension_funds":"23,57"},"1":{"embarkation_port":"Genova","embarkation_date":"10/10/1860","discharge_port":"Genova","discharge_date":"01/05/1861","crew_surname":"Morteo","crew_name":"Giacomo","crew_birth_location":"Alassio","crew_birth_date":"1823","crew_serial_number":"652","crew_profession_type":"Secondo","crew_profession_wage":"Italian Lira","crew_profession_value":"105","crew_profession_months":"6","crew_profession_days":"22","crew_profession_pension_funds":"10,10"},"2":{"embarkation_port":"Genova","embarkation_date":"10/10/1860","discharge_port":"Genova","discharge_date":"01/05/1861","crew_surname":"Passalacqua","crew_name":"Antonio","crew_birth_location":"Camogli","crew_birth_date":"1829","crew_serial_number":"3175","crew_profession_type":"Dispensiere","crew_profession_wage":"Italian Lira","crew_profession_value":"80","crew_profession_months":"6","crew_profession_days":"22","crew_profession_pension_funds":"7,41"},"3":{},"4":{},"5":{},"6":{}},"route":{"0":{"departure_port":"Costantinopoli","departure_date":"10/11/1860"},"1":{"departure_port":"Odessa","departure_date":"01/12/1860"},"2":{"departure_port":"Costantinopoli","departure_date":"17/12/1860"},"3":{"departure_port":"Anversa","departure_date":"02/03/1861"},"4":{"departure_port":"Hartlepool","departure_date":"25/03/1861"},"5":{"arrival_port":"Genova","arrival_date":"01/05/1861"},"6":{},"7":{}}}}]}