﻿{"docs": [{"_id":"2018-12-14T15:23:00.161Z_8","template":"Crew List_IT","status":"Public","data":{"record_information":{"catalogue_id":"8","date_from":"2018-12-14","date_until":"2020-09-22T21:21:22","name":"Massimo","surname":"Ponasso","role_in_project":""},"source_identity":{"archive_library":"Archivio di Stato di Genova","archive_library_location":"Genova","register_number":"13","number_of_document":"4036","date_of_document":"1853-07-14","date_of_document_to":"","issuing_authority":"Direzione Marittima di Genova","issuing_authority_location":"Genova","source_type_name":"","fond_number":"","fond_title":"","fond_series_number":"","file_number":"","file_tile":"","note":"","comment":""},"ship_records":{"ship_name":"Santa Caterina di Genova","ship_type":"Brigantino","ship_tonnage":"140,67","construction_location":"Varazze","construction_location_date":"1837","ammunition_type":"","ammunition_quantity_value":"","ammunition_quantity_unit":"","registry_port":"Genova","registry_number":"505","organization_name":"","owner_name":"","owner_surname":"Revello","owner_fathers_name":"","note":"","comment":""},"ports_of_call":{"date_from":"1853-07-14","date_to":"1854-03-20","total_duration_months":"7","total_duration_years":"25","first_planned_destinations":"","total_crew_number":"9","note":"","comment":""},"crew_list":{"0":{"embarkation_port":"Genova","embarkation_date":"1853-07-14","discharge_port":"Genova","discharge_date":"1854-03-20","crew_surname":"Olivari","crew_name":"Gio.Bono","crew_birth_location":"Camogli","crew_birth_date":"1826","crew_serial_number":"661","crew_profession_type":"Capitano di Seconda Classe","crew_profession_wage":"Share","crew_profession_value":"2","crew_profession_months":"7","crew_profession_days":"25","crew_profession_pension_funds":"27,41"},"1":{"embarkation_port":"Genova","embarkation_date":"1853-07-14","discharge_port":"Genova","discharge_date":"1853-10-15","crew_surname":"Demarchi","crew_name":"Antonio","crew_birth_location":"Camogli","crew_birth_date":"1806","crew_serial_number":"11662","crew_profession_type":"Nostromo","crew_profession_wage":"Share","crew_profession_value":"1,50","crew_profession_months":"3","crew_profession_days":"2","crew_profession_pension_funds":"4,60"},"2":{"embarkation_port":"Genova","embarkation_date":"1853-07-14","discharge_port":"Genova","discharge_date":"1853-10-15","crew_surname":"Ferrari","crew_name":"Fortunato","crew_birth_location":"Camogli","crew_birth_date":"1834","crew_serial_number":"8875","crew_profession_type":"Marinaio","crew_profession_wage":"Share","crew_profession_value":"1","crew_profession_months":"3","crew_profession_days":"2","crew_profession_pension_funds":"3,37"},"3":{"embarkation_port":"Genova","embarkation_date":"1853-07-14","discharge_port":"Genova","discharge_date":"1853-10-15","crew_surname":"Oneto","crew_name":"Giovanni Pasquale","crew_birth_location":"Camogli","crew_birth_date":"1833","crew_serial_number":"9269","crew_profession_type":"Marinaio","crew_profession_wage":"Share","crew_profession_value":"1","crew_profession_months":"3","crew_profession_days":"2","crew_profession_pension_funds":"3,37"},"4":{"embarkation_port":"Genova","embarkation_date":"1853-07-14","discharge_port":"Genova","discharge_date":"1853-10-15","crew_surname":"Demarchi","crew_name":"Gio.Batta","crew_birth_location":"Camogli","crew_birth_date":"1835","crew_serial_number":"9127","crew_profession_type":"Marinaio","crew_profession_wage":"Share","crew_profession_value":"1","crew_profession_months":"3","crew_profession_days":"2","crew_profession_pension_funds":"3,37"},"5":{"embarkation_port":"Genova","embarkation_date":"1853-07-14","discharge_port":"Genova","discharge_date":"1853-10-15","crew_surname":"Gazzale","crew_name":"Prospero","crew_birth_location":"Camogli","crew_birth_date":"1834","crew_serial_number":"7569","crew_profession_type":"Marinaio","crew_profession_wage":"Share","crew_profession_value":"1","crew_profession_months":"3","crew_profession_days":"2","crew_profession_pension_funds":"3,37"},"6":{"embarkation_port":"Genova","embarkation_date":"1853-07-14","discharge_port":"Genova","discharge_date":"1854-03-20","crew_surname":"Olivari","crew_name":"Pellegro","crew_birth_location":"Camogli","crew_birth_date":"1832","crew_serial_number":"62","crew_profession_type":"Marinaio\nNostromo","crew_profession_wage":"Share\nShare","crew_profession_value":"1\n1,25","crew_profession_months":"3\n4","crew_profession_days":"2\n23","crew_profession_pension_funds":"3,37\n7,15"},"7":{"embarkation_port":"Genova","embarkation_date":"1853-07-14","discharge_port":"Genova","discharge_date":"1853-10-15","crew_surname":"Ferrari","crew_name":"Emanuele","crew_birth_location":"Camogli","crew_birth_date":"1838","crew_serial_number":"11659","crew_profession_type":"Mozzo","crew_profession_wage":"Share","crew_profession_value":"0,25","crew_profession_months":"3","crew_profession_days":"2","crew_profession_pension_funds":"2,45"},"8":{"embarkation_port":"Genova","embarkation_date":"1853-07-14","discharge_port":"Genova","discharge_date":"1853-10-15","crew_surname":"Olivari","crew_name":"Gio.Batta","crew_birth_location":"Camogli","crew_birth_date":"1838","crew_serial_number":"10880","crew_profession_type":"Mozzo","crew_profession_wage":"Share","crew_profession_value":"0,33","crew_profession_months":"3","crew_profession_days":"2","crew_profession_pension_funds":"2,45"},"9":{"embarkation_port":"Genova","embarkation_date":"1853-10-28","discharge_port":"Genova","discharge_date":"1854-03-20","crew_surname":"Raggio","crew_name":"Gregorio","crew_birth_location":"Santa Margherita","crew_birth_date":"1823","crew_serial_number":"5568","crew_profession_type":"Secondo","crew_profession_wage":"Share","crew_profession_value":"1,25","crew_profession_months":"4","crew_profession_days":"23","crew_profession_pension_funds":"7,15"},"10":{"embarkation_port":"Genova","embarkation_date":"1853-10-28","discharge_port":"Genova","discharge_date":"1854-03-20","crew_surname":"[Baitet]","crew_name":"[Ospicheò]","crew_birth_location":"Villa Franca","crew_birth_date":"1810","crew_serial_number":"647","crew_profession_type":"Marinaio","crew_profession_wage":"Share","crew_profession_value":"1","crew_profession_months":"4","crew_profession_days":"23","crew_profession_pension_funds":"5,24"},"11":{"embarkation_port":"Genova","embarkation_date":"1853-10-28","discharge_port":"Genova","discharge_date":"1854-03-20","crew_surname":"Gazzale","crew_name":"Prospero","crew_birth_location":"Camogli","crew_birth_date":"1834","crew_serial_number":"7569","crew_profession_type":"Marinaio","crew_profession_wage":"Share","crew_profession_value":"1","crew_profession_months":"4","crew_profession_days":"23","crew_profession_pension_funds":"5,24"},"12":{"embarkation_port":"Genova","embarkation_date":"1853-10-28","discharge_port":"Genova","discharge_date":"1854-03-20","crew_surname":"Stabile","crew_name":"Giuseppe","crew_birth_location":"Villa Franca","crew_birth_date":"1825","crew_serial_number":"563","crew_profession_type":"Marinaio","crew_profession_wage":"Share","crew_profession_value":"1","crew_profession_months":"4","crew_profession_days":"23","crew_profession_pension_funds":"5,24"},"13":{"embarkation_port":"Genova","embarkation_date":"1853-10-28","discharge_port":"Genova","discharge_date":"1854-03-20","crew_surname":"Capurro","crew_name":"Giovanni","crew_birth_location":"Recco","crew_birth_date":"1838","crew_serial_number":"10621","crew_profession_type":"Mozzo","crew_profession_wage":"Share","crew_profession_value":"0,50","crew_profession_months":"4","crew_profession_days":"23","crew_profession_pension_funds":"3,81"},"14":{"embarkation_port":"Genova","embarkation_date":"1853-10-28","discharge_port":"Genova","discharge_date":"1854-03-20","crew_surname":"Assereto","crew_name":"Giovanni","crew_birth_location":"Rapallo","crew_birth_date":"1833","crew_serial_number":"4553","crew_profession_type":"Marinaio","crew_profession_wage":"Share","crew_profession_value":"1","crew_profession_months":"4","crew_profession_days":"23","crew_profession_pension_funds":"5,24"},"15":{"embarkation_port":"Genova","embarkation_date":"1853-10-28","discharge_port":"Genova","discharge_date":"1854-03-20","crew_surname":"Pinciolotti","crew_name":"Lorenzo","crew_birth_location":"Recco","crew_birth_date":"1811","crew_serial_number":"4834","crew_profession_type":"Marinaio","crew_profession_wage":"Share","crew_profession_value":"1","crew_profession_months":"4","crew_profession_days":"23","crew_profession_pension_funds":"5,24"},"16":{"embarkation_port":"Genova","embarkation_date":"1853-10-28","discharge_port":"Genova","discharge_date":"1854-03-20","crew_surname":"Pinciolotti","crew_name":"Antonio","crew_birth_location":"Recco","crew_birth_date":"1842","crew_profession_type":"Mozzo","crew_profession_wage":"Share","crew_profession_value":"0,25","crew_profession_months":"4","crew_profession_days":"23","crew_profession_pension_funds":"3,81"},"17":{},"18":{},"19":{},"20":{},"21":{},"22":{},"23":{},"24":{}},"route":{"0":{"departure_port":"Costantinopoli","departure_date":"1853-08-12"},"1":{"departure_port":"Kertch","departure_date":"1853-08-25"},"2":{"departure_port":"Taganrog","departure_date":"1853-09-07"},"3":{"departure_port":"Costantinopoli","departure_date":"1853-09-24"},"4":{"departure_port":"Genova","departure_date":"1853-10-28"},"5":{"departure_port":"Costantinopoli","departure_date":"1853-12-18"},"6":{"departure_port":"Odessa","departure_date":"1854-01-12"},"7":{"departure_port":"Costantinopoli","departure_date":"1854-02-21"},"8":{},"9":{},"10":{},"11":{},"12":{},"13":{},"14":{}}}}]}