﻿{"docs": [{"_id":"2018-03-20T16:02:13.414Z_13","template":"Crew List_IT","status":"Public","data":{"record_information":{"catalogue_id":"13","date_from":"2018-03-20","date_until":"2020-09-22T16:16:02","name":"Carolina","surname":"Gaggero","role_in_project":""},"source_identity":{"archive_library":"Archivio di Stato di Genova","archive_library_location":"Genova","register_number":"14","number_of_document":"6740","date_of_document":"1861-01-11","date_of_document_to":"","issuing_authority":"Direzione marittima di Genova","issuing_authority_location":"Genova","source_type_name":"","fond_number":"","fond_title":"","fond_series_number":"","file_number":"","file_tile":"","note":"","comment":""},"ship_records":{"ship_name":"Pallade","ship_type":"Brigantino","ship_tonnage":"160,51","construction_location":"Varazze","construction_location_date":"1852","ammunition_type":"","ammunition_quantity_value":"","ammunition_quantity_unit":"","registry_port":"Genova","registry_number":"1439","organization_name":"","owner_name":"Nicolò","owner_surname":"Schiaffino","owner_fathers_name":"Giobatta","note":"","comment":""},"ports_of_call":{"date_from":"1861-01-11","date_to":"1862-02-26","total_duration_months":"13","total_duration_years":"16","first_planned_destinations":"Salonicco","total_crew_number":"10","note":"","comment":""},"crew_list":{"0":{"embarkation_port":"Genova","embarkation_date":"1861-01-11","discharge_port":"Castellammare","discharge_date":"1861-05-04","crew_surname":"Mortola","crew_name":"Giuseppe","crew_birth_location":"Camogli","crew_birth_date":"1826","crew_serial_number":"5054","crew_profession_type":"Capitano di seconda classe","crew_profession_wage":"Share","crew_profession_value":"2","crew_profession_months":"3","crew_profession_days":"24","crew_profession_pension_funds":"13,30"},"1":{"embarkation_port":"Genova","embarkation_date":"1861-01-11","discharge_port":"Genova","discharge_date":"1862-02-26","crew_surname":"Dellacasa","crew_name":"Emanuele","crew_birth_location":"Camogli","crew_birth_date":"1830","crew_serial_number":"5779","crew_profession_type":"Secondo","crew_profession_wage":"Share","crew_profession_value":"1,5","crew_profession_months":"13","crew_profession_days":"16","crew_profession_pension_funds":"20,30"},"2":{"embarkation_port":"Genova","embarkation_date":"1861-01-11","discharge_port":"Castellammare","discharge_date":"1861-04-29","crew_surname":"Lardone","crew_name":"Biaggio","crew_birth_location":"Camogli","crew_birth_date":"1827","crew_serial_number":"1694","crew_profession_type":"Dispensiere","crew_profession_wage":"Share","crew_profession_value":"1,33","crew_profession_months":"3","crew_profession_days":"19","crew_profession_pension_funds":"4"},"3":{"embarkation_port":"Genova","embarkation_date":"1861-01-11","discharge_port":"Castellammare","discharge_date":"1861-04-29","crew_surname":"Agnese","crew_name":"Franco","crew_birth_location":"Camogli","crew_birth_date":"1834","crew_serial_number":"14272","crew_profession_type":"Marinaio","crew_profession_wage":"Share","crew_profession_value":"1","crew_profession_months":"3","crew_profession_days":"19","crew_profession_pension_funds":"4"},"4":{"embarkation_port":"Genova","embarkation_date":"1861-01-11","discharge_port":"Castellammare","discharge_date":"1861-04-29","crew_surname":"Olivari","crew_name":"Pasquale","crew_birth_location":"Camogli","crew_birth_date":"1828","crew_serial_number":"17624","crew_profession_type":"Marinaio","crew_profession_wage":"Share","crew_profession_value":"1","crew_profession_months":"3","crew_profession_days":"19","crew_profession_pension_funds":"4"},"5":{"embarkation_port":"Genova","embarkation_date":"1861-01-11","discharge_port":"Castellammare","discharge_date":"1861-04-29","crew_surname":"Ansaldo","crew_name":"Giuseppe","crew_birth_location":"Camogli","crew_birth_date":"1835","crew_serial_number":"8499","crew_profession_type":"Marinaio","crew_profession_wage":"Share","crew_profession_value":"1","crew_profession_months":"3","crew_profession_days":"19","crew_profession_pension_funds":"4"},"6":{"embarkation_port":"Genova","embarkation_date":"1861-01-11","crew_surname":"Massa","crew_name":"Filippo","crew_birth_location":"Camogli","crew_birth_date":"1841","crew_serial_number":"10980","crew_profession_type":"Marinaio","crew_profession_wage":"Share","crew_profession_value":"1","note":"Sbarcato all`armamento"},"7":{"embarkation_port":"Genova","embarkation_date":"1861-01-11","discharge_port":"Castellammare","discharge_date":"1861-04-29","crew_surname":"Bertelli","crew_name":"Franco","crew_birth_location":"Camogli","crew_birth_date":"1843","crew_serial_number":"12666","crew_profession_type":"Mozzo","crew_profession_wage":"Share","crew_profession_value":"2/3","crew_profession_months":"3","crew_profession_days":"19","crew_profession_pension_funds":"4"},"8":{"embarkation_port":"Genova","embarkation_date":"1861-01-11","discharge_port":"Genova","discharge_date":"1862-02-26","crew_surname":"Mortola","crew_name":"Franco","crew_birth_location":"Camogli","crew_birth_date":"1848","crew_serial_number":"15489","crew_profession_type":"Mozzo","crew_profession_wage":"Share","crew_profession_value":"1/4","crew_profession_months":"13","crew_profession_days":"16","crew_profession_pension_funds":"10,83"},"9":{"embarkation_port":"Genova","embarkation_date":"1861-01-11","discharge_port":"Castellammare","discharge_date":"1861-05-04","crew_surname":"Mortola","crew_name":"Franco","crew_birth_location":"Camogli","crew_birth_date":"1853","crew_profession_type":"Mozzo","crew_profession_wage":"Share","crew_profession_value":"1/4","crew_profession_months":"3","crew_profession_days":"24","crew_profession_pension_funds":"4,18"},"10":{"embarkation_port":"Genova","embarkation_date":"1861-01-11","discharge_port":"Castellammare","discharge_date":"1861-04-29","crew_surname":"Pisani","crew_name":"Geronimo","crew_birth_location":"Isola d`Elba","crew_birth_date":"1830","crew_profession_type":"Marinaio","crew_profession_wage":"Share","crew_profession_value":"1","crew_profession_months":"3","crew_profession_days":"19","crew_profession_pension_funds":"4"},"11":{"embarkation_port":"Castellammare","embarkation_date":"1861-05-07","discharge_port":"Genova","discharge_date":"1862-02-26","crew_surname":"Denegri","crew_name":"Giobatta","crew_birth_location":"Camogli","crew_birth_date":"1823","crew_serial_number":"131","crew_profession_type":"Capitano di seconda classe","crew_profession_wage":"Italian Lira","crew_profession_value":"100","crew_profession_months":"9","crew_profession_days":"20","crew_profession_pension_funds":"33,83","note":"Franchi"},"12":{"embarkation_port":"Castellammare","embarkation_date":"1861-05-07","discharge_port":"Messina","discharge_date":"1861-09-11","crew_surname":"Bux","crew_name":"Vito","crew_birth_location":"Bari","crew_birth_date":"1836","crew_profession_type":"Marinaio","crew_profession_wage":"Italian Lira","crew_profession_value":"[46]","crew_profession_months":"4","crew_profession_days":"5","crew_profession_pension_funds":"4,58","note":"Franchi"},"13":{"embarkation_port":"Castellammare","embarkation_date":"1861-05-07","discharge_port":"Messina","discharge_date":"1861-09-11","crew_surname":"Ninno","crew_name":"Domenico","crew_birth_location":"Bari","crew_birth_date":"1838","crew_profession_type":"Dispensiere","crew_profession_wage":"Italian Lira","crew_profession_value":"[46]","crew_profession_months":"4","crew_profession_days":"5","crew_profession_pension_funds":"4,58","note":"Franchi"},"14":{"embarkation_port":"Castellammare","embarkation_date":"1861-05-07","discharge_port":"Messina","discharge_date":"1861-09-11","crew_surname":"Paretta","crew_name":"Antonio","crew_birth_location":"Barletta","crew_birth_date":"1839","crew_profession_type":"Marinaio","crew_profession_wage":"Italian Lira","crew_profession_value":"[46]","crew_profession_months":"4","crew_profession_days":"5","crew_profession_pension_funds":"4,58","note":"Franchi"},"15":{"embarkation_port":"Castellammare","embarkation_date":"1861-05-07","discharge_port":"Messina","discharge_date":"1861-09-11","crew_surname":"di Feo","crew_name":"Donato","crew_birth_location":"Trani","crew_birth_date":"1840","crew_profession_type":"Marinaio","crew_profession_wage":"Italian Lira","crew_profession_value":"[46]","crew_profession_months":"4","crew_profession_days":"5","crew_profession_pension_funds":"4,58","note":"Franchi"},"16":{"embarkation_port":"Castellammare","embarkation_date":"1861-05-07","discharge_port":"Messina","discharge_date":"1861-09-11","crew_surname":"Dibitonto","crew_name":"Donato","crew_birth_location":"Barletta","crew_birth_date":"1843","crew_profession_type":"Marinaio","crew_profession_wage":"Italian Lira","crew_profession_value":"[46]","crew_profession_months":"4","crew_profession_days":"5","crew_profession_pension_funds":"4,58","note":"Franchi"},"17":{"embarkation_port":"Castellammare","embarkation_date":"1861-05-07","discharge_port":"Castellammare","discharge_date":"1861-05-07","crew_surname":"Cumo","crew_name":"Samuele","crew_birth_date":"1845","crew_serial_number":"772","crew_profession_type":"Mozzo","crew_profession_wage":"Italian Lira","crew_profession_value":"36","crew_profession_days":"1","crew_profession_pension_funds":"0,03","note":"Franchi"},"18":{"embarkation_port":"Castellammare","embarkation_date":"1861-05-07","discharge_port":"Messina","discharge_date":"1861-09-11","crew_surname":"Grozia","crew_name":"Geronzio","crew_birth_location":"Gaeta","crew_birth_date":"1843","crew_serial_number":"943","crew_profession_type":"Mozzo","crew_profession_wage":"Italian Lira","crew_profession_value":"40","crew_profession_months":"4","crew_profession_days":"5","crew_profession_pension_funds":"4,58","note":"Franchi"},"19":{"embarkation_port":"Messina","embarkation_date":"1861-09-11","discharge_port":"Costantinopoli","discharge_date":"1861-10-15","crew_surname":"Bombace","crew_name":"Giuseppe","crew_birth_location":"Messina","crew_profession_type":"Marinaio","crew_profession_wage":"Italian Lira","crew_profession_value":"55","crew_profession_months":"1","crew_profession_days":"5","crew_profession_pension_funds":"1,28","note":"Franchi"},"20":{"embarkation_port":"Messina","embarkation_date":"1861-09-11","discharge_port":"Costantinopoli","discharge_date":"1861-10-15","crew_surname":"Sgasila","crew_name":"Domenico","crew_birth_location":"Scilla","crew_birth_date":"1824","crew_serial_number":"67","crew_profession_type":"Marinaio","crew_profession_wage":"Italian Lira","crew_profession_value":"55","crew_profession_months":"1","crew_profession_days":"1","crew_profession_pension_funds":"1,14","note":"Franchi"},"21":{"embarkation_port":"Messina","embarkation_date":"1861-09-11","discharge_port":"Genova","discharge_date":"1862-02-26","crew_surname":"Venesida","crew_name":"Nicola","crew_birth_location":"Scilla","crew_birth_date":"1827","crew_serial_number":"213","crew_profession_type":"Marinaio","crew_profession_wage":"Italian Lira","crew_profession_value":"55","crew_profession_months":"5","crew_profession_days":"16","crew_profession_pension_funds":"6,09","note":"Franchi"},"22":{"embarkation_port":"Messina","embarkation_date":"1861-09-11","discharge_port":"Costantinopoli","discharge_date":"1861-10-15","crew_surname":"Martello","crew_name":"Giovanni","crew_birth_location":"Scilla","crew_birth_date":"1830","crew_serial_number":"174","crew_profession_type":"Marinaio","crew_profession_wage":"Italian Lira","crew_profession_value":"55","crew_profession_months":"1","crew_profession_days":"5","crew_profession_pension_funds":"1,28","note":"Franchi"},"23":{"embarkation_port":"Messina","embarkation_date":"1861-09-11","discharge_port":"Genova","discharge_date":"1862-02-26","crew_surname":"La Valle","crew_name":"Andrea","crew_birth_location":"Messina","crew_birth_date":"1836","crew_serial_number":"728","crew_profession_type":"Mozzo","crew_profession_wage":"Italian Lira","crew_profession_value":"55","crew_profession_months":"5","crew_profession_days":"16","crew_profession_pension_funds":"6,09","note":"Franchi"},"24":{"embarkation_port":"Messina","embarkation_date":"1861-09-11","discharge_port":"Costantinopoli","discharge_date":"1861-10-15","crew_surname":"Sgorlata","crew_name":"Fortunato","crew_birth_date":"1842","crew_serial_number":"88","crew_profession_type":"Marinaio","crew_profession_wage":"Italian Lira","crew_profession_value":"55","crew_profession_months":"1","crew_profession_days":"5","crew_profession_pension_funds":"1,28","note":"Franchi"},"25":{"embarkation_port":"Messina","embarkation_date":"1861-09-11","discharge_port":"Genova","discharge_date":"1862-02-26","crew_surname":"Schiaffino","crew_name":"Antonio","crew_birth_location":"Camogli","crew_birth_date":"1846","crew_serial_number":"13423","crew_profession_type":"Mozzo","crew_profession_wage":"Italian Lira","crew_profession_value":"25","crew_profession_months":"5","crew_profession_days":"16","crew_profession_pension_funds":"4,43","note":"Franchi"},"26":{}},"route":{"0":{"departure_port":"Genova","departure_date":"1861-01-11"},"1":{"departure_port":"Salonicco","departure_date":"1861-03-05"},"2":{"departure_port":"Castellamare","departure_date":"1861-05-07"},"3":{"departure_port":"Costantinopoli","departure_date":"1861-06-03"},"4":{"departure_port":"Taganrog","departure_date":"1861-07-17"},"5":{"departure_port":"Costantinopoli","departure_date":"1861-08-03"},"6":{"departure_port":"Messina","departure_date":"1861-09-11"},"7":{"departure_port":"Costantinopoli","departure_date":"1861-10-15"},"8":{"departure_port":"Sulina","departure_date":"1861-10-29"},"9":{"departure_port":"Galatz","departure_date":"1861-11-22"},"10":{"departure_port":"Sulina","departure_date":"1861-12-08"},"11":{"departure_port":"Costantinopoli","departure_date":"1862-01-02"},"12":{"departure_port":"Messina","departure_date":"1862-02-06"},"13":{},"14":{}}}}]}