﻿{"docs": [{"_id":"2019-11-29T08:51:01.444Z_98","template":"Crew List_IT","status":"Public","data":{"record_information":{"catalogue_id":"98","date_from":"2019-11-29","date_until":"2020-09-22T21:14:52","name":"Leonardo","surname":"Scavino","role_in_project":""},"source_identity":{"archive_library":"Archivio di Stato di Genova","archive_library_location":"Genova","register_number":"13","number_of_document":"5478","date_of_document":"1854-03-08","date_of_document_to":"","issuing_authority":"Direzione marittima","issuing_authority_location":"Genoa","source_type_name":"","fond_number":"","fond_title":"","fond_series_number":"","file_number":"","file_tile":"","note":"","comment":""},"ship_records":{"ship_name":"L`Unione","ship_type":"Brick Scooner","ship_tonnage":"120","construction_location":"varazze","construction_location_date":"1836","ammunition_type":"","ammunition_quantity_value":"","ammunition_quantity_unit":"","registry_port":"Genoa","registry_number":"","organization_name":"","owner_name":"Gio. Batta","owner_surname":"Schiaffino","owner_fathers_name":"","note":"","comment":""},"ports_of_call":{"date_from":"1854-03-08","date_to":"1857-06-06","total_duration_months":"38","total_duration_years":"25","first_planned_destinations":"","total_crew_number":"8","note":"","comment":""},"crew_list":{"0":{"embarkation_port":"Genoa","embarkation_date":"1854-03-08","discharge_port":"Genoa","discharge_date":"1857-06-06","crew_surname":"Oneto","crew_name":"Antonio Bartolomeo","crew_birth_location":"Camogli","crew_birth_date":"1822","crew_serial_number":"5515","crew_profession_type":"Capitano di seconda classe","crew_profession_wage":"Share","crew_profession_value":"2","crew_profession_months":"38","crew_profession_days":"25","crew_profession_pension_funds":"135,91"},"1":{"embarkation_port":"Genoa","embarkation_date":"1854-03-08","discharge_port":"Portofino","discharge_date":"1856-01-10","crew_surname":"Oneto","crew_name":"Angelo","crew_birth_location":"Camogli","crew_birth_date":"1832","crew_serial_number":"6334","crew_profession_type":"Secondo","crew_profession_wage":"Share","crew_profession_value":"1,25","crew_profession_months":"21","crew_profession_days":"29","crew_profession_pension_funds":"32,95"},"2":{"embarkation_port":"Genoa","embarkation_date":"1854-03-08","discharge_port":"Portofino","discharge_date":"1855-06-09","crew_surname":"Maggiolo","crew_name":"Michele","crew_birth_location":"Camogli","crew_birth_date":"1798","crew_serial_number":"4037","crew_profession_type":"Marinaio","crew_profession_wage":"Share","crew_profession_value":"1","crew_profession_months":"15","crew_profession_days":"02","crew_profession_pension_funds":"16,57"},"3":{"embarkation_port":"Genoa","embarkation_date":"1854-03-08","discharge_port":"Portofino","discharge_date":"1855-06-09","crew_surname":"Olivari","crew_name":"Prospero","crew_birth_location":"Camogli","crew_birth_date":"1815","crew_serial_number":"4200","crew_profession_type":"Marinaio","crew_profession_wage":"Share","crew_profession_value":"1","crew_profession_months":"15","crew_profession_days":"02","crew_profession_pension_funds":"16,57"},"4":{"embarkation_port":"Genoa","embarkation_date":"1854-03-08","discharge_port":"Portofino","discharge_date":"1855-06-09","crew_surname":"Mortola","crew_name":"Giuseppe","crew_birth_location":"Camogli","crew_birth_date":"1828","crew_serial_number":"100","crew_profession_type":"Marinaio","crew_profession_wage":"Share","crew_profession_value":"1","crew_profession_months":"15","crew_profession_days":"02","crew_profession_pension_funds":"16,57"},"5":{"embarkation_port":"Genoa","embarkation_date":"1854-03-08","discharge_port":"Portofino","discharge_date":"1855-06-09","crew_surname":"Olivari","crew_name":"Biagio","crew_birth_location":"Camogli","crew_birth_date":"1838","crew_serial_number":"10368","crew_profession_type":"Marinaio","crew_profession_wage":"Share","crew_profession_value":"1","crew_profession_months":"15","crew_profession_days":"02","crew_profession_pension_funds":"16,57"},"6":{"embarkation_port":"Genoa","embarkation_date":"1854-03-08","discharge_port":"Genoa","discharge_date":"1857-06-06","crew_surname":"Oneto","crew_name":"Antonio","crew_birth_location":"Camogli","crew_birth_date":"1838","crew_serial_number":"10021","crew_profession_type":"Mozzo","crew_profession_wage":"Share","crew_profession_value":"0,33","crew_profession_months":"38","crew_profession_days":"25","crew_profession_pension_funds":"42,71"},"7":{"embarkation_port":"Genoa","embarkation_date":"1854-03-08","discharge_port":"Portofino","discharge_date":"1855-06-09","crew_surname":"Olivari","crew_name":"Angelo","crew_birth_location":"Camogli","crew_birth_date":"1844","crew_serial_number":"11824","crew_profession_type":"Mozzo","crew_profession_wage":"Share","crew_profession_value":"0,25","crew_profession_months":"15","crew_profession_days":"2","crew_profession_pension_funds":"12,05"},"8":{"embarkation_port":"Portofino","embarkation_date":"1854-03-21","discharge_port":"Portofino","discharge_date":"1855-06-09","crew_surname":"Mortola","crew_name":"Angelo","crew_birth_location":"Camogli","crew_birth_date":"1831","crew_serial_number":"7686","crew_profession_type":"Marinaio","crew_profession_wage":"Share","crew_profession_value":"1","crew_profession_months":"14","crew_profession_days":"19","crew_profession_pension_funds":"16,09"},"9":{"embarkation_port":"Portofino","embarkation_date":"1855-06-14","discharge_port":"Portofino","discharge_date":"1856-10-20","crew_surname":"Luxardo","crew_name":"Giacomo","crew_birth_location":"Camogli","crew_birth_date":"1799","crew_serial_number":"1320","crew_profession_type":"Dispensiere","crew_profession_wage":"Share","crew_profession_value":"1,125","crew_profession_months":"16","crew_profession_days":"7","crew_profession_pension_funds":"17,85"},"10":{"embarkation_port":"Portofino","embarkation_date":"1855-06-14","discharge_port":"Portofino","discharge_date":"1856-10-20","crew_surname":"Simonetti","crew_name":"Gaetano","crew_birth_location":"Camogli","crew_birth_date":"1804","crew_serial_number":"1044","crew_profession_type":"Marinaio","crew_profession_wage":"Share","crew_profession_value":"1","crew_profession_months":"16","crew_profession_days":"7","crew_profession_pension_funds":"17,85"},"11":{"embarkation_port":"Portofino","embarkation_date":"1855-06-14","discharge_port":"Portofino","discharge_date":"1856-10-20","crew_surname":"Pendola","crew_name":"Pietro Antonio","crew_birth_location":"Santa Margherita","crew_birth_date":"1834","crew_serial_number":"4018","crew_profession_type":"Marinaio","crew_profession_wage":"Share","crew_profession_value":"1","crew_profession_months":"16","crew_profession_days":"7","crew_profession_pension_funds":"17,85"},"12":{"embarkation_port":"Portofino","embarkation_date":"1855-06-14","discharge_port":"Portofino","discharge_date":"1856-10-20","crew_surname":"Olivari","crew_name":"Emanuele","crew_birth_location":"Boccadasse","crew_birth_date":"1836","crew_serial_number":"3462","crew_profession_type":"Mozzo","crew_profession_wage":"Share","crew_profession_months":"16","crew_profession_days":"7","crew_profession_pension_funds":"17,85"},"13":{"embarkation_port":"Portofino","embarkation_date":"1855-06-14","discharge_port":"Portofino","discharge_date":"1856-10-20","crew_surname":"Luxardo","crew_name":"Agostino","crew_birth_location":"Recco","crew_birth_date":"1822","crew_serial_number":"8418","crew_profession_type":"Marinaio","crew_profession_wage":"Share","crew_profession_value":"1","crew_profession_months":"16","crew_profession_days":"7","crew_profession_pension_funds":"17,85"},"14":{"embarkation_port":"Portofino","embarkation_date":"1855-06-14","discharge_port":"Portofino","discharge_date":"1856-10-20","crew_surname":"Ogno","crew_name":"Niccolò","crew_birth_location":"Camogli","crew_birth_date":"1838","crew_serial_number":"1117","crew_profession_type":"Mozzo","crew_profession_wage":"Share","crew_profession_value":"1","crew_profession_months":"16","crew_profession_days":"7","crew_profession_pension_funds":"17,85"},"15":{"embarkation_port":"Portofino","embarkation_date":"1857-01-12","discharge_port":"Spezia","discharge_date":"1857-06-04","crew_surname":"Gazzolo","crew_name":"Francesco","crew_birth_location":"Camogli","crew_birth_date":"1824","crew_serial_number":"102","crew_profession_type":"Secondo","crew_profession_wage":"Share","crew_profession_value":"1,5","crew_profession_months":"4","crew_profession_days":"23","crew_profession_pension_funds":"7,25"},"16":{"embarkation_port":"Portofino","embarkation_date":"1857-01-12","discharge_port":"Spezia","discharge_date":"1857-06-04","crew_surname":"Silvestri","crew_name":"Marco Antonio","crew_birth_location":"Spezia","crew_birth_date":"1812","crew_serial_number":"2688","crew_profession_type":"Marinaio","crew_profession_wage":"Share","crew_profession_value":"1","crew_profession_months":"4","crew_profession_days":"23","crew_profession_pension_funds":"5,24"},"17":{"embarkation_port":"Portofino","embarkation_date":"1857-01-12","discharge_port":"Spezia","discharge_date":"1857-06-04","crew_surname":"Silvestri","crew_name":"Pietro","crew_birth_location":"Spezia","crew_birth_date":"1822","crew_serial_number":"370","crew_profession_type":"Marinaio","crew_profession_wage":"Share","crew_profession_value":"1","crew_profession_months":"4","crew_profession_days":"23","crew_profession_pension_funds":"5,24"},"18":{"embarkation_port":"Portofino","embarkation_date":"1857-01-12","discharge_port":"Genoa","discharge_date":"1857-06-06","crew_surname":"Pisceti","crew_name":"Francesco","crew_birth_location":"Spezia","crew_birth_date":"1831","crew_serial_number":"3762","crew_profession_type":"Marinaio","crew_profession_wage":"Share","crew_profession_value":"1","crew_profession_months":"4","crew_profession_days":"25","crew_profession_pension_funds":"5,31"},"19":{"embarkation_port":"Portofino","embarkation_date":"1857-01-12","discharge_port":"Genoa","discharge_date":"1857-06-06","crew_surname":"Pendola","crew_name":"Pietro Antonio","crew_birth_location":"Santa Margherita","crew_birth_date":"1834","crew_serial_number":"4018","crew_profession_type":"Marinaio","crew_profession_wage":"Share","crew_profession_value":"1","crew_profession_months":"4","crew_profession_days":"25","crew_profession_pension_funds":"5,31"},"20":{"embarkation_port":"Portofino","embarkation_date":"1857-01-12","discharge_port":"Genoa","discharge_date":"1857-06-06","crew_surname":"Peragallo","crew_name":"Antonio","crew_birth_location":"Camogli","crew_birth_date":"1842","crew_serial_number":"12227","crew_profession_type":"Mozzo","crew_profession_wage":"Share","crew_profession_value":"0,25","crew_profession_months":"4","crew_profession_days":"25","crew_profession_pension_funds":"3,86"},"21":{"embarkation_port":"Portofino","embarkation_date":"1857-01-12","discharge_port":"Genoa","discharge_date":"1857-06-06","crew_surname":"Schiaffino","crew_name":"Filippo","crew_birth_location":"Camogli","crew_birth_date":"1791","crew_serial_number":"13776","crew_profession_type":"Marinaio","crew_profession_wage":"Share","crew_profession_value":"1","crew_profession_months":"4","crew_profession_days":"25","crew_profession_pension_funds":"5,31"},"22":{},"23":{},"24":{}},"route":{"0":{"departure_port":"Genoa","departure_date":"1854-03-08"},"1":{"departure_port":"Portofino","departure_date":"1854-03-21","arrival_port":"Marsiglia","arrival_date":"1854-03-31"},"2":{"departure_port":"Marsiglia","departure_date":"1854-04-14"},"3":{"departure_port":"Malta","departure_date":"1854-05-02","arrival_port":"Marsiglia","arrival_date":"1854-07-05"},"4":{"departure_port":"Marsiglia","departure_date":"1854-07-27"},"5":{"departure_port":"Malta","departure_date":"1854-08-13"},"6":{"departure_port":"Varna","departure_date":"1854-12-22"},"7":{"departure_port":"Kamiesh"},"8":{"departure_port":"Costantinopoli","departure_date":"1855-02-04"},"9":{"departure_port":"Malta","departure_date":"1855-03-22"},"10":{"departure_port":"Marsiglia","departure_date":"1855-06-02"},"11":{"departure_port":"Malta","departure_date":"1855-07-03"},"12":{"departure_port":"Costantinopoli","departure_date":"1855-09-19"},"13":{"departure_port":"Kamiesh"},"14":{"departure_port":"Costantinopoli","departure_date":"1855-11-07"},"15":{"departure_port":"Salonicco","departure_date":"1855-12-06"},"16":{},"17":{},"18":{},"19":{},"20":{},"21":{},"22":{},"23":{},"24":{}}}}]}