﻿{"docs": [{"_id":"2018-12-14T16:31:09.212Z_9","template":"Crew List_IT","status":"Public","data":{"record_information":{"catalogue_id":"9","date_from":"2018-12-14","date_until":"2020-09-22T14:53:37","name":"Massimo","surname":"Ponasso","role_in_project":""},"source_identity":{"archive_library":"Archivio di Stato di Genova","archive_library_location":"Genova","register_number":"12","number_of_document":"4038","date_of_document":"1853-07-15","date_of_document_to":"","issuing_authority":"Direzione Marittima di Genova","issuing_authority_location":"Genova","source_type_name":"","fond_number":"","fond_title":"","fond_series_number":"","file_number":"","file_tile":"","note":"","comment":""},"ship_records":{"ship_name":"Baciocchin","ship_type":"Brigantino","ship_tonnage":"160,23","construction_location":"Varazze","construction_location_date":"1841","ammunition_type":"","ammunition_quantity_value":"","ammunition_quantity_unit":"","registry_port":"Genova","registry_number":"673","organization_name":"","owner_name":"Emanuele","owner_surname":"Schiaffino","owner_fathers_name":"","note":"","comment":""},"ports_of_call":{"date_from":"1853-07-15","date_to":"1854-06-09","total_duration_months":"10","total_duration_years":"04","first_planned_destinations":"","total_crew_number":"9","note":"","comment":""},"crew_list":{"0":{"embarkation_port":"Genova","embarkation_date":"1853-07-15","discharge_port":"Genova","discharge_date":"1854-06-09","crew_surname":"Olivari","crew_name":"Prospero","crew_birth_location":"Camogli","crew_birth_date":"1816","crew_serial_number":"3271","crew_profession_type":"Capitano di Seconda Classe","crew_profession_wage":"Share","crew_profession_value":"2","crew_profession_months":"10","crew_profession_days":"04","crew_profession_pension_funds":"35,46"},"1":{"embarkation_port":"Genova","embarkation_date":"1853-07-15","discharge_port":"Genova","discharge_date":"1853-10-12","crew_surname":"Dalpino","crew_name":"Giacomo Pietro","crew_birth_location":"Sori","crew_birth_date":"1832","crew_serial_number":"9088","crew_profession_type":"Secondo","crew_profession_wage":"Share","crew_profession_value":"1,50","crew_profession_months":"2","crew_profession_days":"28","crew_profession_pension_funds":"4,40"},"2":{"embarkation_port":"Genova","embarkation_date":"1853-07-15","discharge_port":"Genova","discharge_date":"1854-06-09","crew_surname":"Olivari","crew_name":"Agostino","crew_birth_location":"Camogli","crew_birth_date":"1817","crew_serial_number":"2927","crew_profession_type":"Nostromo\nSecondo","crew_profession_wage":"Share\nShare","crew_profession_value":"1,25\n1,50","crew_profession_months":"10\n","crew_profession_days":"04\n","crew_profession_pension_funds":"15,20\n"},"3":{"embarkation_port":"Genova","embarkation_date":"1853-07-15","discharge_port":"Genova","discharge_date":"1853-10-12","crew_surname":"Mortola","crew_name":"Andrea","crew_birth_location":"Camogli","crew_birth_date":"1825","crew_serial_number":"5108","crew_profession_type":"Marinaio","crew_profession_wage":"Share","crew_profession_value":"1","crew_profession_months":"2","crew_profession_days":"28","crew_profession_pension_funds":"3,22"},"4":{"embarkation_port":"Genova","embarkation_date":"1853-07-15","discharge_port":"Genova","discharge_date":"1853-10-12","crew_surname":"Mortola","crew_name":"Emanuele","crew_birth_location":"Camogli","crew_birth_date":"1833","crew_serial_number":"7261","crew_profession_type":"Marinaio","crew_profession_wage":"Share","crew_profession_value":"1","crew_profession_months":"2","crew_profession_days":"28","crew_profession_pension_funds":"3,22"},"5":{"embarkation_port":"Genova","embarkation_date":"1853-07-15","discharge_port":"Genova","discharge_date":"1853-10-12","crew_surname":"Mortola","crew_name":"Lorenzo","crew_birth_location":"Camogli","crew_birth_date":"1817","crew_serial_number":"805","crew_profession_type":"Marinaio","crew_profession_wage":"Share","crew_profession_value":"1","crew_profession_months":"2","crew_profession_days":"28","crew_profession_pension_funds":"3,22"},"6":{"embarkation_port":"Genova","embarkation_date":"1853-07-15","discharge_port":"Genova","discharge_date":"1853-10-12","crew_surname":"Luxardo","crew_name":"Pasquale","crew_birth_location":"Camogli","crew_birth_date":"1839","crew_serial_number":"11467","crew_profession_type":"Mozzo","crew_profession_wage":"Share","crew_profession_value":"0,25","crew_profession_months":"2","crew_profession_days":"28","crew_profession_pension_funds":"2,34"},"7":{"embarkation_port":"Genova","embarkation_date":"1853-07-15","discharge_port":"Genova","discharge_date":"1854-06-09","crew_surname":"Cavagnaro","crew_name":"Giovanni","crew_birth_location":"Sori","crew_birth_date":"1838","crew_serial_number":"9228","crew_profession_type":"Mozzo","crew_profession_wage":"Share","crew_profession_value":"0,5","crew_profession_months":"10","crew_profession_days":"04","crew_profession_pension_funds":"8,10"},"8":{"embarkation_port":"Genova","embarkation_date":"1853-07-15","discharge_port":"Genova","discharge_date":"1854-06-09","crew_surname":"Peragallo","crew_name":"Biagio","crew_birth_location":"Camogli","crew_birth_date":"1832","crew_serial_number":"9054","crew_profession_type":"Marinaio","crew_profession_wage":"Share","crew_profession_value":"1","crew_profession_months":"10","crew_profession_days":"04","crew_profession_pension_funds":"11,14"},"9":{"embarkation_port":"Genova","embarkation_date":"1853-11-04","discharge_port":"Genova","discharge_date":"1854-06-09","crew_surname":"Peragallo","crew_name":"Giuseppe","crew_birth_location":"Camogli","crew_birth_date":"1833","crew_serial_number":"8652","crew_profession_type":"Marinaio","crew_profession_wage":"Share","crew_profession_value":"1","crew_profession_months":"7","crew_profession_days":"06","crew_profession_pension_funds":"7,92"},"10":{"embarkation_port":"Genova","embarkation_date":"1853-11-04","discharge_port":"Genova","discharge_date":"1854-06-09","crew_surname":"Maggiolo","crew_name":"Giovanni Emanuele","crew_birth_location":"Camogli","crew_birth_date":"1818","crew_serial_number":"11609","crew_profession_type":"Marinaio","crew_profession_wage":"Share","crew_profession_value":"1","crew_profession_months":"7","crew_profession_days":"06","crew_profession_pension_funds":"7,92"},"11":{"embarkation_port":"Genova","embarkation_date":"1853-11-04","discharge_port":"Genova","discharge_date":"1854-06-09","crew_surname":"Peragallo","crew_name":"Giovanni Emanuele","crew_birth_location":"Camogli","crew_birth_date":"1833","crew_serial_number":"9805","crew_profession_type":"Marinaio","crew_profession_wage":"Share","crew_profession_value":"1","crew_profession_months":"7","crew_profession_days":"06","crew_profession_pension_funds":"7,92"},"12":{"embarkation_port":"Genova","embarkation_date":"1853-11-04","discharge_port":"Genova","discharge_date":"1854-06-09","crew_surname":"Ferrari","crew_name":"Fortunato","crew_birth_location":"Camogli","crew_birth_date":"1834","crew_serial_number":"8875","crew_profession_type":"Marinaio","crew_profession_wage":"Share","crew_profession_value":"1","crew_profession_months":"7","crew_profession_days":"06","crew_profession_pension_funds":"7,92"},"13":{"embarkation_port":"Genova","embarkation_date":"1853-11-04","discharge_port":"Genova","discharge_date":"1854-06-09","crew_surname":"Olivari","crew_name":"Ignazio","crew_birth_location":"Camogli","crew_birth_date":"1834","crew_serial_number":"9723","crew_profession_type":"Marinaio","crew_profession_wage":"Share","crew_profession_value":"1","crew_profession_months":"7","crew_profession_days":"06","crew_profession_pension_funds":"7,92"},"14":{}},"route":{"0":{"departure_port":"Costantinopoli","departure_date":"1853-08-13"},"1":{"departure_port":"Odessa","departure_date":"1853-09-02"},"2":{"departure_port":"Costantinopoli","departure_date":"1853-09-10"},"3":{"departure_port":"Malta","departure_date":"1853-09-26"},"4":{"departure_port":"Genova","departure_date":"1853-11-04"},"5":{"departure_port":"Costantinopoli","departure_date":"1854-01-10"},"6":{"departure_port":"Trabzon","departure_date":"1854-03-04"},"7":{"departure_port":"Costantinopoli","departure_date":"1854-05-04"},"8":{"departure_port":"Malta","departure_date":"1854-05-31"},"9":{},"10":{},"11":{},"12":{},"13":{},"14":{}}}}]}