﻿{"docs": [{"_id":"2018-03-06T13:24:16.996Z_101","template":"Crew List_IT","status":"Public","data":{"record_information":{"catalogue_id":"101","date_from":"2018-03-06","date_until":"2020-09-22T21:28:00","name":"Benedetta","surname":"Risso","role_in_project":""},"source_identity":{"archive_library":"Archivio di Stato di Genova","archive_library_location":"Genova","register_number":"14","number_of_document":"3797","date_of_document":"1859-06-15","date_of_document_to":"","issuing_authority":"Direzione Marittima di Genova","issuing_authority_location":"Genova","source_type_name":"","fond_number":"","fond_title":"","fond_series_number":"","file_number":"","file_tile":"","note":"","comment":""},"ship_records":{"ship_name":"Tre Fratelli","ship_type":"Nave","ship_tonnage":"61","construction_location":"Loano","construction_location_date":"1828","ammunition_type":"","ammunition_quantity_value":"","ammunition_quantity_unit":"","registry_port":"Genova","registry_number":"1531","organization_name":"","owner_name":"","owner_surname":"Rocca","owner_fathers_name":"","note":"Fratelli","comment":""},"ports_of_call":{"date_from":"","date_to":"","total_duration_months":"","total_duration_years":"","first_planned_destinations":"","total_crew_number":"","note":"","comment":""},"crew_list":{"0":{"embarkation_port":"Genova","embarkation_date":"1859-06-15","crew_surname":"Sosto","crew_name":"Vincenzo Bartolomeo","crew_birth_location":"Loano","crew_birth_date":"1812","crew_serial_number":"49","crew_profession_type":"Capitano di seconda classe","crew_profession_wage":"Italian Lira","crew_profession_value":"200","crew_profession_months":"4","crew_profession_days":"17","crew_profession_pension_funds":"15,98"},"1":{"embarkation_port":"Genova","embarkation_date":"1859-06-15","crew_surname":"Svocca","crew_name":"Pietro Giovanni","crew_birth_location":"Loano","crew_birth_date":"1834","crew_serial_number":"3520","crew_profession_type":"Secondo","crew_profession_wage":"Italian Lira","crew_profession_value":"82","crew_profession_months":"4","crew_profession_days":"17","crew_profession_pension_funds":"6,85"},"2":{"embarkation_port":"Genova","embarkation_date":"1859-06-15","crew_surname":"Oscilia","crew_name":"Luigi Antonio","crew_birth_location":"Loano","crew_birth_date":"1813","crew_serial_number":"219","crew_profession_type":"Nostromo","crew_profession_wage":"Italian Lira","crew_profession_value":"73","crew_profession_months":"4","crew_profession_days":"17","crew_profession_pension_funds":"6,85"},"3":{"embarkation_port":"Genova","embarkation_date":"1859-06-15","crew_surname":"Acquamorta","crew_name":"Pietro Paolo","crew_birth_location":"Loano","crew_birth_date":"1825","crew_serial_number":"592","crew_profession_type":"Carpentiere","crew_profession_wage":"Italian Lira","crew_profession_value":"65","crew_profession_months":"4","crew_profession_days":"17","crew_profession_pension_funds":"5,06"},"4":{"embarkation_port":"Genova","embarkation_date":"1859-06-15","crew_surname":"Aicardi","crew_name":"Giacomo Vincezo","crew_birth_location":"Loano","crew_birth_date":"1807","crew_serial_number":"4585","crew_profession_type":"Marinaio","crew_profession_wage":"Italian Lira","crew_profession_value":"55","crew_profession_months":"4","crew_profession_days":"17","crew_profession_pension_funds":"5,02"},"5":{"embarkation_port":"Genova","embarkation_date":"1859-06-15","crew_surname":"Magnetto","crew_name":"Carlo Domenico","crew_birth_location":"Borghetto Santo Spirito","crew_birth_date":"1822","crew_serial_number":"3911","crew_profession_type":"Marinaio","crew_profession_wage":"Italian Lira","crew_profession_value":"55","crew_profession_months":"4","crew_profession_days":"17","crew_profession_pension_funds":"5,02"},"6":{"embarkation_port":"Genova","embarkation_date":"1859-06-15","crew_surname":"Aicardi","crew_name":"Vincenzo Stefano","crew_birth_location":"Loano","crew_birth_date":"1808","crew_serial_number":"2183","crew_profession_type":"Marinaio","crew_profession_wage":"Italian Lira","crew_profession_value":"55","crew_profession_months":"4","crew_profession_days":"17","crew_profession_pension_funds":"5,02"},"7":{"embarkation_port":"Genova","embarkation_date":"1859-06-15","crew_surname":"Ciolfo","crew_name":"Giuseppe Giovanni Battista","crew_birth_location":"Loano","crew_birth_date":"1839","crew_serial_number":"3939","crew_profession_type":"Marinaio","crew_profession_wage":"Italian Lira","crew_profession_value":"55","crew_profession_months":"4","crew_profession_days":"17","crew_profession_pension_funds":"5,02"},"8":{"embarkation_port":"Genova","embarkation_date":"1859-06-15","crew_surname":"Guastavino","crew_name":"Giacomo","crew_birth_location":"Loano","crew_birth_date":"1836","crew_serial_number":"4176","crew_profession_type":"Marinaio","crew_profession_wage":"Italian Lira","crew_profession_value":"55","crew_profession_months":"4","crew_profession_days":"17","crew_profession_pension_funds":"5,02"},"9":{"embarkation_port":"Genova","embarkation_date":"1859-06-15","crew_surname":"Baral","crew_name":"Ambrogio","crew_birth_location":"Loano","crew_birth_date":"1829","crew_serial_number":"484","crew_profession_type":"Marinaio","crew_profession_wage":"Italian Lira","crew_profession_value":"55","crew_profession_months":"4","crew_profession_days":"17","crew_profession_pension_funds":"5,02"},"10":{"embarkation_port":"Genova","embarkation_date":"1859-06-15","crew_surname":"Carletti","crew_name":"Pietro Giovanni","crew_birth_location":"Rio","crew_birth_date":"1824","crew_profession_type":"Marinaio","crew_profession_wage":"Italian Lira","crew_profession_value":"55","crew_profession_months":"4","crew_profession_days":"17","crew_profession_pension_funds":"5,02"},"11":{"embarkation_port":"Genova","embarkation_date":"1859-06-15","crew_surname":"Maranca","crew_name":"Jacopo","crew_birth_location":"Portoferraio","crew_birth_date":"1830","crew_profession_type":"Marinaio","crew_profession_wage":"Italian Lira","crew_profession_value":"55","crew_profession_months":"4","crew_profession_days":"17","crew_profession_pension_funds":"5,02"},"12":{"embarkation_port":"Genova","embarkation_date":"1859-06-15","crew_surname":"Specas","crew_name":"Bernardo","crew_birth_location":"Rio","crew_birth_date":"1836","crew_serial_number":"3991","crew_profession_type":"Giovinotto","crew_profession_wage":"Italian Lira","crew_profession_value":"40","crew_profession_months":"4","crew_profession_days":"17","crew_profession_pension_funds":"3,65"},"13":{"embarkation_port":"Genova","embarkation_date":"1859-06-15","crew_surname":"Merello","crew_name":"Domenico","crew_birth_location":"Loano","crew_birth_date":"1844","crew_serial_number":"4581","crew_profession_type":"Giovinotto","crew_profession_months":"4","crew_profession_days":"17","crew_profession_pension_funds":"3,65","note":"Merito"},"14":{"embarkation_port":"Genova","embarkation_date":"1859-06-15","crew_surname":"Ferrando","crew_name":"Carlo Gio Batta","crew_birth_location":"Loano","crew_birth_date":"1842","crew_serial_number":"4986","crew_profession_type":"Mozzo","crew_profession_wage":"Italian Lira","crew_profession_value":"32","crew_profession_months":"4","crew_profession_days":"17","crew_profession_pension_funds":"3,65"},"15":{"embarkation_port":"Genova","embarkation_date":"1859-06-15","crew_surname":"Scocca","crew_name":"Felice Bartolomeo Giuseppe Antonio","crew_birth_location":"Loano","crew_birth_date":"1843","crew_serial_number":"5313","crew_profession_type":"Mozzo","crew_profession_wage":"Italian Lira","crew_profession_value":"25","crew_profession_months":"4","crew_profession_days":"17","crew_profession_pension_funds":"3,65"},"16":{"embarkation_port":"Genova","embarkation_date":"1859-06-15","crew_surname":"Bollorino","crew_name":"Rinaldo Raimondo","crew_birth_location":"Loano","crew_birth_date":"1845","crew_serial_number":"4847","crew_profession_type":"Mozzo","crew_profession_wage":"Italian Lira","crew_profession_value":"25","crew_profession_months":"4","crew_profession_days":"17","crew_profession_pension_funds":"3,65"},"17":{"embarkation_port":"Genova","embarkation_date":"1859-06-15","crew_surname":"Sosto","crew_name":"Giuseppe Gio","crew_birth_location":"Loano","crew_birth_date":"1843","crew_serial_number":"4720","crew_profession_type":"Mozzo","crew_profession_wage":"Italian Lira","crew_profession_value":"15","crew_profession_months":"4","crew_profession_days":"17","crew_profession_pension_funds":"3,65"},"18":{"embarkation_port":"Genova","embarkation_date":"1859-06-15","crew_surname":"Bosio","crew_name":"Luigi Pietro Antonio","crew_birth_location":"Pietra","crew_birth_date":"1839","crew_serial_number":"4917","crew_profession_type":"Giovinotto","crew_profession_months":"4","crew_profession_days":"17","crew_profession_pension_funds":"5,02","note":"Merito"}},"route":{"0":{},"1":{},"2":{},"3":{},"4":{},"5":{},"6":{},"7":{},"8":{},"9":{},"10":{},"11":{},"12":{},"13":{},"14":{}}}}]}