﻿{"docs": [{"_id":"2018-03-26T12:18:28.995Z_14","template":"Crew List_IT","status":"Public","data":{"record_information":{"catalogue_id":"14","date_from":"2018-03-26","date_until":"2020-09-22T15:47:41","name":"Carolina","surname":"Gaggero","role_in_project":""},"source_identity":{"archive_library":"Archivio di Stato di Genova","archive_library_location":"Genova","register_number":"14","number_of_document":"6741","date_of_document":"1861-01-11","date_of_document_to":"","issuing_authority":"Direzione marittima di Genova","issuing_authority_location":"Genova","source_type_name":"","fond_number":"","fond_title":"","fond_series_number":"","file_number":"","file_tile":"","note":"","comment":""},"ship_records":{"ship_name":"La Dacia","ship_type":"B. Barca","ship_tonnage":"166,10","construction_location":"Pra","construction_location_date":"1845","ammunition_type":"","ammunition_quantity_value":"","ammunition_quantity_unit":"","registry_port":"Genova","registry_number":"925","organization_name":"","owner_name":"Giuseppe","owner_surname":"Schiaffino","owner_fathers_name":"","note":"","comment":""},"ports_of_call":{"date_from":"1861-01-11","date_to":"1861-11-09","total_duration_months":"9","total_duration_years":"29","first_planned_destinations":"Salonicco","total_crew_number":"9","note":"","comment":""},"crew_list":{"0":{"embarkation_port":"Genova","embarkation_date":"1861-01-11","discharge_port":"Genova","discharge_date":"1861-11-09","crew_surname":"Schiaffino","crew_name":"Filippo","crew_birth_location":"Camogli","crew_birth_date":"1832","crew_serial_number":"4869","crew_profession_type":"Capitano di prima classe","crew_profession_wage":"Share","crew_profession_value":"2","crew_profession_months":"9","crew_profession_days":"29","crew_profession_pension_funds":"49,83"},"1":{"embarkation_port":"Genova","embarkation_date":"1861-01-11","discharge_port":"Genova","discharge_date":"1861-11-09","crew_surname":"Mortola","crew_name":"Andrea","crew_birth_location":"Camogli","crew_birth_date":"1823","crew_serial_number":"60","crew_profession_type":"Secondo","crew_profession_wage":"Share","crew_profession_value":"1,5","crew_profession_months":"9","crew_profession_days":"29","crew_profession_pension_funds":"14,95"},"2":{"embarkation_port":"Genova","embarkation_date":"1861-01-11","discharge_port":"Genova","discharge_date":"1861-11-09","crew_surname":"Antola","crew_name":"Antonio","crew_birth_location":"Portofino","crew_birth_date":"1826","crew_serial_number":"4529","crew_profession_type":"Dispensiere","crew_profession_wage":"Share","crew_profession_value":"1,10","crew_profession_months":"9","crew_profession_days":"29","crew_profession_pension_funds":"10,96"},"3":{"embarkation_port":"Genova","embarkation_date":"1861-01-11","discharge_port":"Genova","discharge_date":"1861-11-09","crew_surname":"Olivari","crew_name":"Pietro","crew_birth_location":"Portofino","crew_birth_date":"1841","crew_serial_number":"12186","crew_profession_type":"Marinaio","crew_profession_wage":"Share","crew_profession_value":"1","crew_profession_months":"9","crew_profession_days":"29","crew_profession_pension_funds":"10,96"},"4":{"embarkation_port":"Genova","embarkation_date":"1861-01-11","discharge_port":"Genova","discharge_date":"1861-11-09","crew_surname":"Mortola","crew_name":"Andrea","crew_birth_location":"Camogli","crew_birth_date":"1839","crew_serial_number":"11494","crew_profession_type":"Marinaio","crew_profession_wage":"Share","crew_profession_value":"1","crew_profession_months":"9","crew_profession_days":"29","crew_profession_pension_funds":"10,96"},"5":{"embarkation_port":"Genova","embarkation_date":"1861-01-11","discharge_port":"Genova","discharge_date":"1861-11-09","crew_surname":"Antola","crew_name":"Andrea","crew_birth_location":"Portofino","crew_birth_date":"1842","crew_serial_number":"13501","crew_profession_type":"Marinaio","crew_profession_wage":"Share","crew_profession_value":"1","crew_profession_months":"9","crew_profession_days":"29","crew_profession_pension_funds":"10,96"},"6":{"embarkation_port":"Genova","embarkation_date":"1861-01-11","discharge_port":"Genova","discharge_date":"1861-11-09","crew_surname":"Ferrari","crew_name":"Stefano","crew_birth_location":"Camogli","crew_birth_date":"1840","crew_serial_number":"11348","crew_profession_type":"Marinaio","crew_profession_wage":"Share","crew_profession_value":"1","crew_profession_months":"9","crew_profession_days":"29","crew_profession_pension_funds":"10,96"},"7":{"embarkation_port":"Genova","embarkation_date":"1861-01-11","discharge_port":"Genova","discharge_date":"1861-11-09","crew_surname":"Caprile","crew_name":"Antonio","crew_birth_location":"Portofino","crew_birth_date":"1841","crew_serial_number":"14112","crew_profession_type":"Marinaio","crew_profession_wage":"Share","crew_profession_value":"1","crew_profession_months":"9","crew_profession_days":"29","crew_profession_pension_funds":"10,96"},"8":{"embarkation_port":"Genova","embarkation_date":"1861-01-11","discharge_port":"Genova","discharge_date":"1861-11-09","crew_surname":"Cassetana","crew_name":"Giobatta","crew_birth_location":"Rapallo","crew_birth_date":"1846","crew_serial_number":"7313","crew_profession_type":"Mozzo","crew_profession_wage":"Share","crew_profession_value":"1/4","crew_profession_months":"9","crew_profession_days":"29","crew_profession_pension_funds":"7,97"},"9":{},"10":{},"11":{},"12":{},"13":{},"14":{}},"route":{"0":{"departure_port":"Genova","departure_date":"1861-01-11"},"1":{"departure_port":"Milo","departure_date":"1861-02-25"},"2":{"departure_port":"Salonicco","departure_date":"1861-03-22"},"3":{"departure_port":"Costantinopoli","departure_date":"1861-04-21"},"4":{"departure_port":"Sulina","departure_date":"1861-04-29"},"5":{"departure_port":"Galatz"},"6":{"departure_port":"Sulina","departure_date":"1861-06-18"},"7":{"departure_port":"Costantinopoli","departure_date":"1861-07-26"},"8":{"departure_port":"Malta","departure_date":"1861-07-22"},"9":{"departure_port":"Gloucester","departure_date":"1861-09-13"},"10":{"departure_port":"Cardiff","departure_date":"1861-09-21"},"11":{"arrival_port":"Genova","arrival_date":"1861-11-09"},"12":{},"13":{},"14":{}}}}]}