﻿{"docs": [{"_id":"2018-03-20T14:12:31.437Z_8","template":"Crew List_IT","status":"Public","data":{"record_information":{"catalogue_id":"8","date_from":"2018-03-20","date_until":"2020-09-22T14:51:39","name":"Beatrice","surname":"Corradi","role_in_project":""},"source_identity":{"archive_library":"Archivio di stato","archive_library_location":"Genova","register_number":"14","number_of_document":"6113","date_of_document":"1861-01-24","date_of_document_to":"","issuing_authority":"Direzione marittima","issuing_authority_location":"Genova","source_type_name":"","fond_number":"","fond_title":"","fond_series_number":"","file_number":"","file_tile":"","note":"","comment":""},"ship_records":{"ship_name":"Ave","ship_type":"brigantino","ship_tonnage":"145","construction_location":"Varazze","construction_location_date":"1850","ammunition_type":"","ammunition_quantity_value":"","ammunition_quantity_unit":"","registry_port":"Genova","registry_number":"1318","organization_name":"","owner_name":"Antonio","owner_surname":"Schiaffino","owner_fathers_name":"","note":"","comment":""},"ports_of_call":{"date_from":"1861-01-24","date_to":"1861-10-09","total_duration_months":"8","total_duration_years":"16","first_planned_destinations":"Danubio","total_crew_number":"Nove","note":"","comment":""},"crew_list":{"0":{"embarkation_port":"Genova","embarkation_date":"1861-01-24","discharge_port":"Genova","discharge_date":"1861-10-09","crew_surname":"Schiaffino","crew_name":"Antonio","crew_birth_location":"Camogli","crew_birth_date":"1796","crew_serial_number":"3889","crew_profession_type":"Capitano di Seconda classe","crew_profession_months":"8","crew_profession_days":"16","crew_profession_pension_funds":"29,87"},"1":{"embarkation_port":"Genova","embarkation_date":"1861-01-24","discharge_port":"Genova","discharge_date":"1861-10-09","crew_surname":"Bozzo","crew_name":"Giobatta","crew_birth_location":"Camogli","crew_birth_date":"1833","crew_serial_number":"4553","crew_profession_type":"Secondo","crew_profession_wage":"Italian Lira","crew_profession_value":"90","crew_profession_months":"8","crew_profession_days":"16","crew_profession_pension_funds":"12,80"},"2":{"embarkation_port":"Genova","embarkation_date":"1861-01-24","discharge_port":"Genova","discharge_date":"1861-10-09","crew_surname":"Marini","crew_name":"Bartolomeo","crew_birth_location":"Camogli","crew_birth_date":"1835","crew_serial_number":"9051","crew_profession_type":"Dispensiere","crew_profession_wage":"Italian Lira","crew_profession_value":"75","crew_profession_months":"8","crew_profession_days":"16","crew_profession_pension_funds":"9,39"},"3":{"embarkation_port":"Genova","embarkation_date":"1861-01-24","discharge_port":"Genova","discharge_date":"1861-10-09","crew_surname":"Simonetti","crew_name":"Agostino","crew_birth_location":"Camogli","crew_birth_date":"1838","crew_serial_number":"9776","crew_profession_type":"Marinaio","crew_profession_wage":"Italian Lira","crew_profession_value":"60","crew_profession_months":"8","crew_profession_days":"16","crew_profession_pension_funds":"9,39"},"4":{"embarkation_port":"Genova","embarkation_date":"1861-01-24","discharge_port":"Genova","discharge_date":"1861-10-09","crew_surname":"Figari","crew_name":"Francesco","crew_birth_location":"Camogli","crew_birth_date":"1841","crew_serial_number":"11922","crew_profession_type":"Marinaio","crew_profession_wage":"Italian Lira","crew_profession_value":"60","crew_profession_months":"8","crew_profession_days":"16","crew_profession_pension_funds":"9,39"},"5":{"embarkation_port":"Genova","embarkation_date":"1861-01-24","discharge_port":"Genova","discharge_date":"1861-10-09","crew_surname":"Repetto","crew_name":"Davide Gaetano Lorenzo","crew_birth_location":"Camogli","crew_birth_date":"1838","crew_serial_number":"11011","crew_profession_type":"Marinaio","crew_profession_wage":"Italian Lira","crew_profession_value":"60","crew_profession_months":"8","crew_profession_days":"16","crew_profession_pension_funds":"9,39"},"6":{"embarkation_port":"Genova","embarkation_date":"1861-01-24","discharge_port":"Genova","discharge_date":"1861-10-09","crew_surname":"Antola","crew_name":"Michele","crew_birth_location":"Camogli","crew_birth_date":"1840","crew_serial_number":"12121","crew_profession_type":"Marinaio","crew_profession_wage":"Italian Lira","crew_profession_value":"60","crew_profession_months":"8","crew_profession_days":"16","crew_profession_pension_funds":"9,39"},"7":{"embarkation_port":"Genova","embarkation_date":"1861-01-24","discharge_port":"Genova","discharge_date":"1861-10-09","crew_surname":"Simonetti","crew_name":"Fortunato","crew_birth_location":"Camogli","crew_birth_date":"1840","crew_serial_number":"11535","crew_profession_type":"Marinaio","crew_profession_wage":"Italian Lira","crew_profession_value":"60","crew_profession_months":"8","crew_profession_days":"16","crew_profession_pension_funds":"9,39"},"8":{"embarkation_port":"Genova","embarkation_date":"1861-01-24","discharge_port":"Genova","discharge_date":"1861-10-09","crew_surname":"Olivari","crew_name":"Michele","crew_birth_location":"Camogli","crew_birth_date":"1845","crew_serial_number":"14910","crew_profession_type":"Mozzo","crew_profession_wage":"Italian Lira","crew_profession_value":"20","crew_profession_months":"8","crew_profession_days":"16","crew_profession_pension_funds":"6,83"},"9":{"embarkation_port":"Genova","embarkation_date":"1861-01-24","discharge_port":"Genova","discharge_date":"1861-10-09","crew_surname":"Borzone","crew_name":"Enoc","crew_birth_location":"Camogli","crew_birth_date":"1853","crew_profession_type":"Mozzo","crew_profession_wage":"Italian Lira","crew_profession_value":"5","crew_profession_months":"8","crew_profession_days":"16","crew_profession_pension_funds":"6,83"},"10":{},"11":{},"12":{},"13":{},"14":{}},"route":{"0":{"departure_port":"Costantinopoli","departure_date":"1861-03-19"},"1":{"departure_port":"Sulina","departure_date":"1861-03-21"},"2":{"departure_port":"Galatz","departure_date":"1861-04-04"},"3":{"departure_port":"Sulina","departure_date":"1861-04-06"},"4":{"departure_port":"Costantinopoli","departure_date":"1861-04-10"},"5":{"departure_port":"Malta","departure_date":"1861-04-19"},"6":{"departure_port":"Cork","departure_date":"1861-05-27"},"7":{"departure_port":"Cardiff","departure_date":"1861-08-31"},"8":{},"9":{},"10":{},"11":{},"12":{},"13":{},"14":{},"15":{}}}}]}