﻿{"docs": [{"_id":"2018-03-19T15:00:46.119Z_3","template":"Crew List_IT","status":"Public","data":{"record_information":{"catalogue_id":"3","date_from":"2018-03-19","date_until":"2020-09-22T21:02:10","name":"Benedetta","surname":"Risso","role_in_project":""},"source_identity":{"archive_library":"Archivio di Stato di Genova","archive_library_location":"Genova","register_number":"3778","number_of_document":"14","date_of_document":"1859-06-03","date_of_document_to":"","issuing_authority":"Direzione marittima di Genova","issuing_authority_location":"Genova","source_type_name":"","fond_number":"","fond_title":"","fond_series_number":"","file_number":"","file_tile":"","note":"","comment":""},"ship_records":{"ship_name":"San Lorenzo","ship_type":"Brigantino","ship_tonnage":"135,03","construction_location":"Voltri","construction_location_date":"1838","ammunition_type":"","ammunition_quantity_value":"","ammunition_quantity_unit":"","registry_port":"Genova","registry_number":"424","organization_name":"","owner_name":"Prospero","owner_surname":"Senno","owner_fathers_name":"","note":"","comment":""},"ports_of_call":{"date_from":"1859-06-28","date_to":"1859-12-12","total_duration_months":"4","total_duration_years":"17","first_planned_destinations":"Pozzallo","total_crew_number":"9","note":"Naufragata a Santa Margherita","comment":""},"crew_list":{"0":{"embarkation_port":"Genova","embarkation_date":"1859-06-28","discharge_port":"Genova","discharge_date":"1859-07-18","crew_surname":"Rossi","crew_name":"Domenico","crew_birth_location":"Camogli","crew_birth_date":"1874","crew_serial_number":"2124","crew_profession_type":"Capitano di seconda classe","crew_profession_wage":"Share","crew_profession_value":"2","crew_profession_months":"1","crew_profession_days":"16","crew_profession_pension_funds":"3,38"},"1":{"embarkation_port":"Genova","embarkation_date":"1859-06-28","discharge_port":"Genova","discharge_date":"1859-07-18","crew_surname":"Oneto","crew_name":"Agostino","crew_birth_location":"Camogli","crew_birth_date":"1842","crew_serial_number":"2140","crew_profession_type":"Marinaio","crew_profession_wage":"Share","crew_profession_value":"1","crew_profession_months":"1","crew_profession_days":"16","crew_profession_pension_funds":"1,69"},"2":{"embarkation_port":"Genova","embarkation_date":"1859-06-28","discharge_port":"Genova","discharge_date":"1859-07-18","crew_surname":"Rembi","crew_name":"Giovanni","crew_birth_location":"Rapallo","crew_birth_date":"1831","crew_profession_type":"Marinaio","crew_profession_wage":"Share","crew_profession_value":"1","crew_profession_months":"1","crew_profession_days":"16","crew_profession_pension_funds":"1,69"},"3":{"embarkation_port":"Genova","embarkation_date":"1859-06-28","discharge_port":"Genova","discharge_date":"1859-07-18","crew_surname":"Oneto","crew_name":"Bartolomeo","crew_birth_location":"Rapallo","crew_birth_date":"1848","crew_serial_number":"12155","crew_profession_type":"Mozzo","crew_profession_wage":"Share","crew_profession_value":"0,66","crew_profession_months":"1","crew_profession_days":"16","crew_profession_pension_funds":"1,69"},"4":{"embarkation_port":"Genova","embarkation_date":"1859-06-28","discharge_port":"Genova","discharge_date":"1859-07-18","crew_surname":"Preti","crew_name":"Angelo","crew_birth_location":"Genova","crew_birth_date":"1842","crew_serial_number":"13442","crew_profession_type":"Mozzo","crew_profession_wage":"Share","crew_profession_value":"0.5","crew_profession_months":"1","crew_profession_days":"16","crew_profession_pension_funds":"1,23"},"5":{"embarkation_port":"Genova","embarkation_date":"1859-06-28","discharge_port":"Genova","discharge_date":"1859-07-18","crew_surname":"Mapa","crew_name":"Franco","crew_birth_location":"Camogli","crew_birth_date":"1846","crew_serial_number":"14874","crew_profession_type":"Mozzo","crew_profession_wage":"Share","crew_profession_value":"0,25","crew_profession_months":"1","crew_profession_days":"16","crew_profession_pension_funds":"1,23"},"6":{"embarkation_port":"Genova","embarkation_date":"1859-06-28","discharge_port":"Genova","discharge_date":"1859-07-18","crew_surname":"Maggiolo","crew_name":"Nicolò","crew_birth_location":"Camogli","crew_birth_date":"1873","crew_serial_number":"13287","crew_profession_type":"Secondo","crew_profession_wage":"Share","crew_profession_value":"1,25","crew_profession_months":"1","crew_profession_days":"16","crew_profession_pension_funds":"2,30"},"7":{"embarkation_port":"Genova","embarkation_date":"1859-06-28","discharge_port":"Genova","discharge_date":"1859-07-18","crew_surname":"Gennaro","crew_name":"Prospero","crew_birth_location":"Camogli","crew_birth_date":"1807","crew_serial_number":"3984","crew_profession_type":"Marinaio","crew_profession_wage":"Share","crew_profession_value":"1","crew_profession_months":"1","crew_profession_days":"16","crew_profession_pension_funds":"1,69"},"8":{"embarkation_port":"Genova","embarkation_date":"1859-06-28","discharge_port":"Genova","discharge_date":"1859-07-18","crew_surname":"Maggiolo","crew_name":"Andrea","crew_birth_location":"Camogli","crew_birth_date":"1843","crew_serial_number":"12110","crew_profession_type":"Mozzo","crew_profession_wage":"Share","crew_profession_value":"0,66","crew_profession_months":"1","crew_profession_days":"16","crew_profession_pension_funds":"1,23"},"9":{"embarkation_port":"Genova","embarkation_date":"1859-09-12","discharge_port":"Santa Margherita","discharge_date":"1859-09-23","crew_surname":"Schiaffino","crew_name":"Biagio","crew_birth_location":"Camogli","crew_birth_date":"1875","crew_serial_number":"2366","crew_profession_type":"Capitano di seconda classe","crew_profession_wage":"Share","crew_profession_value":"2","crew_profession_months":"0","crew_profession_days":"12","crew_profession_pension_funds":"1,40"},"10":{"embarkation_port":"Genova","embarkation_date":"1859-09-12","discharge_port":"Santa Margherita","discharge_date":"1859-09-23","crew_surname":"Mitrani","crew_name":"Lorenzo","crew_birth_location":"Camogli","crew_birth_date":"1812","crew_serial_number":"802","crew_profession_type":"Secondo","crew_profession_wage":"Share","crew_profession_value":"1,5","crew_profession_months":"0","crew_profession_days":"12","crew_profession_pension_funds":"0,60"},"11":{"embarkation_port":"Genova","embarkation_date":"1859-09-12","discharge_port":"Santa Margherita","discharge_date":"1859-12-12","crew_surname":"Rume","crew_name":"Giovanni","crew_birth_date":"1811","crew_profession_type":"Dispensiere","crew_profession_wage":"Share","crew_profession_value":"1,25","crew_profession_months":"2","crew_profession_days":"01","crew_profession_pension_funds":"3,34","note":"Toscano"},"12":{"embarkation_port":"Genova","embarkation_date":"1859-09-12","discharge_port":"Santa Margherita","discharge_date":"1859-09-24","crew_surname":"Bogerone","crew_name":"Matteo","crew_birth_location":"Recco","crew_birth_date":"1840","crew_serial_number":"12964","crew_profession_type":"Marinaio","crew_profession_wage":"Share","crew_profession_value":"1","crew_profession_months":"0","crew_profession_days":"13","crew_profession_pension_funds":"0.48"},"13":{"embarkation_port":"Genova","embarkation_date":"1859-09-12","discharge_port":"Santa Margherita","discharge_date":"1859-12-12","crew_surname":"Uliveri","crew_name":"Pietro","crew_birth_location":"Pietra","crew_birth_date":"1841","crew_serial_number":"121876","crew_profession_type":"Marinaio","crew_profession_wage":"Share","crew_profession_value":"1","crew_profession_months":"3","crew_profession_days":"01","crew_profession_pension_funds":"3,34"},"14":{"embarkation_port":"Genova","embarkation_date":"1859-09-12","discharge_port":"Santa Margherita","discharge_date":"1859-09-24","crew_surname":"Traverso","crew_name":"Franco","crew_birth_location":"Porto Venere","crew_birth_date":"1834","crew_serial_number":"3787","crew_profession_type":"Marinaio","crew_profession_wage":"Share","crew_profession_value":"1","crew_profession_months":"0","crew_profession_days":"13","crew_profession_pension_funds":"0,48"},"15":{"embarkation_port":"Genova","embarkation_date":"1859-09-12","discharge_port":"Santa Margherita","discharge_date":"1859-09-24","crew_surname":"Romani","crew_name":"Lorenzo","crew_birth_location":"Levanto","crew_birth_date":"1842","crew_serial_number":"4551","crew_profession_type":"Mozzo","crew_profession_wage":"Share","crew_profession_value":"0,5","crew_profession_months":"0","crew_profession_days":"13","crew_profession_pension_funds":"0,35"},"16":{"embarkation_port":"Genova","embarkation_date":"1859-09-12","discharge_port":"Santa Margherita","discharge_date":"1859-09-24","crew_surname":"Ardissone","crew_name":"Pietro","crew_birth_location":"Rapallo","crew_birth_date":"1840","crew_serial_number":"5838","crew_profession_type":"Mozzo","crew_profession_wage":"Share","crew_profession_value":"0,5","crew_profession_months":"0","crew_profession_days":"13","crew_profession_pension_funds":"0,48"},"17":{"embarkation_port":"Genova","embarkation_date":"1859-09-12","discharge_port":"Santa Margherita","discharge_date":"1859-09-23","crew_surname":"Mitrane","crew_name":"[?]","crew_birth_location":"Camogli","crew_birth_date":"1846","crew_serial_number":"13882","crew_profession_type":"Mozzo","crew_profession_wage":"Share","crew_profession_value":"0,5","crew_profession_months":"0","crew_profession_days":"12","crew_profession_pension_funds":"0,32"},"18":{"embarkation_port":"Santa Margherita","embarkation_date":"1859-09-24","discharge_port":"Santa Margherita","discharge_date":"1859-12-12","crew_surname":"Bozzo","crew_name":"Andrea","crew_birth_location":"Sori","crew_birth_date":"1797","crew_serial_number":"3092","crew_profession_type":"Padrone di seconda flotta","crew_profession_wage":"Italian Lira","crew_profession_value":"80","crew_profession_months":"2","crew_profession_days":"19","crew_profession_pension_funds":"6,58"},"19":{"embarkation_port":"Santa Margherita","embarkation_date":"1859-09-24","discharge_port":"Santa Margherita","discharge_date":"1859-12-12","crew_surname":"Chiesa","crew_name":"Gio Batta","crew_birth_location":"Camogli","crew_birth_date":"1813","crew_serial_number":"543","crew_profession_type":"Nostromo","crew_profession_wage":"Italian Lira","crew_profession_value":"50","crew_profession_months":"2","crew_profession_days":"19","crew_profession_pension_funds":"3,95"},"20":{"embarkation_port":"Santa Margherita","embarkation_date":"1859-09-24","discharge_port":"Santa Margherita","discharge_date":"1859-12-12","crew_surname":"Olivari","crew_name":"Fortunato","crew_birth_location":"Camogli","crew_birth_date":"1834","crew_serial_number":"10619","crew_profession_type":"Marinaio","crew_profession_wage":"Italian Lira","crew_profession_value":"40","crew_profession_months":"2","crew_profession_days":"19","crew_profession_pension_funds":"2,90"},"21":{"embarkation_port":"Santa Margherita","embarkation_date":"1859-09-24","discharge_port":"Santa Margherita","discharge_date":"1859-12-12","crew_surname":"Magnasco","crew_name":"Benedetto Fortunato","crew_birth_location":"Camogli","crew_birth_date":"1840","crew_serial_number":"10881","crew_profession_type":"Marinaio","crew_profession_wage":"Italian Lira","crew_profession_value":"40","crew_profession_months":"2","crew_profession_days":"19","crew_profession_pension_funds":"2,90"},"22":{"embarkation_port":"Santa Margherita","embarkation_date":"1859-09-24","discharge_port":"Santa Margherita","discharge_date":"1859-12-12","crew_surname":"Progerone","crew_name":"Matteo","crew_birth_location":"Camogli","crew_birth_date":"1840","crew_serial_number":"12964","crew_profession_type":"Marinaio","crew_profession_wage":"Italian Lira","crew_profession_value":"40","crew_profession_months":"2","crew_profession_days":"19","crew_profession_pension_funds":"2,90"},"23":{"embarkation_port":"Santa Margherita","embarkation_date":"1859-09-24","discharge_port":"Santa Margherita","discharge_date":"1859-12-12","crew_surname":"Olivari","crew_name":"Benedetto Filippo","crew_birth_location":"Camogli","crew_birth_date":"1846","crew_serial_number":"13703","crew_profession_type":"Mozzo","crew_profession_wage":"Italian Lira","crew_profession_value":"20","crew_profession_months":"2","crew_profession_days":"19","crew_profession_pension_funds":"2,11"},"24":{"embarkation_port":"Santa Margherita","embarkation_date":"1859-09-24","discharge_port":"Santa Margherita","discharge_date":"1859-12-12","crew_surname":"Chiesa","crew_name":"Pietro","crew_birth_location":"Ruta","crew_birth_date":"1847","crew_serial_number":"15046","crew_profession_type":"Mozzo","crew_profession_wage":"Italian Lira","crew_profession_value":"10","crew_profession_months":"2","crew_profession_days":"19","crew_profession_pension_funds":"2,11"}},"route":{"0":{"departure_port":"Pozzallo","departure_date":"1859-06-16"},"1":{"departure_port":"Genova"},"2":{"departure_port":"Santa Margherita","departure_date":"1859-04-24"},"3":{"departure_port":"Aquilas","departure_date":"1859-10-22"},"4":{"departure_port":"Alicante","departure_date":"1859-10-27"},"5":{"departure_port":"Trapani","departure_date":"1859-11-16"},"6":{},"7":{},"8":{},"9":{},"10":{},"11":{},"12":{},"13":{},"14":{}}}}]}