﻿{"docs": [{"_id":"2018-02-28T15:55:19.727Z_6","template":"Crew List_IT","status":"Public","data":{"record_information":{"catalogue_id":"6","date_from":"2018-02-28","date_until":"2019-08-29T11:50:37","name":"Maurizio","surname":"Antinori","role_in_project":""},"source_identity":{"archive_library":"Archivio di Stato di Genova","archive_library_location":"Genova","register_number":"14","number_of_document":"6804","date_of_document":"1861-01-31","issuing_authority":"Direzione Marittima di Genova","issuing_authority_location":"Genova","note":"","comment":""},"ship_records":{"ship_name":"Francesco","ship_type":"Brigantino","ship_tonnage":"165,58","construction_location":"Pra`","construction_location_date":"1854","ammunition_type":"","ammunition_quantity_value":"","ammunition_quantity_unit":"","registry_port":"Genova","registry_number":"1595","owner_name":"Giuseppe","owner_surname":"Schiaffino","owner_fathers_name":"","note":"","comment":""},"ports_of_call":{"date_from":"1861-1-31","date_to":"1861-11-12","total_duration_months":"9","total_duration_years":"12","first_planned_destinations":"Danubio","total_crew_number":"9","note":"","comment":""},"crew_list":{"0":{"embarkation_port":"Genova","embarkation_date":"1861-1-31","discharge_port":"Genova","discharge_date":"1861-11-12","crew_surname":"Olivari","crew_name":"Giuseppe","crew_birth_location":"Camogli","crew_birth_date":"1824","crew_serial_number":"548","crew_profession_type":"Capitano di seconda classe","crew_profession_wage":"Share","crew_profession_value":"2","crew_profession_months":"9","crew_profession_days":"12","crew_profession_pension_funds":"32,90"},"1":{"embarkation_port":"Genova","embarkation_date":"1861-1-31","discharge_port":"Genova","discharge_date":"1861-11-12","crew_surname":"Schiaffino","crew_name":"Francesco","crew_birth_location":"Camogli","crew_birth_date":"1837","crew_serial_number":"10213","crew_profession_type":"Secondo","crew_profession_wage":"Share","crew_profession_value":"1,5","crew_profession_months":"9","crew_profession_days":"12","crew_profession_pension_funds":"14,10"},"2":{"embarkation_port":"Genova","embarkation_date":"1861-1-31","discharge_port":"Genova","discharge_date":"1861-11-12","crew_surname":"Mortola","crew_name":"Silvestro","crew_birth_location":"Camogli","crew_birth_date":"1828","crew_serial_number":"3437","crew_profession_type":"Dispensiere","crew_profession_wage":"Share","crew_profession_value":"1,125","crew_profession_months":"9","crew_profession_days":"12","crew_profession_pension_funds":"10,34"},"3":{"embarkation_port":"Genova","embarkation_date":"1861-1-31","discharge_port":"Genova","discharge_date":"1861-11-12","crew_surname":"Bozzo","crew_name":"Benedetto","crew_birth_location":"Camogli","crew_birth_date":"1839","crew_serial_number":"10444","crew_profession_type":"Marinaio","crew_profession_wage":"Share","crew_profession_value":"1","crew_profession_months":"9","crew_profession_days":"12","crew_profession_pension_funds":"10,34"},"4":{"embarkation_port":"Genova","embarkation_date":"1861-1-31","discharge_port":"Genova","discharge_date":"1861-11-12","crew_surname":"Olivari","crew_name":"Paolo","crew_birth_location":"Camogli","crew_birth_date":"1834","crew_serial_number":"8022","crew_profession_type":"Marinaio","crew_profession_wage":"Share","crew_profession_value":"1","crew_profession_months":"9","crew_profession_days":"12","crew_profession_pension_funds":"10,34"},"5":{"embarkation_port":"Genova","embarkation_date":"1861-1-31","discharge_port":"Genova","discharge_date":"1861-11-12","crew_surname":"Bozzo","crew_name":"Benedetto","crew_birth_location":"Camogli","crew_birth_date":"1842","crew_serial_number":"12106","crew_profession_type":"Marinaio","crew_profession_wage":"Share","crew_profession_value":"1","crew_profession_months":"9","crew_profession_days":"12","crew_profession_pension_funds":"10,34"},"6":{"embarkation_port":"Genova","embarkation_date":"1861-1-31","discharge_port":"Genova","discharge_date":"1861-11-12","crew_surname":"Ageno","crew_name":"Antonio","crew_birth_location":"Recco","crew_birth_date":"1822","crew_serial_number":"3947","crew_profession_type":"Marinaio","crew_profession_wage":"Share","crew_profession_value":"1","crew_profession_months":"9","crew_profession_days":"12","crew_profession_pension_funds":"10,34"},"7":{"embarkation_port":"Genova","embarkation_date":"1861-1-31","discharge_port":"Genova","discharge_date":"1861-11-12","crew_surname":"Schiaffino","crew_name":"Emmanuele","crew_birth_location":"Sori","crew_birth_date":"1845","crew_serial_number":"13818","crew_profession_type":"Mozzo","crew_profession_wage":"Share","crew_profession_value":"0,5","crew_profession_months":"9","crew_profession_days":"12","crew_profession_pension_funds":"7,52"},"8":{"embarkation_port":"Genova","embarkation_date":"1861-1-31","discharge_port":"Genova","discharge_date":"1861-11-12","crew_surname":"Ageno","crew_name":"Giovanni Battista","crew_birth_location":"Recco","crew_birth_date":"1846","crew_serial_number":"15019","crew_profession_type":"Mozzo","crew_profession_wage":"Share","crew_profession_value":"0,33","crew_profession_months":"9","crew_profession_days":"12","crew_profession_pension_funds":"7,52"},"9":{},"10":{},"11":{},"12":{},"13":{},"14":{}},"route":{"0":{"departure_port":"Genova","departure_date":"1861-1-31"},"1":{"departure_port":"Costantinopoli","departure_date":"1861-3-13"},"2":{"departure_port":"Sulina","departure_date":"1861-3-21"},"3":{"departure_port":"Braila","departure_date":"1861-5-24"},"4":{"departure_port":"Sulina","departure_date":"1861-5-27"},"5":{"departure_port":"Costantinopoli","departure_date":"1861-6-3"},"6":{"departure_port":"Malta","departure_date":"1861-6-25"},"7":{"arrival_port":"Genova","arrival_date":"1861-11-12"},"8":{},"9":{},"10":{},"11":{},"12":{},"13":{},"14":{}}}}]}