﻿{"docs": [{"_id":"2018-12-18T09:52:08.344Z_14","template":"Crew List_IT","status":"Public","data":{"record_information":{"catalogue_id":"14","date_from":"2018-12-18","date_until":"2020-09-22T15:37:41","name":"Massimo","surname":"Ponasso","role_in_project":""},"source_identity":{"archive_library":"Archivio di Stato di Genova","archive_library_location":"Genova","register_number":"13","number_of_document":"4141","date_of_document":"1853-07-28","date_of_document_to":"","issuing_authority":"Direzione Marittima di Genova","issuing_authority_location":"Genova","source_type_name":"","fond_number":"","fond_title":"","fond_series_number":"","file_number":"","file_tile":"","note":"","comment":""},"ship_records":{"ship_name":"La Concezione","ship_type":"Brigantino","ship_tonnage":"132,18","construction_location":"Varazze","construction_location_date":"1846","ammunition_type":"","ammunition_quantity_value":"","ammunition_quantity_unit":"","registry_port":"Genova","registry_number":"980","organization_name":"","owner_name":"Gio.Batta","owner_surname":"Schiaffino","owner_fathers_name":"","note":"","comment":""},"ports_of_call":{"date_from":"1853-07-28","date_to":"1855-01-11","total_duration_months":"14","total_duration_years":"10","first_planned_destinations":"","total_crew_number":"9","note":"","comment":""},"crew_list":{"0":{"embarkation_port":"Genova","embarkation_date":"1853-07-28","discharge_port":"Camogli","discharge_date":"1854-09-09","crew_surname":"Schiaffino","crew_name":"Gio.Batta","crew_birth_location":"Camogli","crew_birth_date":"1800","crew_serial_number":"6279","crew_profession_type":"Capitano di Seconda Classe","crew_profession_wage":"Share","crew_profession_value":"2","crew_profession_months":"11","crew_profession_days":"26","crew_profession_pension_funds":"41,53"},"1":{"embarkation_port":"Genova","embarkation_date":"1853-07-28","discharge_port":"Genova","discharge_date":"1855-01-11","crew_surname":"Mortola","crew_name":"Andrea","crew_birth_location":"Camogli","crew_birth_date":"1823","crew_serial_number":"60","crew_profession_type":"Secondo\n ","crew_profession_wage":"Share\n ","crew_profession_value":"1,25\n1","crew_profession_months":"14\n ","crew_profession_days":"10\n ","crew_profession_pension_funds":"21,50\n ","note":"Stipendio abbassato in data 17-03-1854"},"2":{"embarkation_port":"Genova","embarkation_date":"1853-07-28","discharge_port":"Genova","discharge_date":"1853-11-04","crew_surname":"Schiaffino","crew_name":"Fortunato","crew_birth_location":"Camogli","crew_birth_date":"1832","crew_serial_number":"5679","crew_profession_type":"Nostromo","crew_profession_wage":"Share","crew_profession_value":"1","crew_profession_months":"3","crew_profession_days":"07","crew_profession_pension_funds":"4,85"},"3":{"embarkation_port":"Genova","embarkation_date":"1853-07-28","discharge_port":"Genova","discharge_date":"1854-02-06","crew_surname":"Schiaffino","crew_name":"Gio. Batta","crew_birth_location":"Camogli","crew_birth_date":"1834","crew_serial_number":"8670","crew_profession_type":"Marinaio","crew_profession_wage":"Share","crew_profession_value":"1","crew_profession_months":"5","crew_profession_days":"23","crew_profession_pension_funds":"6,34"},"4":{"embarkation_port":"Genova","embarkation_date":"1853-07-28","discharge_port":"Genova","discharge_date":"1855-01-11","crew_surname":"Schiaffino","crew_name":"Gio.Batta","crew_birth_location":"Camogli","crew_birth_date":"1824","crew_serial_number":"2367","crew_profession_type":"Marinaio","crew_profession_wage":"Share","crew_profession_value":"1","crew_profession_months":"14","crew_profession_days":"10","crew_profession_pension_funds":"15,77"},"5":{"embarkation_port":"Genova","embarkation_date":"1853-07-28","discharge_port":"Genova","discharge_date":"1855-01-11","crew_surname":"Schiaffino","crew_name":"Bernardo","crew_birth_location":"Camogli","crew_birth_date":"1834","crew_serial_number":"8402","crew_profession_type":"Marinaio","crew_profession_wage":"Share","crew_profession_value":"1","crew_profession_months":"14","crew_profession_days":"10","crew_profession_pension_funds":"15,77"},"6":{"embarkation_port":"Genova","embarkation_date":"1853-07-28","discharge_port":"Genova","discharge_date":"1854-02-06","crew_surname":"Repetto","crew_name":"Filippo","crew_birth_location":"Camogli","crew_birth_date":"1831","crew_serial_number":"116","crew_profession_type":"Marinaio","crew_profession_wage":"Share","crew_profession_value":"1","crew_profession_months":"5","crew_profession_days":"23","crew_profession_pension_funds":"6,34"},"7":{"embarkation_port":"Genova","embarkation_date":"1853-07-28","discharge_port":"Genova","discharge_date":"1854-02-06","crew_surname":"Olcese","crew_name":"Gio.Batta","crew_birth_location":"Camogli","crew_birth_date":"1839","crew_serial_number":"10143","crew_profession_type":"Mozzo","crew_profession_wage":"Share","crew_profession_value":"0,33","crew_profession_months":"5","crew_profession_days":"23","crew_profession_pension_funds":"4,61"},"8":{"embarkation_port":"Genova","embarkation_date":"1853-07-28","discharge_port":"Genova","discharge_date":"1855-01-11","crew_surname":"Bozzo","crew_name":"Gio.Batta","crew_birth_location":"Camogli","crew_birth_date":"1841","crew_serial_number":"11432","crew_profession_type":"Mozzo","crew_profession_wage":"Share","crew_profession_value":"0,25","crew_profession_months":"14","crew_profession_days":"10","crew_profession_pension_funds":"11,49"},"9":{"embarkation_port":"Genova","embarkation_date":"1853-11-21","discharge_port":"Genova","discharge_date":"1855-01-11","crew_surname":"Bozzo","crew_name":"Antonio","crew_birth_location":"Camogli","crew_birth_date":"1828","crew_serial_number":"878","crew_profession_type":"Secondo","crew_profession_wage":"Share","crew_profession_value":"1,50","crew_profession_months":"11","crew_profession_days":"03","crew_profession_pension_funds":"16,65"},"10":{"embarkation_port":"Genova","embarkation_date":"1854-03-07","discharge_port":"Genova","discharge_date":"1855-01-11","crew_surname":"Mortola","crew_name":"Antonio","crew_birth_location":"Camogli","crew_birth_date":"1838","crew_serial_number":"8236","crew_profession_type":"Marinaio","crew_profession_wage":"Share","crew_profession_value":"1","crew_profession_months":"8","crew_profession_days":"17","crew_profession_pension_funds":"9,42"},"11":{"embarkation_port":"Genova","embarkation_date":"1854-03-07","discharge_port":"Genova","discharge_date":"1855-01-11","crew_surname":"Olcese","crew_name":"Domenico","crew_birth_location":"Camogli","crew_birth_date":"1841","crew_serial_number":"11716","crew_profession_type":"Mozzo","crew_profession_wage":"Share","crew_profession_value":"0,25","crew_profession_months":"8","crew_profession_days":"17","crew_profession_pension_funds":"6,85"},"12":{"embarkation_port":"Genova","embarkation_date":"1854-03-07","discharge_port":"Camogli","discharge_date":"1854-09-09","crew_surname":"Olivari","crew_name":"Pasquale Agostino","crew_birth_location":"Camogli","crew_birth_date":"1828","crew_serial_number":"71","crew_profession_type":"Marinaio","crew_profession_wage":"Share","crew_profession_value":"1","crew_profession_months":"6","crew_profession_days":"03","crew_profession_pension_funds":"6,71"},"13":{"embarkation_port":"Camogli","embarkation_date":"1854-10-28","discharge_port":"Genova","discharge_date":"1855-01-11","crew_surname":"Schiaffino","crew_name":"Giuseppe","crew_birth_location":"Camogli","crew_birth_date":"1829","crew_serial_number":"6842","crew_profession_type":"Capitano di Prima Classe","crew_profession_wage":"Share","crew_profession_value":"2","crew_profession_months":"2","crew_profession_days":"14","crew_profession_pension_funds":"12,33"},"14":{"embarkation_port":"Camogli","embarkation_date":"1854-10-28","discharge_port":"Genova","discharge_date":"1855-01-11","crew_surname":"Massa","crew_name":"Antonio Bartolomeo","crew_birth_location":"Camogli","crew_birth_date":"1834","crew_serial_number":"6784","crew_profession_type":"Marinaio","crew_profession_wage":"Share","crew_profession_value":"1","crew_profession_months":"2","crew_profession_days":"14","crew_profession_pension_funds":"2,71"}},"route":{"0":{"departure_port":"Costantinopoli","departure_date":"1853-08-29"},"1":{"departure_port":"Kertch","departure_date":"1853-09-19"},"2":{"departure_port":"Berdiansk","departure_date":"1853-09-29"},"3":{"departure_port":"Costantinopoli","departure_date":"1853-10-10"},"4":{"departure_port":"Genova","departure_date":"1853-11-21"},"5":{"departure_port":"Salonicco","departure_date":"1853-12-23"},"6":{"departure_port":"Genova","departure_date":"1854-03-07"},"7":{"departure_port":"Carlo Forte","departure_date":"1854-03-21"},"8":{"departure_port":"Bona","departure_date":"1854-04-04"},"9":{"departure_port":"Varna","departure_date":"1854-07-06"},"10":{"departure_port":"Malta","departure_date":"1854-08-05"},"11":{"departure_port":"Marsiglia","departure_date":"1854-08-31"},"12":{},"13":{},"14":{}}}}]}