﻿{"docs": [{"_id":"2018-01-18T13:48:46.101Z_1","template":"Crew List_IT","status":"Public","data":{"record_information":{"catalogue_id":"1","date_from":"2018-01-18","date_until":"2020-07-16T14:34:05","name":"Leonardo","surname":"Scavino","role_in_project":""},"source_identity":{"archive_library":"","archive_library_location":"","register_number":"","number_of_document":"","date_of_document":"1860-10-10","date_of_document_to":"","issuing_authority":"","issuing_authority_location":"","source_type_name":"","fond_number":"","fond_title":"","fond_series_number":"","file_number":"","file_tile":"","note":"","comment":""},"ship_records":{"ship_name":"Pellegra","ship_type":"","ship_tonnage":"","construction_location":"","construction_location_date":"","ammunition_type":"","ammunition_quantity_value":"","ammunition_quantity_unit":"","registry_port":"","registry_number":"","organization_name":"","owner_name":"","owner_surname":"","owner_fathers_name":"","note":"","comment":""},"ports_of_call":{"date_from":"","date_to":"","total_duration_months":"","total_duration_years":"","first_planned_destinations":"","total_crew_number":"","note":"","comment":""},"crew_list":{"0":{},"1":{},"2":{},"3":{},"4":{},"5":{},"6":{}},"route":{"0":{},"1":{},"2":{},"3":{},"4":{},"5":{},"6":{},"7":{}}}}]}