﻿{"docs": [{"_id":"2018-03-06T14:38:02.713Z_5","template":"Crew List_IT","status":"Public","data":{"record_information":{"catalogue_id":"5","date_from":"2018-03-06","date_until":"2019-08-29T11:55:50","name":"Beatrice","surname":"Corradi","role_in_project":""},"source_identity":{"archive_library":"Archivio di stato","archive_library_location":"Genova","register_number":"14","number_of_document":"6754","date_of_document":"1861-01-19","issuing_authority":"Direzione marittima","issuing_authority_location":"Genova","note":"","comment":""},"ship_records":{"ship_name":"Guardia","ship_type":"brigantino","ship_tonnage":"372","construction_location":"Varazze","construction_location_date":"1848","ammunition_type":"","ammunition_quantity_value":"","ammunition_quantity_unit":"","registry_port":"Genova","registry_number":"1157","owner_name":"Prospero","owner_surname":"Schiaffino","owner_fathers_name":"","note":"","comment":""},"ports_of_call":{"date_from":"1861-01-19","date_to":"1862-12-11","total_duration_months":"22","total_duration_years":"23","first_planned_destinations":"Messina e Odessa","total_crew_number":"tredici","note":"","comment":""},"crew_list":{"0":{"embarkation_port":"Genova","embarkation_date":"1861-01-19","discharge_port":"Genova","discharge_date":"1861-09-01","crew_surname":"Schiaffino","crew_name":"Prospero","crew_birth_location":"Camogli","crew_birth_date":"1823","crew_serial_number":"5348","crew_profession_type":"Capitano di Seconda classe","crew_profession_wage":"Share","crew_profession_months":"19","crew_profession_days":"6","crew_profession_pension_funds":"67,20"},"1":{"embarkation_port":"Genova","embarkation_date":"1861-01-19","discharge_port":"Marsiglia","discharge_date":"1862-03-01","crew_surname":"Sturlese","crew_name":"Giuseppe","crew_birth_location":"Lerici","crew_birth_date":"1841","crew_serial_number":"2832","crew_profession_type":"Secondo","crew_profession_wage":"Italian Lira","crew_profession_value":"90","crew_profession_months":"13","crew_profession_days":"13","crew_profession_pension_funds":"19,95"},"2":{"embarkation_port":"Marsiglia","embarkation_date":"1862-03-21","discharge_port":"Marsiglia","discharge_date":"1862-09-17","crew_surname":"Schiaffino","crew_name":"Giuseppe","crew_birth_location":"Camogli","crew_birth_date":"1825","crew_serial_number":"4174","crew_profession_type":"Nostromo","crew_profession_wage":"Italian Lira","crew_profession_value":"90","crew_profession_months":"21","crew_profession_days":"16","crew_profession_pension_funds":"32,30"},"3":{"embarkation_port":"Genova","embarkation_date":"1861-01-19","discharge_port":"Marsiglia","discharge_date":"1862-09-13","crew_surname":"Rolla","crew_name":"Giuseppe","crew_birth_location":"Lerici","crew_birth_date":"1834","crew_serial_number":"2626","crew_profession_type":"Dispensiere","crew_profession_wage":"Italian Lira","crew_profession_value":"70","crew_profession_months":"12","crew_profession_days":"25","crew_profession_pension_funds":"14,12"},"4":{"embarkation_port":"Genova","embarkation_date":"1861-01-19","discharge_port":"Marsiglia","discharge_date":"1862-09-13","crew_surname":"Salvi","crew_name":"Pietro","crew_birth_location":"Lerici","crew_birth_date":"1841","crew_serial_number":"3608","crew_profession_type":"Marinaio","crew_profession_wage":"Italian Lira","crew_profession_value":"60","crew_profession_months":"12","crew_profession_days":"25","crew_profession_pension_funds":"14,12"},"5":{"embarkation_port":"Genova","embarkation_date":"1861-01-19","discharge_port":"Genova","discharge_date":"1862-12-11","crew_surname":"Giacomazzi","crew_name":"Francesco","crew_birth_location":"Cadimare","crew_birth_date":"1834","crew_serial_number":"2352","crew_profession_type":"Marinaio","crew_profession_wage":"Italian Lira","crew_profession_value":"60","crew_profession_months":"22","crew_profession_days":"23","crew_profession_pension_funds":"25,4"},"6":{"embarkation_port":"Genova","embarkation_date":"1861-01-19","discharge_port":"Marsiglia","discharge_date":"1862-09-13","crew_surname":"Ferrari","crew_name":"Fabiano","crew_birth_location":"Lerici","crew_birth_date":"1837","crew_serial_number":"2556","crew_profession_type":"Marinaio","crew_profession_wage":"Italian Lira","crew_profession_value":"60","crew_profession_months":"12","crew_profession_days":"25","crew_profession_pension_funds":"14,12"},"7":{"embarkation_port":"Genova","embarkation_date":"1861-01-19","discharge_port":"Odessa","discharge_date":"1861-11-25","crew_surname":"Vigo","crew_name":"Francesco","crew_birth_location":"Lerici","crew_birth_date":"1836","crew_serial_number":"2401","crew_profession_type":"Marinaio","crew_profession_wage":"Italian Lira","crew_profession_value":"60","crew_profession_months":"10","crew_profession_days":"7","crew_profession_pension_funds":"11,26"},"8":{"embarkation_port":"Genova","embarkation_date":"1861-01-19","discharge_port":"Marsiglia","discharge_date":"1862-09-13","crew_surname":"Macera","crew_name":"Giobatta","crew_birth_location":"Grazie","crew_birth_date":"1833","crew_serial_number":"2631","crew_profession_type":"Marinaio","crew_profession_wage":"Italian Lira","crew_profession_value":"60","crew_profession_months":"12","crew_profession_days":"45","crew_profession_pension_funds":"14,12"},"9":{"embarkation_port":"Genova","embarkation_date":"1861-01-19","discharge_port":"Marsiglia","discharge_date":"1862-09-13","crew_surname":"Pagano","crew_name":"Luigi","crew_birth_location":"Lerici","crew_birth_date":"1839","crew_serial_number":"2639","crew_profession_type":"Marinaio","crew_profession_wage":"Italian Lira","crew_profession_value":"60","crew_profession_months":"12","crew_profession_days":"25","crew_profession_pension_funds":"14,12"},"10":{"embarkation_port":"Genova","embarkation_date":"1861-01-19","discharge_port":"Marsiglia","discharge_date":"1862-09-13","crew_surname":"Deambrogi","crew_name":"Raffaello","crew_birth_location":"Livorno","crew_birth_date":"1837","crew_profession_type":"Marinaio","crew_profession_wage":"Italian Lira","crew_profession_value":"60","crew_profession_months":"12","crew_profession_days":"25","crew_profession_pension_funds":"14,12"},"11":{"embarkation_port":"Genova","embarkation_date":"1861-01-19","discharge_port":"Marsiglia","discharge_date":"1862-09-13","crew_surname":"Schiaffino","crew_name":"Fortunato","crew_birth_location":"Camogli","crew_birth_date":"1845","crew_serial_number":"12808","crew_profession_type":"Mozzo","crew_profession_wage":"Italian Lira","crew_profession_value":"40","crew_profession_months":"12","crew_profession_days":"25","crew_profession_pension_funds":"10,27"},"12":{"embarkation_port":"Genova","embarkation_date":"1861-01-19","discharge_port":"Marsiglia","discharge_date":"1862-09-13","crew_surname":"Castello","crew_name":"Luigi","crew_birth_location":"Camogli","crew_birth_date":"1846","crew_serial_number":"14116","crew_profession_type":"Mozzo","crew_profession_wage":"Italian Lira","crew_profession_value":"21","crew_profession_months":"12","crew_profession_days":"25","crew_profession_pension_funds":"10,27"},"13":{"embarkation_port":"Odessa","embarkation_date":"1861-11-25","discharge_port":"Marsiglia","discharge_date":"1862-09-13","crew_surname":"Vigo","crew_name":"Pietro Bartolomeo","crew_birth_location":"Lerici","crew_birth_date":"1839","crew_serial_number":"1626","crew_profession_type":"Marinaio","crew_profession_wage":"Italian Lira","crew_profession_value":"60","crew_profession_months":"2","crew_profession_days":"19","crew_profession_pension_funds":"4,90"},"14":{"embarkation_port":"Marsiglia","embarkation_date":"1862-03-21","discharge_port":"Amsterdam","discharge_date":"1862-09-18","crew_surname":"Mezzano","crew_name":"Martino","crew_birth_location":"Sori","crew_birth_date":"1831","crew_serial_number":"8829","crew_profession_type":"Secondo","crew_profession_wage":"Italian Lira","crew_profession_value":"90","crew_profession_months":"5","crew_profession_days":"28","crew_profession_pension_funds":"8,90"},"15":{"embarkation_port":"Marsiglia","embarkation_date":"1862-03-21","discharge_port":"Genova","discharge_date":"1862-10-11","crew_surname":"Parodi","crew_name":"Tommaso","crew_birth_location":"Mele","crew_birth_date":"1831","crew_serial_number":"17150","crew_profession_type":"Dispensiere","crew_profession_months":"8","crew_profession_days":"21","crew_profession_pension_funds":"9,57","note":"Convenzione particolare"},"16":{"embarkation_port":"Marsiglia","embarkation_date":"1862-03-21","discharge_port":"Genova","discharge_date":"1862-12-11","crew_surname":"Manfredini","crew_name":"Pietro","crew_birth_location":"Lerici","crew_birth_date":"1829","crew_serial_number":"119","crew_profession_type":"Marinaio","crew_profession_wage":"Italian Lira","crew_profession_value":"60","crew_profession_months":"8","crew_profession_days":"21","crew_profession_pension_funds":"9,57"},"17":{"embarkation_port":"Marsiglia","embarkation_date":"1862-03-21","discharge_port":"Genova","discharge_date":"1862-12-11","crew_surname":"Cornice","crew_name":"Giuseppe","crew_birth_location":"Lerici","crew_birth_date":"1830","crew_serial_number":"9019","crew_profession_type":"Marinaio","crew_profession_wage":"Italian Lira","crew_profession_value":"60","crew_profession_months":"8","crew_profession_days":"21","crew_profession_pension_funds":"9,57"},"18":{"embarkation_port":"Marsiglia","embarkation_date":"1862-03-21","discharge_port":"Genova","discharge_date":"1862-12-11","crew_surname":"Rollo","crew_name":"Paolo","crew_birth_location":"Lerici","crew_birth_date":"1829","crew_serial_number":"2012","crew_profession_type":"Marinaio","crew_profession_wage":"Italian Lira","crew_profession_value":"60","crew_profession_months":"8","crew_profession_days":"21","crew_profession_pension_funds":"9,57"},"19":{"embarkation_port":"Marsiglia","embarkation_date":"1862-03-21","discharge_port":"Genova","discharge_date":"1862-12-11","crew_surname":"Manfredini","crew_name":"Domenico","crew_birth_location":"Lerici","crew_birth_date":"1827","crew_serial_number":"3053","crew_profession_type":"Marinaio","crew_profession_wage":"Italian Lira","crew_profession_value":"60","crew_profession_months":"8","crew_profession_days":"21","crew_profession_pension_funds":"9,57"},"20":{"embarkation_port":"Marsiglia","embarkation_date":"1862-03-21","discharge_port":"Genova","discharge_date":"1862-12-11","crew_surname":"Perio","crew_name":"pasquale","crew_birth_location":"Marciana","crew_birth_date":"1840","crew_serial_number":"240","crew_profession_type":"Marinaio","crew_profession_wage":"Italian Lira","crew_profession_value":"60","crew_profession_months":"8","crew_profession_days":"21","crew_profession_pension_funds":"9,57"},"21":{"embarkation_port":"Marsiglia","embarkation_date":"1862-03-21","discharge_port":"Genova","discharge_date":"1862-12-11","crew_surname":"Schiaffino","crew_name":"Fortunato","crew_birth_location":"Camogli","crew_birth_date":"1849","crew_serial_number":"12808","crew_profession_type":"Mozzo","crew_profession_wage":"Italian Lira","crew_profession_value":"40","crew_profession_months":"8","crew_profession_days":"21","crew_profession_pension_funds":"6,96"},"22":{"embarkation_port":"Marsiglia","embarkation_date":"1862-03-21","discharge_port":"Genova","discharge_date":"1862-12-11","crew_surname":"Mezzano","crew_name":"Marcello","crew_birth_location":"Sori","crew_birth_date":"1848","crew_serial_number":"17170","crew_profession_type":"Mozzo","crew_profession_wage":"Italian Lira","crew_profession_value":"25","crew_profession_months":"8","crew_profession_days":"21"},"23":{"embarkation_port":"Marsiglia","embarkation_date":"1862-03-21","discharge_port":"Genova","discharge_date":"1862-12-11","crew_surname":"Schenone","crew_name":"Benedetto","crew_birth_location":"Genova","crew_profession_type":"Mozzo","crew_profession_wage":"Italian Lira","crew_profession_value":"12","crew_profession_months":"8","crew_profession_days":"21"},"24":{"embarkation_port":"Marsiglia","embarkation_date":"1862-03-21","discharge_port":"Messina","discharge_date":"1862-04-21","crew_surname":"Peirano","crew_name":"Cesare","crew_birth_location":"Genova","crew_birth_date":"1848","crew_serial_number":"18491","crew_profession_type":"Mozzo","crew_profession_wage":"Italian Lira","crew_profession_value":"1","crew_profession_months":"1"},"25":{"embarkation_port":"Amsterdam","embarkation_date":"1862-09-18","discharge_port":"Genova","discharge_date":"1862-12-11","crew_surname":"Mortola","crew_name":"Filippo","crew_birth_location":"Genova","crew_birth_date":"1834","crew_serial_number":"1813","crew_profession_type":"Capitano di Seconda classe","crew_profession_wage":"Italian Lira","crew_profession_value":"2","crew_profession_months":"24","crew_profession_days":"9,80"},"26":{}},"route":{"0":{"departure_port":"Messina","departure_date":"1861-02-09"},"1":{"departure_port":"Costantinopoli","departure_date":"1861-03-10"},"2":{"departure_port":"Odessa","departure_date":"1861-04-11"},"3":{"departure_port":"Costantinopoli","departure_date":"1861-04-19"},"4":{"departure_port":"Cork","departure_date":"1861-06-22"},"5":{"departure_port":"Dunkerque","departure_date":"1861-08-08"},"6":{"departure_port":"Newcastle","departure_date":"1861-08-23"},"7":{"departure_port":"Costantinopoli","departure_date":"1861-11-09"},"8":{"departure_port":"Odessa","departure_date":"1861-12-19"},"9":{"departure_port":"Costantinopoli","departure_date":"1862-01-03"},"10":{"arrival_port":"Marsiglia","arrival_date":"1862-02-13"},"11":{"departure_port":"Marsiglia","departure_date":"1862-03-21"},"12":{"departure_port":"Costantinopoli","departure_date":"1862-05-14"},"13":{"departure_port":"Odessa","departure_date":"1862-05-26"},"14":{"departure_port":"Taganrog","departure_date":"1862-06-16"},"15":{"departure_port":"Kertch","departure_date":"1862-06-21"},"16":{"departure_port":"Costantinopoli","departure_date":"1862-06-30"},"17":{"departure_port":"Gibilterra","departure_date":"1862-08-04"},"18":{"departure_port":"Falmouth","departure_date":"1862-09-03"},"19":{"departure_port":"Amsterdam","departure_date":"1862-09-21"},"20":{"departure_port":"Newcastle","departure_date":"1862-10-08"},"21":{},"22":{},"23":{},"24":{}}}}]}