﻿{
    "docs": [
        {
            "_id": "2018-03-20T13:21:30.542Z_4",
            "template": "Crew List_IT",
            "status": "Public",
            "data": {
                "record_information": {
                    "catalogue_id": "4",
                    "date_from": "2018-03-20",
                    "date_until": "2020-09-22T21:40:38",
                    "name": "Benedetta",
                    "surname": "Risso",
                    "role_in_project": ""
                },
                "source_identity": {
                    "archive_library": "Archivio di Stato di Genova",
                    "archive_library_location": "Genova",
                    "register_number": "3780",
                    "number_of_document": "14",
                    "date_of_document": "1859-06-06",
                    "date_of_document_to": "",
                    "issuing_authority": "Direzione Marittima di Genova",
                    "issuing_authority_location": "Genova",
                    "source_type_name": "",
                    "fond_number": "",
                    "fond_title": "",
                    "fond_series_number": "",
                    "file_number": "",
                    "file_tile": "",
                    "note": "",
                    "comment": ""
                },
                "ship_records": {
                    "ship_name": "Rosina",
                    "ship_type": "Brigantino",
                    "ship_tonnage": "136,85",
                    "construction_location": "Varazze",
                    "construction_location_date": "1850",
                    "ammunition_type": "",
                    "ammunition_quantity_value": "",
                    "ammunition_quantity_unit": "",
                    "registry_port": "Genova",
                    "registry_number": "1295",
                    "organization_name": "",
                    "owner_name": "Prospero",
                    "owner_surname": "Schiaffino",
                    "owner_fathers_name": "",
                    "note": "",
                    "comment": ""
                },
                "ports_of_call": {
                    "date_from": "1859-06-06",
                    "date_to": "1861-04-04",
                    "total_duration_months": "21",
                    "total_duration_years": "29",
                    "first_planned_destinations": "Mar Nero",
                    "total_crew_number": "9",
                    "note": "",
                    "comment": ""
                },
                "crew_list": {
                    "0": {
                        "embarkation_port": "Genova",
                        "embarkation_date": "1859-06-06",
                        "discharge_port": "Genova",
                        "discharge_date": "1861-04-04",
                        "crew_surname": "Ovivari",
                        "crew_name": "Fortunato",
                        "crew_birth_location": "Camogli",
                        "crew_birth_date": "1824",
                        "crew_serial_number": "6294",
                        "crew_profession_type": "Capitano di seconda classe",
                        "crew_profession_wage": "Share",
                        "crew_profession_value": "2",
                        "crew_profession_months": "21",
                        "crew_profession_days": "29",
                        "crew_profession_pension_funds": "76,88"
                    },
                    "1": {
                        "embarkation_port": "Genova",
                        "embarkation_date": "1859-06-06",
                        "discharge_port": "Genova",
                        "discharge_date": "1861-04-04",
                        "crew_surname": "Mortola",
                        "crew_name": "Antonio",
                        "crew_birth_location": "Camogli",
                        "crew_birth_date": "1833",
                        "crew_serial_number": "8286",
                        "crew_profession_type": "Nostromo",
                        "crew_profession_wage": "Share",
                        "crew_profession_value": "1,5",
                        "crew_profession_months": "21",
                        "crew_profession_days": "29",
                        "crew_profession_pension_funds": "32,95"
                    },
                    "2": {
                        "embarkation_port": "Genova",
                        "embarkation_date": "1859-06-06",
                        "discharge_port": "Portofino",
                        "discharge_date": "1860-06-26",
                        "crew_surname": "Mortola",
                        "crew_name": "Gio Batta",
                        "crew_birth_location": "Camogli",
                        "crew_birth_date": "1840",
                        "crew_serial_number": "12433",
                        "crew_profession_type": "Marinaio",
                        "crew_profession_wage": "Share",
                        "crew_profession_value": "0,75",
                        "crew_profession_months": "12",
                        "crew_profession_days": "21",
                        "crew_profession_pension_funds": "19,97"
                    },
                    "3": {
                        "embarkation_port": "Genova",
                        "embarkation_date": "1859-06-06",
                        "discharge_port": "Portofino",
                        "discharge_date": "1860-06-26",
                        "crew_surname": "Costa",
                        "crew_name": "Gio Batta Matteo",
                        "crew_birth_location": "Camogli",
                        "crew_birth_date": "1841",
                        "crew_serial_number": "11953",
                        "crew_profession_type": "Marinaio",
                        "crew_profession_wage": "Share",
                        "crew_profession_value": "0,75",
                        "crew_profession_months": "12",
                        "crew_profession_days": "21",
                        "crew_profession_pension_funds": "19,97"
                    },
                    "4": {
                        "embarkation_port": "Genova",
                        "embarkation_date": "1859-06-06",
                        "discharge_port": "Portofino",
                        "discharge_date": "1860-06-26",
                        "crew_surname": "Castagneto",
                        "crew_name": "Franco Angelo",
                        "crew_birth_location": "Santa Margherita",
                        "crew_birth_date": "1840",
                        "crew_serial_number": "6682",
                        "crew_profession_type": "Mozzo",
                        "crew_profession_months": "12",
                        "crew_profession_days": "21",
                        "crew_profession_pension_funds": "19,97"
                    },
                    "5": {
                        "embarkation_port": "Genova",
                        "embarkation_date": "1859-06-06",
                        "discharge_port": "Portofino",
                        "discharge_date": "1860-06-26",
                        "crew_surname": "Olivari",
                        "crew_name": "Bartolomeo Luigi",
                        "crew_birth_location": "Camogli",
                        "crew_birth_date": "1842",
                        "crew_serial_number": "14212",
                        "crew_profession_type": "Mozzo",
                        "crew_profession_wage": "Share",
                        "crew_profession_value": "0,5",
                        "crew_profession_months": "12",
                        "crew_profession_days": "21",
                        "crew_profession_pension_funds": "19,97"
                    },
                    "6": {
                        "embarkation_port": "Genova",
                        "embarkation_date": "1859-06-06",
                        "discharge_port": "Marsiglia",
                        "discharge_date": "1861-02-12",
                        "crew_surname": "Mortola",
                        "crew_name": "Fortunato",
                        "crew_birth_location": "Camogli",
                        "crew_birth_date": "1848",
                        "crew_serial_number": "15732",
                        "crew_profession_type": "Mozzo",
                        "crew_profession_wage": "Share",
                        "crew_profession_value": "0,25",
                        "crew_profession_months": "21",
                        "crew_profession_days": "7",
                        "crew_profession_pension_funds": "16,99"
                    },
                    "7": {
                        "embarkation_port": "Genova",
                        "embarkation_date": "1859-06-06",
                        "discharge_port": "Marsiglia",
                        "discharge_date": "1860-06-04",
                        "crew_surname": "Balestra",
                        "crew_name": "Gio Batta",
                        "crew_birth_location": "Camogli",
                        "crew_birth_date": "1840",
                        "crew_serial_number": "11917",
                        "crew_profession_type": "Marinaio",
                        "crew_profession_wage": "Share",
                        "crew_profession_value": "1",
                        "crew_profession_months": "11",
                        "crew_profession_days": "29",
                        "crew_profession_pension_funds": "13,16"
                    },
                    "8": {
                        "embarkation_port": "Genova",
                        "embarkation_date": "1859-06-06",
                        "discharge_port": "Portofino",
                        "discharge_date": "1860-06-26",
                        "crew_surname": "Deandreis",
                        "crew_name": "Giovanni Battista",
                        "crew_birth_location": "Oneglia",
                        "crew_birth_date": "1843",
                        "crew_serial_number": "2476",
                        "crew_profession_type": "Mozzo",
                        "crew_profession_wage": "Share",
                        "crew_profession_value": "0,5",
                        "crew_profession_months": "12",
                        "crew_profession_days": "21",
                        "crew_profession_pension_funds": "10,16"
                    },
                    "9": {
                        "embarkation_port": "Portofino",
                        "embarkation_date": "1860-07-06",
                        "discharge_port": "Genova",
                        "discharge_date": "1861-04-04",
                        "crew_surname": "Guinelli",
                        "crew_name": "Antonio",
                        "crew_birth_location": "Portofino",
                        "crew_birth_date": "1843",
                        "crew_serial_number": "6897",
                        "crew_profession_type": "Mozzo",
                        "crew_profession_months": "8",
                        "crew_profession_days": "25",
                        "crew_profession_pension_funds": "7,07"
                    },
                    "10": {
                        "embarkation_port": "Portofino",
                        "embarkation_date": "1860-07-06",
                        "discharge_port": "Genova",
                        "discharge_date": "1861-04-04",
                        "crew_surname": "Schiaffino",
                        "crew_name": "Simone",
                        "crew_birth_location": "Portofino",
                        "crew_birth_date": "1843",
                        "crew_serial_number": "7087",
                        "crew_profession_type": "Marinaio",
                        "crew_profession_wage": "Share",
                        "crew_profession_value": "1",
                        "crew_profession_months": "8",
                        "crew_profession_days": "25",
                        "crew_profession_pension_funds": "7,07"
                    },
                    "11": {
                        "embarkation_port": "Portofino",
                        "embarkation_date": "1860-07-06",
                        "discharge_port": "Marsiglia",
                        "discharge_date": "1861-02-07",
                        "crew_surname": "Perazzo",
                        "crew_name": "Gio Batta",
                        "crew_birth_location": "Camogli",
                        "crew_birth_date": "1834",
                        "crew_serial_number": "15848",
                        "crew_profession_type": "Marinaio",
                        "crew_profession_wage": "Share",
                        "crew_profession_value": "1",
                        "crew_profession_months": "7",
                        "crew_profession_days": "2",
                        "crew_profession_pension_funds": "5,65"
                    },
                    "12": {
                        "embarkation_port": "Portofino",
                        "embarkation_date": "1860-07-06",
                        "discharge_port": "Genova",
                        "discharge_date": "1861-04-04",
                        "crew_surname": "Pellerena",
                        "crew_name": "Gio Batta",
                        "crew_birth_location": "San Lorenzo della Costa",
                        "crew_birth_date": "1842",
                        "crew_serial_number": "7000",
                        "crew_profession_type": "Marinaio",
                        "crew_profession_wage": "Share",
                        "crew_profession_value": "1",
                        "crew_profession_months": "8",
                        "crew_profession_days": "25",
                        "crew_profession_pension_funds": "9,72"
                    },
                    "13": {
                        "embarkation_port": "Portofino",
                        "embarkation_date": "1860-07-06",
                        "discharge_port": "Genova",
                        "discharge_date": "1861-04-04",
                        "crew_surname": "Galeazzo",
                        "crew_name": "Gio Batta",
                        "crew_birth_location": "San Giacomo di Corte",
                        "crew_birth_date": "1843",
                        "crew_serial_number": "6867",
                        "crew_profession_type": "Marinaio",
                        "crew_profession_wage": "Share",
                        "crew_profession_value": "1",
                        "crew_profession_months": "8",
                        "crew_profession_days": "25",
                        "crew_profession_pension_funds": "7,07"
                    },
                    "14": {
                        "embarkation_port": "Portofino",
                        "embarkation_date": "1860-07-08",
                        "discharge_port": "Genova",
                        "discharge_date": "1861-04-04",
                        "crew_surname": "Cafferata",
                        "crew_name": "Giuseppe",
                        "crew_birth_location": "Sori",
                        "crew_birth_date": "1844",
                        "crew_serial_number": "14885",
                        "crew_profession_type": "Mozzo",
                        "crew_profession_wage": "Share",
                        "crew_profession_value": "0,6",
                        "crew_profession_months": "8",
                        "crew_profession_days": "23",
                        "crew_profession_pension_funds": "7,07"
                    },
                    "15": {
                        "embarkation_port": "Marsiglia",
                        "embarkation_date": "1861-03-05",
                        "discharge_port": "Genova",
                        "discharge_date": "1861-04-04",
                        "crew_surname": "Schiaffino",
                        "crew_name": "Giuseppe",
                        "crew_birth_location": "Camogli",
                        "crew_birth_date": "1849",
                        "crew_serial_number": "17165",
                        "crew_profession_type": "Mozzo",
                        "crew_profession_months": "1",
                        "crew_profession_pension_funds": "0,80"
                    }
                },
                "route": {
                    "0": {
                        "departure_port": "Costantinopoli",
                        "departure_date": "1859-08-25"
                    },
                    "1": {
                        "departure_port": "Kertch",
                        "departure_date": "1859-09-03"
                    },
                    "2": {
                        "departure_port": "Taganrog",
                        "departure_date": "1859-09-18"
                    },
                    "3": {
                        "departure_port": "Costantinopoli",
                        "departure_date": "1859-10-08"
                    },
                    "4": {
                        "departure_port": "Dardanelli",
                        "departure_date": "1859-10-25"
                    },
                    "5": {
                        "departure_port": "Costantinopoli",
                        "departure_date": "1859-11-04"
                    },
                    "6": {
                        "departure_port": "Malta",
                        "departure_date": "1860-02-02"
                    },
                    "7": {
                        "departure_port": "Costantinopoli",
                        "departure_date": "1860-03-29"
                    },
                    "8": {
                        "departure_port": "Marsiglia",
                        "departure_date": "1860-05-12",
                        "arrival_port": "Marsiglia",
                        "arrival_date": "1860-06-19"
                    },
                    "9": {
                        "departure_port": "Costantinopoli",
                        "departure_date": "1860-09-13"
                    },
                    "10": {},
                    "11": {},
                    "12": {},
                    "13": {},
                    "14": {}
                }
            }
        }
    ]
}