﻿{"docs": [{"_id":"2018-03-26T14:33:40.330Z_8","template":"Crew List_IT","status":"Public","data":{"record_information":{"catalogue_id":"8","date_from":"2018-03-26","date_until":"2019-08-29T13:02:39","name":"Benedetta","surname":"Risso","role_in_project":""},"source_identity":{"archive_library":"Archivio di Stato di Genova","archive_library_location":"Genova","register_number":"3727","number_of_document":"14","date_of_document":"1859-04-30","issuing_authority":"Direzione Marittima di Genova","issuing_authority_location":"Genova","note":"","comment":""},"ship_records":{"ship_name":"Astrolabo","ship_type":"Brick Scooner","ship_tonnage":"112,59","construction_location":"Sestri Ponente","construction_location_date":"1839","ammunition_type":"","ammunition_quantity_value":"","ammunition_quantity_unit":"","registry_port":"Genova","registry_number":"511","owner_name":"Giuseppe","owner_surname":"Gazzolo","owner_fathers_name":"","note":"","comment":""},"ports_of_call":{"date_from":"1859-04-30","date_to":"1860-08-28","total_duration_months":"10","total_duration_years":"24","first_planned_destinations":"","total_crew_number":"","note":"","comment":""},"crew_list":{"0":{"embarkation_port":"Genova","embarkation_date":"1859-04-30","discharge_port":"Genova","discharge_date":"1859-06-16","crew_surname":"Mortola","crew_name":"Giovanni","crew_birth_location":"Camogli","crew_birth_date":"1827","crew_serial_number":"6191","crew_profession_type":"Capitano di seconda classe","crew_profession_wage":"Share","crew_profession_value":"2","crew_profession_months":"1","crew_profession_days":"17","crew_profession_pension_funds":"5,48"},"1":{"embarkation_port":"Genova","embarkation_date":"1859-04-30","discharge_port":"Genova","discharge_date":"1859-06-16","crew_surname":"Scaramuzzo","crew_name":"Giuseppe","crew_birth_location":"Levanto","crew_birth_date":"1823","crew_serial_number":"4061","crew_profession_type":"Secondo","crew_profession_wage":"Share","crew_profession_value":"1","crew_profession_months":"1","crew_profession_days":"17","crew_profession_pension_funds":"2,35"},"2":{"embarkation_port":"Genova","embarkation_date":"1859-04-30","discharge_port":"Genova","discharge_date":"1859-06-16","crew_surname":"Scaramuzza","crew_name":"Gio Batta","crew_birth_location":"Levanto","crew_birth_date":"1826","crew_serial_number":"3105","crew_profession_type":"Marinaio","crew_profession_wage":"Italian Lira","crew_profession_value":"37","crew_profession_months":"1","crew_profession_days":"17","crew_profession_pension_funds":"1,72"},"3":{"embarkation_port":"Genova","embarkation_date":"1859-04-30","discharge_port":"Genova","discharge_date":"1859-06-16","crew_surname":"Massone","crew_name":"Giuseppe","crew_birth_location":"Recco","crew_birth_date":"1791","crew_serial_number":"417","crew_profession_type":"Marinaio","crew_profession_wage":"Italian Lira","crew_profession_value":"37","crew_profession_months":"1","crew_profession_days":"17","crew_profession_pension_funds":"1,72"},"4":{"embarkation_port":"Genova","embarkation_date":"1859-04-30","discharge_port":"Genova","discharge_date":"1859-06-16","crew_surname":"Sessarego","crew_name":"Pietro","crew_birth_location":"Nervi","crew_birth_date":"1841","crew_serial_number":"11694","crew_profession_type":"Giovinotto","crew_profession_wage":"Italian Lira","crew_profession_value":"28","crew_profession_months":"1","crew_profession_days":"17","crew_profession_pension_funds":"1,72"},"5":{"embarkation_port":"Genova","embarkation_date":"1859-04-30","discharge_port":"Genova","discharge_date":"1859-06-16","crew_surname":"Borghetti","crew_name":"Andrea","crew_birth_location":"Sori","crew_birth_date":"1842","crew_serial_number":"15168","crew_profession_type":"Mozzo","crew_profession_wage":"Share","crew_profession_value":"0,25","crew_profession_months":"1","crew_profession_days":"17","crew_profession_pension_funds":"1,72"},"6":{"embarkation_port":"Genova","embarkation_date":"1859-10-4","discharge_port":"Genova","discharge_date":"1860-08-28","crew_surname":"Bollo","crew_name":"Giuseppe","crew_birth_location":"Genova","crew_birth_date":"1827","crew_serial_number":"787","crew_profession_type":"Capitano di seconda classe","crew_profession_months":"10","crew_profession_days":"24","crew_profession_pension_funds":"54"},"7":{"embarkation_port":"Genova","embarkation_date":"1859-10-4","discharge_port":"Montevideo","discharge_date":"1860-02-29","crew_surname":"D`Apollo","crew_name":"Giovanni Giacomo","crew_birth_location":"Longone","crew_birth_date":"1836","crew_profession_type":"Dispensiere","crew_profession_wage":"Italian Lira","crew_profession_value":"50","crew_profession_months":"4","crew_profession_days":"25","crew_profession_pension_funds":"5,32"},"8":{"embarkation_port":"Genova","embarkation_date":"1859-10-4","discharge_port":"Montevideo","discharge_date":"1860-02-29","crew_surname":"Leoni","crew_name":"Francesco","crew_birth_date":"1836","crew_profession_type":"Marinaio","crew_profession_wage":"Italian Lira","crew_profession_value":"40","crew_profession_months":"4","crew_profession_days":"25","crew_profession_pension_funds":"5,32","note":"Toscano"},"9":{"embarkation_port":"Genova","embarkation_date":"1859-10-4","discharge_port":"Montevideo","discharge_date":"1860-02-29","crew_surname":"Copecchio","crew_name":"Giuseppe","crew_birth_location":"Longone","crew_birth_date":"1830","crew_profession_type":"Marinaio","crew_profession_wage":"Italian Lira","crew_profession_value":"40","crew_profession_months":"4","crew_profession_days":"25","crew_profession_pension_funds":"5,32"},"10":{"embarkation_port":"Genova","embarkation_date":"1859-10-4","discharge_port":"Montevideo","discharge_date":"1860-02-29","crew_surname":"Copecchio","crew_name":"Simone","crew_birth_location":"Longone","crew_birth_date":"1839","crew_profession_type":"Marinaio","crew_profession_wage":"Italian Lira","crew_profession_value":"40","crew_profession_months":"4","crew_profession_days":"25","crew_profession_pension_funds":"5,32"},"11":{"embarkation_port":"Genova","embarkation_date":"1859-10-4","discharge_port":"Montevideo","discharge_date":"1860-01-01","crew_surname":"Demutti","crew_name":"Paolo","crew_birth_location":"Deiva","crew_birth_date":"1843","crew_serial_number":"4385","crew_profession_type":"Mozzo","crew_profession_wage":"Italian Lira","crew_profession_value":"20","crew_profession_months":"4","crew_profession_days":"27","crew_profession_pension_funds":"3,92"},"12":{"embarkation_port":"Genova","embarkation_date":"1859-10-4","discharge_port":"Motevideo","discharge_date":"1860-01-02","crew_surname":"Alasia","crew_name":"Ettore","crew_birth_location":"Genova","crew_birth_date":"1843","crew_serial_number":"15245","crew_profession_type":"Mozzo","crew_profession_wage":"Italian Lira","crew_profession_value":"20","crew_profession_months":"3","crew_profession_days":"25","crew_profession_pension_funds":"3,07","note":"Disertato"},"13":{"embarkation_port":"Genova","embarkation_date":"1859-10-4","discharge_port":"Montevideo","discharge_date":"1860-01-02","crew_surname":"Costa","crew_name":"Giuseppe","crew_birth_location":"Nervi","crew_birth_date":"1847","crew_serial_number":"15953","crew_profession_type":"Mozzo","crew_profession_months":"3","crew_profession_days":"25","crew_profession_pension_funds":"3,07"},"14":{"embarkation_port":"Genova","embarkation_date":"1859-10-5","discharge_port":"Montevideo","discharge_date":"1860-03-05","crew_surname":"Orlandini","crew_name":"Domenico","crew_birth_location":"Genova","crew_birth_date":"1827","crew_serial_number":"2354","crew_profession_type":"Secondo","crew_profession_wage":"Italian Lira","crew_profession_value":"60","crew_profession_months":"4","crew_profession_days":"27","crew_profession_pension_funds":"7,35"},"15":{"embarkation_port":"Genova","embarkation_date":"1859-10-6","discharge_port":"Montevideo","discharge_date":"1860-03-05","crew_surname":"Mastrojanni","crew_name":"Simone","crew_birth_date":"1831","crew_profession_type":"Marinaio","crew_profession_wage":"Italian Lira","crew_profession_value":"40","crew_profession_months":"4","crew_profession_days":"26","crew_profession_pension_funds":"5,35","note":"Toscano"}},"route":{"0":{},"1":{},"2":{},"3":{},"4":{},"5":{},"6":{},"7":{},"8":{},"9":{},"10":{},"11":{},"12":{},"13":{},"14":{}}}}]}