﻿{"docs": [{"_id":"2018-03-27T12:16:14.596Z_1","template":"Crew List_IT","status":"Public","data":{"record_information":{"catalogue_id":"1","date_from":"2018-03-27","date_until":"2020-09-22T21:23:53","name":"Maki","surname":"Asai","role_in_project":""},"source_identity":{"archive_library":"Archivio di Stato di Genova","archive_library_location":"Genova","register_number":"14","number_of_document":"9562","date_of_document":"1862-02-12","date_of_document_to":"","issuing_authority":"Direzione marittima di Genova","issuing_authority_location":"Genova","source_type_name":"","fond_number":"","fond_title":"","fond_series_number":"","file_number":"","file_tile":"","note":"","comment":""},"ship_records":{"ship_name":"Telemaco","ship_type":"Brigantino","ship_tonnage":"144,66","construction_location":"Varazze","construction_location_date":"1841","ammunition_type":"","ammunition_quantity_value":"","ammunition_quantity_unit":"","registry_port":"Genova","registry_number":"721","organization_name":"","owner_name":"Giovanni","owner_surname":"Schiappacasse","owner_fathers_name":"Francesco","note":"","comment":""},"ports_of_call":{"date_from":"1862-02-12","date_to":"1862-12-17","total_duration_months":"10","total_duration_years":"6","first_planned_destinations":"Danubio","total_crew_number":"nove","note":"","comment":""},"crew_list":{"0":{"embarkation_port":"Genova","embarkation_date":"1862-2-12","discharge_port":"Genova","discharge_date":"1862-12-17","crew_surname":"Ogno","crew_name":"Giacomo Antonio","crew_birth_location":"Genova","crew_birth_date":"1829","crew_serial_number":"2824","crew_profession_type":"Capitano di seconda classe","crew_profession_months":"10","crew_profession_days":"6","crew_profession_pension_funds":"35,70"},"1":{"embarkation_port":"Genova","embarkation_date":"1862-2-12","discharge_port":"Genova","discharge_date":"1862-12-17","crew_surname":"Lavagna","crew_name":"Emanuele Domenico","crew_birth_location":"Savona","crew_birth_date":"1830","crew_serial_number":"2543","crew_profession_type":"Secondo","crew_profession_wage":"Italian Lira","crew_profession_value":"100","crew_profession_months":"10","crew_profession_days":"6","crew_profession_pension_funds":"15,22"},"2":{"embarkation_port":"Genova","embarkation_date":"1862-2-12","discharge_port":"Genova","discharge_date":"1862-12-17","crew_surname":"Bertelli","crew_name":"Francesco","crew_birth_location":"Genova","crew_birth_date":"1843","crew_serial_number":"12666","crew_profession_type":"Dispensiere","crew_profession_wage":"Italian Lira","crew_profession_value":"65","crew_profession_months":"10","crew_profession_days":"6","crew_profession_pension_funds":"11,22"},"3":{"embarkation_port":"Genova","embarkation_date":"1862-2-12","discharge_port":"Genova","discharge_date":"1862-12-17","crew_surname":"Gianelli","crew_name":"Gio Batta","crew_birth_location":"La Spezia","crew_birth_date":"1837","crew_serial_number":"3326","crew_profession_type":"Marinaio","crew_profession_wage":"Italian Lira","crew_profession_value":"54","crew_profession_months":"10","crew_profession_days":"6","crew_profession_pension_funds":"11,22"},"4":{"embarkation_port":"Genova","embarkation_date":"1862-2-12","discharge_port":"Genova","discharge_date":"1862-12-17","crew_surname":"Michelini","crew_name":"Gustavo","crew_birth_location":"Ancona","crew_birth_date":"1837","crew_serial_number":"816","crew_profession_type":"Marinaio","crew_profession_wage":"Italian Lira","crew_profession_value":"54","crew_profession_months":"10","crew_profession_days":"6","crew_profession_pension_funds":"11,22"},"5":{"embarkation_port":"Genova","embarkation_date":"1862-2-12","discharge_port":"Genova","discharge_date":"1862-12-17","crew_surname":"Bianchi","crew_name":"Bernardo Gerolamo","crew_birth_location":"La Spezia","crew_birth_date":"1835","crew_serial_number":"4130","crew_profession_type":"Marinaio","crew_profession_wage":"Italian Lira","crew_profession_value":"54","crew_profession_months":"10","crew_profession_days":"6","crew_profession_pension_funds":"11,22"},"6":{"embarkation_port":"Genova","embarkation_date":"1862-2-12","discharge_port":"Genova","discharge_date":"1862-12-17","crew_surname":"[Ibisà]","crew_name":"Francesco","crew_birth_date":"1842","crew_profession_type":"Marinaio","crew_profession_wage":"Italian Lira","crew_profession_value":"54","crew_profession_months":"10","crew_profession_days":"6","crew_profession_pension_funds":"11,22","note":"austriaco"},"7":{"embarkation_port":"Genova","embarkation_date":"1862-2-12","discharge_port":"Genova","discharge_date":"1862-12-17","crew_surname":"Bertelli","crew_name":"Pietro Matteo","crew_birth_location":"Genova","crew_birth_date":"1848","crew_serial_number":"16222","crew_profession_type":"Mozzo","crew_profession_wage":"Italian Lira","crew_profession_value":"20","crew_profession_months":"10","crew_profession_days":"6","crew_profession_pension_funds":"8,16"},"8":{"embarkation_port":"Genova","embarkation_date":"1862-2-12","discharge_port":"Genova","discharge_date":"1862-12-17","crew_surname":"Canepa","crew_name":"Giuseppe","crew_birth_location":"Chiavari","crew_birth_date":"1846","crew_serial_number":"7889","crew_profession_type":"Mozzo","crew_profession_wage":"Italian Lira","crew_profession_value":"20","crew_profession_months":"10","crew_profession_days":"6","crew_profession_pension_funds":"8,16"},"9":{},"10":{},"11":{},"12":{},"13":{},"14":{}},"route":{"0":{"departure_port":"Costantinopoli","departure_date":"1862-03-29"},"1":{"departure_port":"Sulina","departure_date":"1862-04-01"},"2":{"departure_port":"Sulina","departure_date":"1862-6-11"},"3":{"departure_port":"Costantinopoli","departure_date":"1862-06-20"},"4":{"departure_port":"Malta","departure_date":"1862-07-14"},"5":{"departure_port":"Queenstown","departure_date":"1862-10-13"},"6":{"departure_port":"Newport","departure_date":"1862-10-29"},"7":{},"8":{},"9":{},"10":{},"11":{},"12":{},"13":{},"14":{}}}}]}