﻿{"docs": [{"_id":"2018-02-27T13:26:48.597Z_2","template":"Crew List_IT","status":"Public","data":{"record_information":{"catalogue_id":"2","date_from":"2018-02-27","date_until":"2020-07-16T14:20:38","name":"Giacomo","surname":"Calcagno","role_in_project":""},"source_identity":{"archive_library":"Archivio di Stato di Genova","archive_library_location":"Genova","register_number":"14","number_of_document":"7944","date_of_document":"1860-04-09","date_of_document_to":"","issuing_authority":"Direzione Marittima di Genova","issuing_authority_location":"Genova","source_type_name":"","fond_number":"","fond_title":"","fond_series_number":"","file_number":"","file_tile":"","note":"","comment":""},"ship_records":{"ship_name":"Andrea","ship_type":"Brigantino","ship_tonnage":"274,16","construction_location":"Sestri Ponente","construction_location_date":"1859","ammunition_type":"","ammunition_quantity_value":"","ammunition_quantity_unit":"","registry_port":"Genova","registry_number":"2024","organization_name":"","owner_name":"Gaetano","owner_surname":"Ogno","owner_fathers_name":"","note":"soci","comment":""},"ports_of_call":{"date_from":"1861-04-09","date_to":"1862-03-01","total_duration_months":"10","total_duration_years":"2","first_planned_destinations":"Gibilterra","total_crew_number":"13","note":"","comment":""},"crew_list":{"0":{"embarkation_port":"Genova","embarkation_date":"1861-04-09","discharge_port":"Nizza","discharge_date":"1861-12-23","crew_surname":"Ogno","crew_name":"Gaetano","crew_birth_location":"Camogli","crew_birth_date":"1834","crew_serial_number":"8389","crew_profession_type":"Capitano di seconda classe","crew_profession_months":"7","crew_profession_days":"24","crew_profession_pension_funds":"27,30"},"1":{"embarkation_port":"Genova","embarkation_date":"1861-04-09","discharge_port":"Genova","discharge_date":"1861-11-18","crew_surname":"Schiaffino","crew_name":"Giuseppe","crew_birth_location":"Foce","crew_birth_date":"1832","crew_serial_number":"9811","crew_profession_type":"Secondo","crew_profession_wage":"Italian Lira","crew_profession_value":"120","crew_profession_months":"6","crew_profession_days":"19","crew_profession_pension_funds":"9,95"},"2":{"embarkation_port":"Genova","embarkation_date":"1861-04-09","discharge_port":"Genova","discharge_date":"1861-07-17","crew_surname":"Ansaldo","crew_name":"Antonio","crew_birth_location":"Camogli","crew_birth_date":"1826","crew_serial_number":"4574","crew_profession_type":"Nostromo","crew_profession_wage":"Italian Lira","crew_profession_value":"150","crew_profession_months":"3","crew_profession_days":"9","crew_profession_pension_funds":"4,95"},"3":{"embarkation_port":"Genova","embarkation_date":"1861-04-09","discharge_port":"Genova","discharge_date":"1861-07-17","crew_surname":"Figari","crew_name":"Francesco","crew_birth_location":"Camogli","crew_birth_date":"1809","crew_serial_number":"3288","crew_profession_type":"Dispensiere","crew_profession_wage":"Italian Lira","crew_profession_value":"69","crew_profession_months":"3","crew_profession_days":"9","crew_profession_pension_funds":"3,63"},"4":{"embarkation_port":"Genova","embarkation_date":"1861-04-09","discharge_port":"Nizza","discharge_date":"1861-12-23","crew_surname":"Lavagna","crew_name":"Carlo","crew_birth_location":"Porto Maurizio","crew_birth_date":"1838","crew_serial_number":"2859","crew_profession_type":"Marinaio","crew_profession_wage":"Italian Lira","crew_profession_value":"104","crew_profession_months":"7","crew_profession_days":"24","crew_profession_pension_funds":"8,58"},"5":{"embarkation_port":"Genova","embarkation_date":"1861-04-09","discharge_port":"Genova","discharge_date":"1861-07-17","crew_surname":"Olivari","crew_name":"Lorenzo","crew_birth_location":"Ruta","crew_birth_date":"1840","crew_serial_number":"12632","crew_profession_type":"Marinaio","crew_profession_wage":"Italian Lira","crew_profession_value":"60","crew_profession_months":"3","crew_profession_days":"9","crew_profession_pension_funds":"3,63"},"6":{"embarkation_port":"Genova","embarkation_date":"1861-04-09","discharge_port":"Genova","discharge_date":"1861-07-17","crew_surname":"Angius","crew_name":"Franco","crew_birth_location":"Cagliari","crew_birth_date":"1840","crew_serial_number":"1300","crew_profession_type":"Marinaio","crew_profession_wage":"Italian Lira","crew_profession_value":"60","crew_profession_months":"3","crew_profession_days":"9","crew_profession_pension_funds":"3,63"},"7":{"embarkation_port":"Genova","embarkation_date":"1861-04-09","discharge_port":"Genova","discharge_date":"1861-07-17","crew_surname":"Schiaffino","crew_name":"Antonio","crew_birth_location":"Camogli","crew_birth_date":"1840","crew_serial_number":"10979","crew_profession_type":"Marinaio","crew_profession_wage":"Italian Lira","crew_profession_value":"60","crew_profession_months":"3","crew_profession_days":"9","crew_profession_pension_funds":"3,63"},"8":{"embarkation_port":"Genova","embarkation_date":"1861-04-09","discharge_port":"Nizza","discharge_date":"1861-11-21","crew_surname":"Giacopello","crew_name":"Giuseppe","crew_birth_location":"Lerici","crew_birth_date":"1842","crew_serial_number":"3777","crew_profession_type":"Marinaio","crew_profession_wage":"Italian Lira","crew_profession_value":"104","crew_profession_months":"6","crew_profession_days":"22","crew_profession_pension_funds":"7,41"},"9":{"embarkation_port":"Genova","embarkation_date":"1861-04-09","discharge_port":"Nizza","discharge_date":"1861-11-21","crew_surname":"Schiaffino","crew_name":"Lorenzo","crew_birth_location":"Camogli","crew_birth_date":"1841","crew_serial_number":"10472","crew_profession_type":"Marinaio","crew_profession_wage":"Italian Lira","crew_profession_value":"105","crew_profession_months":"6","crew_profession_days":"22","crew_profession_pension_funds":"7,41"},"10":{"embarkation_port":"Genova","embarkation_date":"1861-04-09","discharge_port":"Nizza","discharge_date":"1861-11-21","crew_surname":"Lai Cabras","crew_name":"Fedele","crew_birth_location":"Camogli","crew_birth_date":"1841","crew_serial_number":"2018","crew_profession_type":"Mozzo","crew_profession_wage":"Italian Lira","crew_profession_value":"69","crew_profession_months":"6","crew_profession_days":"22","crew_profession_pension_funds":"7,41"},"11":{"embarkation_port":"Genova","embarkation_date":"1861-04-09","discharge_port":"Genova","discharge_date":"1861-07-17","crew_surname":"Bruzzone","crew_name":"Nicolò","crew_birth_location":"Albaro","crew_birth_date":"1843","crew_serial_number":"14151","crew_profession_type":"Mozzo","crew_profession_wage":"Italian Lira","crew_profession_value":"25","crew_profession_months":"3","crew_profession_days":"9","crew_profession_pension_funds":"3,63"},"12":{"embarkation_port":"Genova","embarkation_date":"1861-04-09","discharge_port":"Genova","discharge_date":"1861-07-17","crew_surname":"Schiaffino","crew_name":"Lorenzo","crew_birth_location":"Camogli","crew_birth_date":"1846","crew_serial_number":"14143","crew_profession_type":"Mozzo","crew_profession_wage":"Italian Lira","crew_profession_value":"20","crew_profession_months":"3","crew_profession_days":"9","crew_profession_pension_funds":"2,64"},"13":{"embarkation_port":"Genova","embarkation_date":"1861-08-09","discharge_port":"Genova","discharge_date":"1862-03-01","crew_surname":"Oneto","crew_name":"Prospero Domenico","crew_birth_location":"Camogli","crew_birth_date":"1817","crew_serial_number":"1069","crew_profession_type":"Dispensiere","crew_profession_wage":"Italian Lira","crew_profession_value":"55","crew_profession_months":"6","crew_profession_days":"23","crew_profession_pension_funds":"7,41"},"14":{"embarkation_port":"Genova","embarkation_date":"1861-08-09","discharge_port":"Nizza","discharge_date":"1861-11-21","crew_surname":"Medusei","crew_name":"Innocenzo","crew_birth_location":"Lerici","crew_birth_date":"1845","crew_serial_number":"4248","crew_profession_type":"Giovinetto","crew_profession_wage":"Italian Lira","crew_profession_value":"33","crew_profession_months":"3","crew_profession_days":"13","crew_profession_pension_funds":"2,75"},"15":{"embarkation_port":"Genova","embarkation_date":"1861-08-09","discharge_port":"Genova","discharge_date":"1862-03-01","crew_surname":"Oneto","crew_name":"Lorenzo","crew_birth_location":"Camogli","crew_birth_date":"1848","crew_serial_number":"15644","crew_profession_type":"Mozzo","crew_profession_wage":"Italian Lira","crew_profession_value":"15","crew_profession_months":"6","crew_profession_days":"23","crew_profession_pension_funds":"5,41"},"16":{"embarkation_port":"Genova","embarkation_date":"1861-08-09","discharge_port":"Nizza","discharge_date":"1861-11-21","crew_surname":"Angelinelli","crew_name":"Paolo","crew_birth_location":"Arcola","crew_birth_date":"1834","crew_serial_number":"2693","crew_profession_type":"Marinaio","crew_profession_wage":"Italian Lira","crew_profession_value":"44","crew_profession_months":"3","crew_profession_days":"13","crew_profession_pension_funds":"3,78"},"17":{"embarkation_port":"Genova","embarkation_date":"1861-08-09","discharge_port":"Nizza","discharge_date":"1861-11-21","crew_surname":"D`Aste","crew_name":"Sebastiano","crew_birth_location":"Recco","crew_birth_date":"1843","crew_serial_number":"12720","crew_profession_type":"Marinaio","crew_profession_wage":"Italian Lira","crew_profession_value":"44","crew_profession_months":"3","crew_profession_days":"13","crew_profession_pension_funds":"3,78"},"18":{"embarkation_port":"Genova","embarkation_date":"1861-08-09","discharge_port":"Nizza","discharge_date":"1861-11-21","crew_surname":"Proto","crew_name":"Francesco Saverio","crew_birth_location":"Atrani","crew_birth_date":"1835","crew_profession_type":"Nostromo","crew_profession_wage":"Italian Lira","crew_profession_value":"44","crew_profession_months":"3","crew_profession_days":"13","crew_profession_pension_funds":"5,15"},"19":{"embarkation_port":"Nizza","embarkation_date":"1862-01-02","discharge_port":"Genova","discharge_date":"1862-03-01","crew_surname":"Mortola","crew_name":"Filippo","crew_birth_location":"Camogli","crew_birth_date":"1824","crew_serial_number":"99","crew_profession_type":"Capitano di seconda classe","crew_profession_months":"2","crew_profession_pension_funds":"7"},"20":{"embarkation_port":"Nizza","embarkation_date":"1862-01-02","discharge_port":"Genova","discharge_date":"1862-03-01","crew_surname":"Melis","crew_name":"Giovanni","crew_birth_location":"Cagliari","crew_birth_date":"1839","crew_serial_number":"1525","crew_profession_type":"Marinaio","crew_profession_wage":"Italian Lira","crew_profession_value":"60","crew_profession_months":"2","crew_profession_pension_funds":"2,20"},"21":{"embarkation_port":"Nizza","embarkation_date":"1862-01-02","discharge_port":"Genova","discharge_date":"1862-03-01","crew_surname":"Solari","crew_name":"Giacomo","crew_birth_location":"Quinto","crew_birth_date":"1842","crew_serial_number":"14253","crew_profession_type":"Marinaio","crew_profession_wage":"Italian Lira","crew_profession_value":"60","crew_profession_months":"2","crew_profession_pension_funds":"2,20"},"22":{"embarkation_port":"Nizza","embarkation_date":"1862-01-02","discharge_port":"Genova","discharge_date":"1862-03-01","crew_surname":"Parodi","crew_name":"Francesco","crew_birth_location":"Loano","crew_birth_date":"1840","crew_serial_number":"4767","crew_profession_type":"Marinaio","crew_profession_wage":"Italian Lira","crew_profession_value":"60","crew_profession_months":"2","crew_profession_pension_funds":"2,20"},"23":{"embarkation_port":"Nizza","embarkation_date":"1862-01-02","discharge_port":"Genova","discharge_date":"1862-03-01","crew_surname":"Cuneo","crew_name":"Stefano","crew_birth_location":"Sampierdarena","crew_birth_date":"1844","crew_serial_number":"12825","crew_profession_type":"Marinaio","crew_profession_wage":"Italian Lira","crew_profession_value":"60","crew_profession_months":"2","crew_profession_pension_funds":"2,20"},"24":{"embarkation_port":"Nizza","embarkation_date":"1862-01-02","discharge_port":"Genova","discharge_date":"1862-03-01","crew_surname":"Schivo","crew_name":"Giacomo Giovanni","crew_birth_location":"Diano","crew_birth_date":"1837","crew_serial_number":"2245","crew_profession_type":"Marinaio","crew_profession_wage":"Italian Lira","crew_profession_value":"60","crew_profession_months":"2","crew_profession_pension_funds":"2,20"},"25":{"embarkation_port":"Nizza","embarkation_date":"1862-01-02","discharge_port":"Genova","discharge_date":"1862-03-01","crew_surname":"Ferrando","crew_name":"Andrea","crew_birth_location":"Albissola Marina","crew_birth_date":"1848","crew_serial_number":"6086","crew_profession_type":"Marinaio","crew_profession_wage":"Italian Lira","crew_profession_value":"60","crew_profession_months":"2","crew_profession_pension_funds":"1,60"},"26":{"embarkation_port":"Nizza","embarkation_date":"1862-01-02","discharge_port":"Genova","discharge_date":"1862-03-01","crew_surname":"Proto","crew_name":"Francesco Saverio","crew_birth_location":"Atrani","crew_birth_date":"1835","crew_profession_type":"Marinaio","crew_profession_wage":"Italian Lira","crew_profession_value":"60","crew_profession_months":"2","crew_profession_pension_funds":"2,20"},"27":{"embarkation_port":"Nizza","embarkation_date":"1862-01-02","discharge_port":"Genova","discharge_date":"1862-03-01","crew_surname":"?","crew_name":"?","crew_birth_location":"?","crew_birth_date":"1816","crew_profession_type":"Marinaio","crew_profession_wage":"Italian Lira","crew_profession_value":"60","crew_profession_months":"2","crew_profession_pension_funds":"2,20"},"28":{"embarkation_port":"Nizza","embarkation_date":"1862-01-02","discharge_port":"Genova","discharge_date":"1862-03-01","crew_surname":"Petrini","crew_name":"Dojno","crew_birth_location":"Spalato","crew_birth_date":"1836","crew_serial_number":"346","crew_profession_type":"Marinaio","crew_profession_wage":"Italian Lira","crew_profession_value":"60","crew_profession_months":"2","crew_profession_pension_funds":"2,20"},"29":{}},"route":{"0":{"departure_port":"Queenstown","departure_date":"1861-05-17"},"1":{"departure_port":"Gloucester","departure_date":"1861-06-04"},"2":{"departure_port":"Cardiff","departure_date":"1861-06-11"},"3":{"departure_port":"Genova","departure_date":"1861-08-09"},"4":{"departure_port":"Costantinopoli","departure_date":"1861-09-12"},"5":{"departure_port":"Kertch","departure_date":"1861-09-20"},"6":{"departure_port":"Berdyansk","departure_date":"1861-10-13"},"7":{"departure_port":"Costantinopoli","departure_date":"1861-10-23"},"8":{"departure_port":"Livorno","departure_date":"1861-11-12"},"9":{"departure_port":"Genova","departure_date":"1861-11-18"},"10":{"departure_port":"Salonicco","departure_date":"1862-02-01"},"11":{},"12":{},"13":{},"14":{},"15":{},"16":{}}}}]}