﻿{"docs": [{"_id":"2018-04-03T12:57:56.737Z_14","template":"Crew List_IT","status":"Public","data":{"record_information":{"catalogue_id":"14","date_from":"2018-04-03","date_until":"2020-09-22T15:17:17","name":"Francesco ","surname":"Ferrando","role_in_project":""},"source_identity":{"archive_library":"Archivio di Stato di Genova","archive_library_location":"Genova","register_number":"14","number_of_document":"6874","date_of_document":"1861-02-16","date_of_document_to":"","issuing_authority":"Direzione Marittima di Genova","issuing_authority_location":"Genova","source_type_name":"","fond_number":"","fond_title":"","fond_series_number":"","file_number":"","file_tile":"","note":"","comment":""},"ship_records":{"ship_name":"Erminia","ship_type":"Brigantino","ship_tonnage":"295,11","construction_location":"Varazze","construction_location_date":"1857-58","ammunition_type":"","ammunition_quantity_value":"","ammunition_quantity_unit":"","registry_port":"Genova","registry_number":"1949","organization_name":"","owner_name":"Prospero","owner_surname":"Schiaffino","owner_fathers_name":"","note":"","comment":""},"ports_of_call":{"date_from":"1861-02-16","date_to":"1861-11-22","total_duration_months":"9","total_duration_years":"07","first_planned_destinations":"Danubio","total_crew_number":"12","note":"","comment":""},"crew_list":{"0":{"embarkation_port":"Genova","embarkation_date":"1861-02-16","discharge_port":"Livorno","discharge_date":"1861-11-22","crew_surname":"Balestra","crew_name":"Fortunato","crew_birth_location":"Camogli","crew_birth_date":"1832","crew_serial_number":"6636","crew_profession_type":"Capitano di 2* classe","crew_profession_wage":"Italian Lira","crew_profession_value":"100","crew_profession_months":"9","crew_profession_days":"07","crew_profession_pension_funds":"32,32"},"1":{"embarkation_port":"Genova","embarkation_date":"1861-02-16","discharge_port":"Livorno","discharge_date":"1861-11-22","crew_surname":"Schiaffino","crew_name":"Nicolò","crew_birth_location":"Camogli","crew_birth_date":"1823","crew_serial_number":"51","crew_profession_type":"Secondo","crew_profession_wage":"Italian Lira","crew_profession_value":"90","crew_profession_months":"9","crew_profession_days":"07","crew_profession_pension_funds":"13,85"},"2":{"embarkation_port":"Genova","embarkation_date":"1861-02-16","discharge_port":"Livorno","discharge_date":"1861-11-22","crew_surname":"Gimelli","crew_name":"Lazzaro","crew_birth_location":"Camogli","crew_birth_date":"1820","crew_serial_number":"495","crew_profession_type":"Dispensiere","crew_profession_wage":"Italian Lira","crew_profession_value":"70","crew_profession_months":"9","crew_profession_days":"07","crew_profession_pension_funds":"10,16"},"3":{"embarkation_port":"Genova","embarkation_date":"1861-02-16","discharge_port":"Genova","discharge_date":"1861-11-22","crew_surname":"Schaffino","crew_name":"Prospero","crew_birth_location":"Camogli","crew_birth_date":"1815","crew_serial_number":"1268","crew_profession_type":"Direttore","crew_profession_wage":"Italian Lira","crew_profession_months":"9","crew_profession_days":"07","crew_profession_pension_funds":"13,85"},"4":{"embarkation_port":"Genova","embarkation_date":"1861-02-16","discharge_port":"Livorno","discharge_date":"1861-11-22","crew_surname":"Balestra","crew_name":"Gio Batta","crew_birth_location":"Camogli","crew_birth_date":"1840","crew_serial_number":"11917","crew_profession_type":"Marinaio","crew_profession_wage":"Italian Lira","crew_profession_value":"60","crew_profession_months":"9","crew_profession_days":"07","crew_profession_pension_funds":"10,10"},"5":{"embarkation_port":"Genova","embarkation_date":"1861-02-16","discharge_port":"Livorno","discharge_date":"1861-11-22","crew_surname":"Macchiavello","crew_name":"Tommaso","crew_birth_location":"Rapallo","crew_birth_date":"1824","crew_serial_number":"1153","crew_profession_type":"Marinaio","crew_profession_wage":"Italian Lira","crew_profession_value":"60","crew_profession_months":"9","crew_profession_days":"07","crew_profession_pension_funds":"10,16"},"6":{"embarkation_port":"Genova","embarkation_date":"1861-02-16","discharge_port":"Livorno","discharge_date":"1861-11-22","crew_surname":"Solimano","crew_name":"Nicolò","crew_birth_location":"San Giacomo di Corte","crew_birth_date":"1840","crew_serial_number":"6161","crew_profession_type":"Marinaio","crew_profession_wage":"Italian Lira","crew_profession_value":"60","crew_profession_months":"9","crew_profession_days":"07","crew_profession_pension_funds":"10,16"},"7":{"embarkation_port":"Genova","embarkation_date":"1861-02-16","discharge_port":"Livorno","discharge_date":"1861-11-22","crew_surname":"Campodonico","crew_name":"Bartolomeo","crew_birth_location":"Zoagli","crew_birth_date":"1840","crew_serial_number":"6059","crew_profession_type":"Marinaio","crew_profession_wage":"Italian Lira","crew_profession_value":"60","crew_profession_months":"9","crew_profession_days":"07","crew_profession_pension_funds":"10,16"},"8":{"embarkation_port":"Genova","embarkation_date":"1861-02-16","discharge_port":"Livorno","discharge_date":"1861-11-22","crew_surname":"Olivari","crew_name":"Silvestro","crew_birth_location":"Camogli","crew_birth_date":"1836","crew_serial_number":"10999","crew_profession_type":"Marinaio","crew_profession_wage":"Italian Lira","crew_profession_value":"60","crew_profession_months":"9","crew_profession_days":"07","crew_profession_pension_funds":"10,16"},"9":{"embarkation_port":"Genova","embarkation_date":"1861-02-16","discharge_port":"Livorno","discharge_date":"1861-11-22","crew_surname":"Passalacqua","crew_name":"Gio Batta","crew_birth_location":"Camogli","crew_birth_date":"1841","crew_serial_number":"12385","crew_profession_type":"Marinaio","crew_profession_wage":"Italian Lira","crew_profession_value":"60","crew_profession_months":"9","crew_profession_days":"07","crew_profession_pension_funds":"10,16"},"10":{"embarkation_port":"Genova","embarkation_date":"1861-02-16","discharge_port":"Livorno","discharge_date":"1861-11-22","crew_surname":"Passalacqua","crew_name":"Angelo","crew_birth_location":"Camogli","crew_birth_date":"1846","crew_serial_number":"17156","crew_profession_type":"Mozzo","crew_profession_wage":"Italian Lira","crew_profession_value":"10","crew_profession_months":"9","crew_profession_days":"07","crew_profession_pension_funds":"7,34"},"11":{"embarkation_port":"Genova","embarkation_date":"1861-02-16","discharge_port":"Livorno","discharge_date":"1861-11-22","crew_surname":"Costa","crew_name":"Domenico","crew_birth_location":"Camogli","crew_birth_date":"1845","crew_serial_number":"15446","crew_profession_type":"Mozzo","crew_profession_wage":"Italian Lira","crew_profession_value":"25","crew_profession_months":"9","crew_profession_days":"07","crew_profession_pension_funds":"7,34"},"12":{},"13":{},"14":{}},"route":{"0":{"departure_port":"Costantinopoli","departure_date":"1861-03-14"},"1":{"departure_port":"Sulina","departure_date":"1861-03-21"},"2":{"departure_port":"Sulina","departure_date":"1861-05-18"},"3":{"departure_port":"Costantinopoli","departure_date":"1861-05-22"},"4":{"departure_port":"Malta","departure_date":"1861-06-06"},"5":{"departure_port":"Gloucester","departure_date":"1861-08-13"},"6":{"departure_port":"Cardiff","departure_date":"1861-08-22"},"7":{"departure_port":"Alessandria","departure_date":"1861-10-26"},"8":{},"9":{},"10":{},"11":{},"12":{},"13":{},"14":{}}}}]}