﻿{"docs": [{"_id":"2018-02-28T15:44:05.211Z_9","template":"Crew List_IT","status":"Public","data":{"record_information":{"catalogue_id":"9","date_from":"2018-02-28","date_until":"2020-09-22T20:56:53","name":"Carolina","surname":"Gaggero","role_in_project":""},"source_identity":{"archive_library":"Archivio di Stato di Genova","archive_library_location":"Genova","register_number":"14","number_of_document":"6712","date_of_document":"1860-12-17","date_of_document_to":"","issuing_authority":"Direzione marittima di Genova","issuing_authority_location":"Genova","source_type_name":"","fond_number":"","fond_title":"","fond_series_number":"","file_number":"","file_tile":"","note":"","comment":""},"ship_records":{"ship_name":"S. GioBattista","ship_type":"Brigantino","ship_tonnage":"177,64","construction_location":"Varazze","construction_location_date":"1843","ammunition_type":"","ammunition_quantity_value":"","ammunition_quantity_unit":"","registry_port":"Genova","registry_number":"820","organization_name":"","owner_name":"Grimaldo Giobatta","owner_surname":"Ansaldo","owner_fathers_name":"","note":"","comment":""},"ports_of_call":{"date_from":"1860-12-17","date_to":"1860-05-28","total_duration_months":"5","total_duration_years":"12","first_planned_destinations":"Messina","total_crew_number":"10","note":"","comment":""},"crew_list":{"0":{"embarkation_port":"Genova","embarkation_date":"1860-12-17","discharge_port":"Genova","discharge_date":"1861-05-28","crew_surname":"Ansaldo","crew_name":"Geronimo","crew_birth_location":"Camogli","crew_birth_date":"1804","crew_serial_number":"204","crew_profession_type":"Capitano di seconda classe","crew_profession_wage":"Share","crew_profession_value":"2","crew_profession_months":"5","crew_profession_days":"12","crew_profession_pension_funds":"18,90"},"1":{"embarkation_port":"Genova","embarkation_date":"1860-12-17","discharge_port":"Genova","discharge_date":"1861-05-28","crew_surname":"Pastorino","crew_name":"Francesco","crew_birth_location":"Camogli","crew_birth_date":"1836","crew_serial_number":"10391","crew_profession_type":"Secondo","crew_profession_wage":"Share","crew_profession_value":"1,5","crew_profession_months":"5","crew_profession_days":"12","crew_profession_pension_funds":"8,10"},"2":{"embarkation_port":"Genova","embarkation_date":"1860-12-17","discharge_port":"Genova","discharge_date":"1861-05-28","crew_surname":"Solimano","crew_name":"Antonio","crew_birth_location":"Santa Margherita","crew_birth_date":"1841","crew_serial_number":"7128","crew_profession_type":"Marinaio","crew_profession_wage":"Share","crew_profession_value":"1","crew_profession_months":"5","crew_profession_days":"12","crew_profession_pension_funds":"5,94"},"3":{"embarkation_port":"Genova","embarkation_date":"1860-12-17","discharge_port":"Genova","discharge_date":"1861-05-28","crew_surname":"Reizano","crew_name":"Giobatta Andrea","crew_birth_location":"Zoagli","crew_birth_date":"1842","crew_serial_number":"6995","crew_profession_type":"Marinaio","crew_profession_wage":"Share","crew_profession_value":"1","crew_profession_months":"5","crew_profession_days":"12","crew_profession_pension_funds":"5,94"},"4":{"embarkation_port":"Genova","embarkation_date":"1860-12-17","discharge_port":"Genova","discharge_date":"1861-05-28","crew_surname":"Canale","crew_name":"Giuseppe","crew_birth_location":"Zoagli","crew_birth_date":"1842","crew_serial_number":"7366","crew_profession_type":"Marinaio","crew_profession_wage":"Share","crew_profession_value":"1","crew_profession_months":"5","crew_profession_days":"12","crew_profession_pension_funds":"5,94"},"5":{"embarkation_port":"Genova","embarkation_date":"1860-12-17","discharge_port":"Genova","discharge_date":"1861-05-28","crew_surname":"Serra","crew_name":"Nicolò","crew_birth_location":"Zoagli","crew_birth_date":"1840","crew_serial_number":"6698","crew_profession_type":"Marinaio","crew_profession_wage":"Share","crew_profession_value":"1","crew_profession_months":"5","crew_profession_days":"12","crew_profession_pension_funds":"5,94"},"6":{"embarkation_port":"Genova","embarkation_date":"1860-12-17","discharge_port":"Genova","discharge_date":"1861-05-28","crew_surname":"Spigno","crew_name":"Marco","crew_birth_location":"Sturla","crew_birth_date":"1841","crew_serial_number":"12726","crew_profession_type":"Marinaio","crew_profession_wage":"Share","crew_profession_value":"3/4","crew_profession_months":"5","crew_profession_days":"12","crew_profession_pension_funds":"5,94"},"7":{"embarkation_port":"Genova","embarkation_date":"1860-12-17","discharge_port":"Genova","discharge_date":"1861-05-28","crew_surname":"Oneto","crew_name":"Gaetano","crew_birth_location":"Camogli","crew_birth_date":"1845","crew_serial_number":"14063","crew_profession_type":"Mozzo","crew_profession_wage":"Share","crew_profession_value":"1/2","crew_profession_months":"5","crew_profession_days":"12","crew_profession_pension_funds":"4,32"},"8":{"embarkation_port":"Genova","embarkation_date":"1860-12-17","discharge_port":"Genova","discharge_date":"1861-05-28","crew_surname":"Ansaldo","crew_name":"Prospero","crew_birth_location":"Camogli","crew_birth_date":"1851","crew_profession_type":"Mozzo","crew_profession_wage":"Share","crew_profession_value":"1/4","crew_profession_months":"5","crew_profession_days":"12","crew_profession_pension_funds":"4,32"},"9":{"embarkation_port":"Genova","embarkation_date":"1860-12-17","discharge_port":"Genova","discharge_date":"1861-05-28","crew_surname":"Barbagelata","crew_name":"Giacomo","crew_birth_location":"Nosarego","crew_birth_date":"1833","crew_serial_number":"4966","crew_profession_type":"Marinaio","crew_profession_wage":"Share","crew_profession_value":"1","crew_profession_months":"5","crew_profession_days":"12","crew_profession_pension_funds":"4,32"},"10":{},"11":{},"12":{},"13":{},"14":{}},"route":{"0":{"departure_port":"Genova","departure_date":"1860-12-17"},"1":{"departure_port":"Viareggio","departure_date":"1860-12-26"},"2":{"departure_port":"Messina","departure_date":"1861-02-05"},"3":{"departure_port":"Costantinopoli","departure_date":"1861-03-10"},"4":{"departure_port":"Kertch","departure_date":"1861-04-05"},"5":{"departure_port":"Berdyansk","departure_date":"1861-04-11"},"6":{"departure_port":"Costantinopoli","departure_date":"1861-04-26"},"7":{"departure_port":"Messina","departure_date":"1861-05-14"},"8":{"arrival_port":"Genova","arrival_date":"1860-05-28"},"9":{},"10":{},"11":{},"12":{},"13":{},"14":{}}}}]}