﻿{"docs": [{"_id":"2018-03-06T16:22:46.010Z_6","template":"Crew List_IT","status":"Public","data":{"record_information":{"catalogue_id":"6","date_from":"2018-03-06","date_until":"2019-08-29T11:56:45","name":"Beatrice","surname":"Corradi","role_in_project":""},"source_identity":{"archive_library":"Archivio di stato","archive_library_location":"Genova","register_number":"14","number_of_document":"6155","date_of_document":"1861-01-18","issuing_authority":"Direzione marittima","issuing_authority_location":"Genova","note":"","comment":""},"ship_records":{"ship_name":"Il prosperoso","ship_type":"brigantino","ship_tonnage":"180","construction_location":"Recco","construction_location_date":"1847","ammunition_type":"","ammunition_quantity_value":"","ammunition_quantity_unit":"","registry_port":"Genova","registry_number":"1090","owner_name":"Prospero","owner_surname":"Schiaffino","owner_fathers_name":"Giacomo","note":"","comment":""},"ports_of_call":{"date_from":"1861-01-18","date_to":"1861-09-25","total_duration_months":"8","total_duration_years":"8","first_planned_destinations":"Danubio","total_crew_number":"dieci","note":"","comment":""},"crew_list":{"0":{"embarkation_port":"Genova","embarkation_date":"1861-01-18","discharge_port":"Genova","discharge_date":"1861-09-25","crew_surname":"Schiaffino","crew_name":"Antonio","crew_birth_location":"Camogli","crew_birth_date":"1825","crew_serial_number":"1100","crew_profession_type":"Capitano di Seconda classe","crew_profession_months":"8","crew_profession_days":"8","crew_profession_pension_funds":"28,85"},"1":{"embarkation_port":"Genova","embarkation_date":"1861-01-18","discharge_port":"Genova","discharge_date":"1861-09-25","crew_surname":"Schiaffino","crew_name":"Giobatta","crew_birth_location":"Recco","crew_birth_date":"1840","crew_serial_number":"10342","crew_profession_type":"Secondo","crew_profession_wage":"Italian Lira","crew_profession_value":"90","crew_profession_months":"8","crew_profession_days":"8","crew_profession_pension_funds":"12,40"},"2":{"embarkation_port":"Genova","embarkation_date":"1861-01-18","discharge_port":"Malta","discharge_date":"1861-05-04","crew_surname":"Lavarello","crew_name":"Fortunato","crew_birth_location":"Camogli","crew_birth_date":"1839","crew_serial_number":"11199","crew_profession_type":"Dispensiere","crew_profession_wage":"Italian Lira","crew_profession_value":"68","crew_profession_months":"3","crew_profession_days":"17","crew_profession_pension_funds":"3,92"},"3":{"embarkation_port":"Genova","embarkation_date":"1861-01-18","discharge_port":"Malta","discharge_date":"1861-05-04","crew_surname":"Schiapelli","crew_name":"Luigi","crew_birth_location":"Camogli","crew_birth_date":"1840","crew_serial_number":"12447","crew_profession_type":"Marinaio","crew_profession_wage":"Italian Lira","crew_profession_value":"60","crew_profession_months":"3","crew_profession_days":"17","crew_profession_pension_funds":"3,92"},"4":{"embarkation_port":"Genova","embarkation_date":"1861-01-18","discharge_port":"Malta","discharge_date":"1861-05-04","crew_surname":"Zenoglia","crew_name":"Pietro","crew_birth_location":"Maddalena","crew_birth_date":"1829","crew_serial_number":"302","crew_profession_type":"Marinaio","crew_profession_wage":"Italian Lira","crew_profession_value":"60","crew_profession_months":"3","crew_profession_days":"17","crew_profession_pension_funds":"3,92"},"5":{"embarkation_port":"Genova","embarkation_date":"1861-01-18","discharge_port":"Malta","discharge_date":"1861-05-04","crew_surname":"Bisso","crew_name":"Emanuele","crew_birth_location":"Recco","crew_birth_date":"1843","crew_serial_number":"16165","crew_profession_type":"Marinaio","crew_profession_wage":"Italian Lira","crew_profession_value":"60","crew_profession_months":"3","crew_profession_days":"17","crew_profession_pension_funds":"2,85"},"6":{"embarkation_port":"Genova","embarkation_date":"1861-01-18","discharge_port":"Malta","discharge_date":"1861-05-04","crew_surname":"Miliani","crew_name":"Vincenzo","crew_birth_location":"Isola del Giglio","crew_birth_date":"1843","crew_profession_type":"Marinaio","crew_profession_wage":"Italian Lira","crew_profession_value":"60","crew_profession_months":"3","crew_profession_days":"17","crew_profession_pension_funds":"3,92"},"7":{"embarkation_port":"Genova","embarkation_date":"1861-01-18","discharge_port":"Malta","discharge_date":"1861-05-04","crew_surname":"Maggiolo","crew_name":"Giacomo","crew_birth_location":"Camogli","crew_birth_date":"1843","crew_serial_number":"12171","crew_profession_type":"Giovanotto","crew_profession_wage":"Italian Lira","crew_profession_value":"30","crew_profession_months":"3","crew_profession_days":"17","crew_profession_pension_funds":"2,85"},"8":{"embarkation_port":"Genova","embarkation_date":"1861-01-18","discharge_port":"Malta","discharge_date":"1861-05-04","crew_surname":"Schiapelli","crew_name":"Franco","crew_birth_location":"Camogli","crew_birth_date":"1845","crew_serial_number":"17049","crew_profession_type":"Mozzo","crew_profession_wage":"Italian Lira","crew_profession_value":"15","crew_profession_months":"3","crew_profession_days":"17","crew_profession_pension_funds":"2,85"},"9":{"embarkation_port":"Genova","embarkation_date":"1861-01-18","discharge_port":"Malta","discharge_date":"1861-05-04","crew_surname":"Lavarello","crew_name":"Girolamo","crew_birth_location":"Camogli","crew_birth_date":"1848","crew_serial_number":"17050","crew_profession_type":"Mozzo","crew_profession_wage":"Italian Lira","crew_profession_value":"15","crew_profession_months":"3","crew_profession_days":"17","crew_profession_pension_funds":"2,85"},"10":{"embarkation_port":"Malta","embarkation_date":"1861-05-04","discharge_port":"Cardiff","discharge_date":"1861-07-26","crew_surname":"Renzi","crew_name":"Angelo","crew_birth_location":"[?]","crew_birth_date":"1811","crew_profession_type":"Dispensiere","crew_profession_wage":"Share","crew_profession_value":"60%","crew_profession_months":"2","crew_profession_days":"21","crew_profession_pension_funds":"2,97"},"11":{"embarkation_port":"Malta","embarkation_date":"1861-05-04","discharge_port":"Cardiff","discharge_date":"1861-07-29","crew_surname":"Pavesich","crew_name":"Luca","crew_birth_location":"[?]","crew_birth_date":"1841","crew_profession_type":"Marinaio","crew_profession_wage":"Share","crew_profession_value":"52%","crew_profession_months":"2","crew_profession_days":"24","crew_profession_pension_funds":"3,08"},"12":{"embarkation_port":"Malta","embarkation_date":"1861-05-04","discharge_port":"Cardiff","discharge_date":"1861-07-29","crew_surname":"Jurovich","crew_name":"Stefano","crew_birth_location":"[?]","crew_birth_date":"1828","crew_profession_type":"Marinaio","crew_profession_wage":"Share","crew_profession_value":"52%","crew_profession_months":"2","crew_profession_days":"24","crew_profession_pension_funds":"3,08"},"13":{"embarkation_port":"Malta","embarkation_date":"1861-05-04","discharge_port":"Cardiff","discharge_date":"1861-07-26","crew_surname":"Iaspiza","crew_name":"Nicolò","crew_birth_location":"[?]","crew_birth_date":"1834","crew_profession_type":"Marinaio","crew_profession_wage":"Share","crew_profession_value":"52%","crew_profession_months":"2","crew_profession_days":"21","crew_profession_pension_funds":"2,97"},"14":{"embarkation_port":"Malta","embarkation_date":"1861-05-04","discharge_port":"Cardiff","discharge_date":"1861-08-24","crew_surname":"Colomer","crew_name":"Franco","crew_birth_location":"Malaga","crew_birth_date":"1835","crew_profession_type":"Marinaio","crew_profession_wage":"Share","crew_profession_value":"52%","crew_profession_months":"3","crew_profession_days":"19","crew_profession_pension_funds":"4,00"},"15":{"embarkation_port":"Malta","embarkation_date":"1861-05-04","discharge_port":"Cardiff","discharge_date":"1861-08-24","crew_surname":"Marroli","crew_name":"Costantino","crew_birth_location":"Samos","crew_birth_date":"1842","crew_profession_type":"Giovanotto","crew_profession_wage":"Italian Lira","crew_profession_value":"35","crew_profession_months":"3","crew_profession_days":"19","crew_profession_pension_funds":"4,00"},"16":{"embarkation_port":"Malta","embarkation_date":"1861-05-04","discharge_port":"Genova","discharge_date":"1861-09-25","crew_surname":"Morchio","crew_name":"Francesco","crew_birth_location":"Cervo","crew_birth_date":"1841","crew_serial_number":"8402","crew_profession_type":"Giovanotto","crew_profession_wage":"Italian Lira","crew_profession_value":"30","crew_profession_months":"4","crew_profession_days":"20","crew_profession_pension_funds":"5,13"},"17":{"embarkation_port":"Malta","embarkation_date":"1861-05-07","discharge_port":"Cardiff","discharge_date":"1861-07-29","crew_surname":"Steffich","crew_name":"Giovanni","crew_birth_date":"1841","crew_profession_type":"Giovanotto","crew_profession_wage":"Italian Lira","crew_profession_value":"40","crew_profession_months":"2","crew_profession_days":"29","crew_profession_pension_funds":"3,04","note":"Croato"},"18":{"embarkation_port":"Cardiff","embarkation_date":"1861-07-26","discharge_port":"Genova","discharge_date":"1861-09-25","crew_surname":"Guastavino","crew_name":"Davide Gaetano Lorenzo","crew_birth_location":"Nervi","crew_birth_date":"1840","crew_serial_number":"11996","crew_profession_type":"Marinaio","crew_profession_wage":"Italian Lira","crew_profession_value":"52","crew_profession_months":"2","crew_profession_pension_funds":"2,20"},"19":{"embarkation_port":"Cardiff","embarkation_date":"1861-07-26","discharge_port":"Genova","discharge_date":"1861-09-25","crew_surname":"Corbellino","crew_name":"Giuseppe Angelo","crew_birth_location":"Camogli","crew_birth_date":"1832","crew_profession_type":"Dispensiere","crew_profession_wage":"Italian Lira","crew_profession_value":"60","crew_profession_months":"2","crew_profession_pension_funds":"2,20"},"20":{"embarkation_port":"Cardiff","embarkation_date":"1861-07-29","discharge_port":"Genova","discharge_date":"1861-09-25","crew_surname":"Fenice","crew_name":"Francesco","crew_birth_location":"Sarzana","crew_birth_date":"1826","crew_serial_number":"3067","crew_profession_type":"Marinaio","crew_profession_wage":"Italian Lira","crew_profession_value":"52","crew_profession_months":"1","crew_profession_days":"27","crew_profession_pension_funds":"2,09"},"21":{"embarkation_port":"Cardiff","embarkation_date":"1861-07-29","discharge_port":"Cardiff","discharge_date":"1861-08-24","crew_surname":"Guacciardi","crew_name":"Salvatore","crew_birth_location":"Pantelleria","crew_birth_date":"1830","crew_profession_type":"Marinaio","crew_profession_wage":"Italian Lira","crew_profession_value":"52","crew_profession_days":"26","crew_profession_pension_funds":"0,95"},"22":{"embarkation_port":"Cardiff","embarkation_date":"1861-08-24","discharge_port":"Genova","discharge_date":"1861-09-25","crew_surname":"Esposito","crew_name":"Francesco","crew_birth_location":"Sorrento","crew_birth_date":"1831","crew_profession_type":"Marinaio","crew_profession_wage":"Italian Lira","crew_profession_value":"60","crew_profession_months":"1","crew_profession_days":"2","crew_profession_pension_funds":"1,17"},"23":{"embarkation_port":"Cardiff","embarkation_date":"1861-08-24","discharge_port":"Genova","discharge_date":"1861-09-25","crew_surname":"Vatalano","crew_name":"Giovanni","crew_birth_location":"Sicilia","crew_profession_type":"Marinaio","crew_profession_wage":"Italian Lira","crew_profession_value":"40","crew_profession_months":"1","crew_profession_days":"2","crew_profession_pension_funds":"1,17"},"24":{},"25":{},"26":{},"27":{},"28":{}},"route":{"0":{"departure_port":"Milo","departure_date":"1861-02-17"},"1":{"departure_port":"Costantinopoli","departure_date":"1861-03-11"},"2":{"departure_port":"Galatz","departure_date":"1861-04-09"},"3":{"departure_port":"Sulina","departure_date":"1861-04-11"},"4":{"departure_port":"Costantinopoli","departure_date":"1861-04-16"},"5":{"departure_port":"Malta","departure_date":"1861-05-06"},"6":{"departure_port":"Gloucester","departure_date":"1861-07-18"},"7":{"departure_port":"Cardiff","departure_date":"1861-08-24"},"8":{},"9":{},"10":{},"11":{},"12":{},"13":{},"14":{}}}}]}