﻿{"docs": [{"_id":"2018-12-12T10:04:33.274Z_2","template":"Crew List_IT","status":"Public","data":{"record_information":{"catalogue_id":"2","date_from":"2018-12-12","date_until":"2020-07-16T13:37:50","name":"Massimo","surname":"Ponasso","role_in_project":""},"source_identity":{"archive_library":"Archivio di Stato di Genova","archive_library_location":"Genova","register_number":"13","number_of_document":"4019","date_of_document":"1853-07-06","date_of_document_to":"","issuing_authority":"Direzione Marittima di Genova","issuing_authority_location":"Genova","source_type_name":"","fond_number":"","fond_title":"","fond_series_number":"","file_number":"","file_tile":"","note":"","comment":""},"ship_records":{"ship_name":"Chiarina","ship_type":"Brigantino","ship_tonnage":"136,36","construction_location":"Varazze","construction_location_date":"1849","ammunition_type":"","ammunition_quantity_value":"","ammunition_quantity_unit":"","registry_port":"Genova","registry_number":"1249","organization_name":"","owner_name":"Giuseppe\nGiovanni Antonio","owner_surname":"Denegri\nRepetto","owner_fathers_name":" \n ","note":"","comment":""},"ports_of_call":{"date_from":"1853-07-06","date_to":"1854-04-15","total_duration_months":"9","total_duration_years":"10","first_planned_destinations":"","total_crew_number":"9","note":"","comment":""},"crew_list":{"0":{"embarkation_port":"Genova","embarkation_date":"1853-07-06","discharge_port":"Genova","discharge_date":"1854-04-15","crew_surname":"Repetto","crew_name":"Giovanni Antonio","crew_birth_location":"Camogli","crew_birth_date":"1819","crew_serial_number":"5114","crew_profession_type":"Capitano di Seconda Classe","crew_profession_months":"9","crew_profession_days":"10","crew_profession_pension_funds":"32,66"},"1":{"embarkation_port":"Genova","embarkation_date":"1853-07-06","discharge_port":"Genova","discharge_date":"1854-04-15","crew_surname":"Chiesa","crew_name":"Nicolò","crew_birth_location":"Camogli","crew_birth_date":"1829","crew_serial_number":"685","crew_profession_type":"Secondo\n ","crew_profession_wage":"Italian Lira\nItalian Lira","crew_profession_value":"60\n110","crew_profession_months":"9\n ","crew_profession_days":"10\n ","crew_profession_pension_funds":"14\n ","note":"L`aumento di salario è a partire dal 10 novembre 1853"},"2":{"embarkation_port":"Genova","embarkation_date":"1853-07-06","discharge_port":"Genova","discharge_date":"1854-04-15","crew_surname":"Oneto","crew_name":"Davide","crew_birth_location":"Camogli","crew_birth_date":"1835","crew_serial_number":"8185","crew_profession_type":"Nostromo\n ","crew_profession_wage":"Italian Lira\nItalian Lira","crew_profession_value":"60\n110","crew_profession_months":"9\n ","crew_profession_days":"10\n ","crew_profession_pension_funds":"14\n ","note":"L`aumento si salario è a partire dal 10 novembre 1853"},"3":{"embarkation_port":"Genova","embarkation_date":"1853-07-06","discharge_port":"Marsiglia","discharge_date":"1853-10-31","crew_surname":"Antola","crew_name":"Angelo","crew_birth_location":"Recco","crew_birth_date":"1801","crew_serial_number":"3949","crew_profession_type":"Dispensiere","crew_profession_wage":"Italian Lira","crew_profession_value":"50","crew_profession_months":"3","crew_profession_days":"26","crew_profession_pension_funds":"4,25"},"4":{"embarkation_port":"Genova","embarkation_date":"1853-07-06","discharge_port":"Marsiglia","discharge_date":"1853-10-31","crew_surname":"Olivari","crew_name":"Antonio","crew_birth_location":"Camogli","crew_birth_date":"1833","crew_serial_number":"8337","crew_profession_type":"Marinaio","crew_profession_wage":"Italian Lira","crew_profession_value":"44","crew_profession_months":"3","crew_profession_days":"26","crew_profession_pension_funds":"4,25"},"5":{"embarkation_port":"Genova","embarkation_date":"1853-07-06","discharge_port":"Marsiglia","discharge_date":"1853-10-31","crew_surname":"Chiesa","crew_name":"Bartolomeo","crew_birth_location":"Camogli","crew_birth_date":"1833","crew_serial_number":"9266","crew_profession_type":"Marinaio","crew_profession_wage":"Italian Lira","crew_profession_value":"44","crew_profession_months":"3","crew_profession_days":"26","crew_profession_pension_funds":"4,25"},"6":{"embarkation_port":"Genova","embarkation_date":"1853-07-06","discharge_port":"Marsiglia","discharge_date":"1853-10-31","crew_surname":"Antola","crew_name":"Carlo","crew_birth_location":"Recco","crew_birth_date":"1808","crew_serial_number":"2683","crew_profession_type":"Marinaio","crew_profession_wage":"Italian Lira","crew_profession_value":"44","crew_profession_months":"3","crew_profession_days":"26","crew_profession_pension_funds":"4,25"},"7":{"embarkation_port":"Genova","embarkation_date":"1853-07-06","discharge_port":"Genova","discharge_date":"1854-04-15","crew_surname":"Massone","crew_name":"Gio. Batta","crew_birth_location":"Alassio","crew_birth_date":"1836","crew_serial_number":"2111","crew_profession_type":"Mozzo\n","crew_profession_wage":"Italian Lira\nItalian Lira","crew_profession_value":"22\n45","crew_profession_months":"9\n","crew_profession_days":"10\n","crew_profession_pension_funds":"7,46\n","note":"L`aumento di salario è a partire dal 10 novembre 1853"},"8":{"embarkation_port":"Genova","embarkation_date":"1853-07-06","discharge_port":"Genova","discharge_date":"1854-04-15","crew_surname":"Repetto","crew_name":"Giuseppe","crew_birth_location":"Camogli","crew_birth_date":"1841","crew_serial_number":"10988","crew_profession_type":"Mozzo\n","crew_profession_wage":"Italian Lira\nItalian Lira","crew_profession_value":"13\n27","crew_profession_months":"9\n","crew_profession_days":"10\n","crew_profession_pension_funds":"7,46\n","note":"L`aumento di salario è a partire dal 10 novembre 1853"},"9":{"embarkation_port":"Marsiglia","embarkation_date":"1853-11-07","discharge_port":"Genova","discharge_date":"1854-04-15","crew_surname":"Demarchi","crew_name":"Giacomo","crew_birth_location":"Nervi","crew_birth_date":"1832","crew_serial_number":"9314","crew_profession_type":"Marinaio","crew_profession_wage":"Italian Lira","crew_profession_value":"80","crew_profession_months":"5","crew_profession_days":"9","crew_profession_pension_funds":"10,26"},"10":{"embarkation_port":"Marsiglia","embarkation_date":"1853-11-07","discharge_port":"Genova","discharge_date":"1854-04-15","crew_surname":"Gazzolo","crew_name":"Francesco","crew_birth_location":"Camogli","crew_birth_date":"1824","crew_serial_number":"102","crew_profession_type":"Marinaio\nDispensiere","crew_profession_wage":"Italian Lira\n","crew_profession_value":"90\n","crew_profession_months":"5\n","crew_profession_days":"9\n","crew_profession_pension_funds":"5,83\n"},"11":{"embarkation_port":"Marsiglia","embarkation_date":"1853-11-07","discharge_port":"Genova","discharge_date":"1854-04-15","crew_surname":"Feretto","crew_name":"Nicolò","crew_birth_location":"Quinto","crew_birth_date":"1824","crew_serial_number":"1651","crew_profession_type":"Marinaio","crew_profession_wage":"Italian Lira","crew_profession_value":"80","crew_profession_months":"5","crew_profession_days":"9","crew_profession_pension_funds":"5,83"},"12":{"embarkation_port":"Marsiglia","embarkation_date":"1853-11-07","discharge_port":"Genova","discharge_date":"1854-04-15","crew_surname":"Casareggio","crew_name":"Enrico","crew_birth_location":"Nervi","crew_birth_date":"1836","crew_serial_number":"9256","crew_profession_type":"Marinaio","crew_profession_wage":"Italian Lira","crew_profession_value":"80","crew_profession_months":"5","crew_profession_days":"9","crew_profession_pension_funds":"5,83"},"13":{"embarkation_port":"Marsiglia","embarkation_date":"1853-11-11","discharge_port":"Genova","discharge_date":"1854-04-15","crew_surname":"Carletti","crew_name":"Gio. Batta","crew_birth_location":"Suddito toscano","crew_birth_date":"1826","crew_profession_type":"Marinaio","crew_profession_wage":"Italian Lira","crew_profession_value":"85","crew_profession_months":"5","crew_profession_days":"9","crew_profession_pension_funds":"5,83"},"14":{}},"route":{"0":{"departure_port":"Costantinopoli","departure_date":"1853-08-13"},"1":{"departure_port":"Odessa","departure_date":"1853-08-24"},"2":{"departure_port":"Costantinopoli","departure_date":"1853-09-06","arrival_port":"Villa Franca","arrival_date":"1853-10-07"},"3":{"departure_port":"Villa Franca","departure_date":"1853-10-08","arrival_port":"Marsiglia","arrival_date":"1853-10-11"},"4":{"departure_port":"Marsiglia","departure_date":"1853-11-11"},"5":{"departure_port":"Messina","departure_date":"1853-12-17"},"6":{"departure_port":"Costantinopoli","departure_date":"1854-01-07"},"7":{"departure_port":"Odessa","departure_date":"1854-02-26"},"8":{"departure_port":"Costantinopoli","departure_date":"1854-03-14"},"9":{},"10":{},"11":{},"12":{},"13":{},"14":{}}}}]}