﻿{"docs": [{"_id":"2018-12-18T14:15:50.282Z_16","template":"Crew List_IT","status":"Public","data":{"record_information":{"catalogue_id":"16","date_from":"2018-12-18","date_until":"2019-11-15T15:39:39","name":"Massimo","surname":"Ponasso","role_in_project":""},"source_identity":{"archive_library":"Archivio di Stato di Genova","archive_library_location":"Genova","register_number":"13","number_of_document":"4147","date_of_document":"1853-08-31","issuing_authority":"Direzione Marittima di Genova","issuing_authority_location":"Genova","note":"","comment":""},"ship_records":{"ship_name":"Nostra Signora di Montenero","ship_type":"Bombarda","ship_tonnage":"88,76","construction_location":"Varazze","construction_location_date":"1831","ammunition_type":"","ammunition_quantity_value":"","ammunition_quantity_unit":"","registry_port":"Genova","registry_number":"291","owner_name":"Gaetano","owner_surname":"Lavarello","owner_fathers_name":"Andrea","note":"","comment":""},"ports_of_call":{"date_from":"1853-08-31","date_to":"1854-09-18","total_duration_months":"4","total_duration_years":"04","first_planned_destinations":"Talamone","total_crew_number":"8","note":"","comment":""},"crew_list":{"0":{"embarkation_port":"Genova","embarkation_date":"1853-08-31","discharge_port":"Genova","discharge_date":"1854-09-18","crew_surname":"Lagno","crew_name":"Agostino","crew_birth_location":"Camogli","crew_birth_date":"1793","crew_serial_number":"1017","crew_profession_type":"Capitano di Seconda Classe","crew_profession_wage":"Share","crew_profession_value":"2","crew_profession_months":"4","crew_profession_days":"04","crew_profession_pension_funds":"10,33"},"1":{"embarkation_port":"Genova","embarkation_date":"1853-08-31","discharge_port":"Genova","discharge_date":"1853-10-03","crew_surname":"Pace","crew_name":"Antonio","crew_birth_location":"Camogli","crew_birth_date":"1793","crew_serial_number":"5352","crew_profession_type":"Marinaio","crew_profession_wage":"Share","crew_profession_value":"1","crew_profession_months":"1","crew_profession_days":"04","crew_profession_pension_funds":"1,24"},"2":{"embarkation_port":"Genova","embarkation_date":"1853-08-31","discharge_port":"Genova","discharge_date":"1853-10-03","crew_surname":"Schiaffino","crew_name":"Agostino","crew_birth_location":"Camogli","crew_birth_date":"1795","crew_serial_number":"2856","crew_profession_type":"Marinaio","crew_profession_wage":"Share","crew_profession_value":"1","crew_profession_months":"1","crew_profession_days":"04","crew_profession_pension_funds":"1,24"},"3":{"embarkation_port":"Genova","embarkation_date":"1853-08-31","discharge_port":"Genova","discharge_date":"1853-10-03","crew_surname":"Schiaffino","crew_name":"Fortunato","crew_birth_location":"Camogli","crew_birth_date":"1797","crew_serial_number":"2620","crew_profession_type":"Marinaio","crew_profession_wage":"Share","crew_profession_value":"1","crew_profession_months":"1","crew_profession_days":"04","crew_profession_pension_funds":"1,24"},"4":{"embarkation_port":"Genova","embarkation_date":"1853-08-31","discharge_port":"Genova","discharge_date":"1853-10-03","crew_surname":"Passalacqua","crew_name":"Nicolò","crew_birth_location":"Camogli","crew_birth_date":"1805","crew_serial_number":"2035","crew_profession_type":"Marinaio","crew_profession_wage":"Share","crew_profession_value":"1","crew_profession_months":"1","crew_profession_days":"04","crew_profession_pension_funds":"1,24"},"5":{"embarkation_port":"Genova","embarkation_date":"1853-08-31","discharge_port":"Genova","discharge_date":"1853-10-03","crew_surname":"[Grenna]","crew_name":"Prospero","crew_birth_location":"Camogli","crew_birth_date":"1820","crew_serial_number":"887","crew_profession_type":"Marinaio","crew_profession_wage":"Share","crew_profession_value":"1","crew_profession_months":"1","crew_profession_days":"04","crew_profession_pension_funds":"1,24"},"6":{"embarkation_port":"Genova","embarkation_date":"1853-08-31","discharge_port":"Genova","discharge_date":"1853-10-03","crew_name":"Francesco Antonio","crew_birth_location":"Camogli","crew_birth_date":"1804","crew_serial_number":"5081","crew_profession_type":"Marinaio","crew_profession_wage":"Share","crew_profession_value":"1","crew_profession_months":"1","crew_profession_days":"04","crew_profession_pension_funds":"1,24"},"7":{"embarkation_port":"Genova","embarkation_date":"1853-08-31","discharge_port":"Genova","discharge_date":"1853-10-03","crew_surname":"Lagno","crew_name":"Antonio","crew_birth_location":"Camogli","crew_birth_date":"1841","crew_serial_number":"10570","crew_profession_type":"Mozzo","crew_profession_wage":"Share","crew_profession_value":"0,33","crew_profession_months":"1","crew_profession_days":"04"},"8":{"embarkation_port":"Genova","embarkation_date":"1854-01-18","discharge_port":"Genova","discharge_date":"1854-05-26","crew_surname":"Mortola","crew_name":"Domenico","crew_birth_location":"Camogli","crew_birth_date":"1804","crew_serial_number":"5302","crew_profession_type":"Secondo","crew_profession_wage":"Share","crew_profession_value":"1","crew_profession_months":"2","crew_profession_days":"06"},"9":{"embarkation_port":"Genova","embarkation_date":"1854-01-18","discharge_port":"Genova","discharge_date":"1854-02-14","crew_surname":"Pellerano","crew_name":"Gerolamo","crew_birth_location":"Santa Margherita","crew_birth_date":"1827","crew_serial_number":"110","crew_profession_type":"Marinaio","crew_profession_wage":"Share","crew_profession_value":"1","crew_profession_months":"0","crew_profession_days":"27"},"10":{"embarkation_port":"Genova","embarkation_date":"1854-01-18","discharge_port":"Genova","discharge_date":"1854-02-14","crew_surname":"Campodonico","crew_name":"Antonio Lorenzo","crew_birth_location":"Camogli","crew_birth_date":"1795","crew_serial_number":"184","crew_profession_type":"Marinaio","crew_profession_wage":"Share","crew_profession_value":"1","crew_profession_months":"0","crew_profession_days":"27"},"11":{"embarkation_port":"Genova","embarkation_date":"1854-01-18","discharge_port":"Genova","discharge_date":"1854-02-14","crew_surname":"Olivari","crew_name":"Antonio Pellegro","crew_birth_location":"Camogli","crew_birth_date":"1808","crew_serial_number":"4051","crew_profession_type":"Marinaio","crew_profession_wage":"Share","crew_profession_value":"1","crew_profession_months":"0","crew_profession_days":"27"},"12":{"embarkation_port":"Genova","embarkation_date":"1854-01-18","discharge_port":"Genova","discharge_date":"1854-05-26","crew_surname":"Passalacqua","crew_name":"Bartolomeo","crew_birth_location":"Camogli","crew_birth_date":"1799","crew_serial_number":"1808","crew_profession_type":"Marinaio","crew_profession_wage":"Share","crew_profession_value":"1","crew_profession_months":"2","crew_profession_days":"06"},"13":{"embarkation_port":"Genova","embarkation_date":"1854-01-18","discharge_port":"Genova","discharge_date":"1854-09-18","crew_surname":"Lagno","crew_name":"Antonio","crew_birth_location":"Camogli","crew_birth_date":"1841","crew_serial_number":"10570","crew_profession_type":"Mozzo\n ","crew_profession_wage":"Share\nItalian Lira","crew_profession_value":"0,33\n19,24","crew_profession_months":"3\n ","crew_profession_days":"00\n ","crew_profession_pension_funds":" \n ","note":"dal 25-08-1854 al 18-09-1854 gli viene riconosciuta una paga di Lire 19,24"},"14":{"embarkation_port":"Genova","embarkation_date":"1854-01-18","discharge_port":"Genova","discharge_date":"1854-05-26","crew_surname":"Passalacqua","crew_name":"Emanuele","crew_birth_location":"Camogli","crew_birth_date":"1840","crew_serial_number":"10746","crew_profession_type":"Mozzo","crew_profession_wage":"Share","crew_profession_value":"0,33","crew_profession_months":"2","crew_profession_days":"06"},"15":{"embarkation_port":"Genova","embarkation_date":"1854-04-18","discharge_port":"Genova","discharge_date":"1854-05-26","crew_surname":"Maggiolo","crew_name":"Pasquale","crew_birth_location":"Rapallo","crew_birth_date":"1817","crew_serial_number":"3319","crew_profession_type":"Marinaio","crew_profession_wage":"Share","crew_profession_value":"1","crew_profession_months":"1","crew_profession_days":"09"},"16":{"embarkation_port":"Genova","embarkation_date":"1854-04-18","discharge_port":"Genova","discharge_date":"1854-05-26","crew_surname":"Maggiolo","crew_name":"Bartolomeo","crew_birth_location":"Camogli","crew_birth_date":"1817","crew_serial_number":"3149","crew_profession_type":"Marinaio","crew_profession_wage":"Share","crew_profession_value":"1","crew_profession_months":"1","crew_profession_days":"09"},"17":{"embarkation_port":"Genova","embarkation_date":"1854-04-18","discharge_port":"Genova","discharge_date":"1854-05-26","crew_surname":"Olivari","crew_name":"Giuseppe","crew_birth_location":"Camogli","crew_birth_date":"1836","crew_serial_number":"9422","crew_profession_type":"Marinaio","crew_profession_wage":"Share","crew_profession_value":"1","crew_profession_months":"1","crew_profession_days":"09","crew_profession_pension_funds":"1,43"},"18":{"embarkation_port":"Genova","embarkation_date":"1854-08-25","discharge_port":"Genova","discharge_date":"1854-09-18","crew_surname":"Olivari","crew_name":"Biagio","crew_birth_location":"Camogli","crew_birth_date":"1825","crew_serial_number":"2020","crew_profession_type":"Marinaio","crew_profession_wage":"Italian Lira","crew_profession_value":"38,48","crew_profession_months":"0","crew_profession_days":"24","crew_profession_pension_funds":"0,88"},"19":{"embarkation_port":"Genova","embarkation_date":"1854-08-25","discharge_port":"Genova","discharge_date":"1854-09-18","crew_surname":"Magnasco","crew_name":"Filippo","crew_birth_location":"Camogli","crew_birth_date":"1807","crew_serial_number":"94","crew_profession_type":"Marinaio","crew_profession_wage":"Italian Lira","crew_profession_value":"38,48","crew_profession_months":"0","crew_profession_days":"24","crew_profession_pension_funds":"0,88"},"20":{"embarkation_port":"Genova","embarkation_date":"1854-08-25","discharge_port":"Genova","discharge_date":"1854-09-18","crew_surname":"Antola","crew_name":"Gaetano","crew_birth_location":"Camogli","crew_birth_date":"1827","crew_serial_number":"1271","crew_profession_type":"Marinaio","crew_profession_wage":"Italian Lira","crew_profession_value":"38,48","crew_profession_months":"0","crew_profession_days":"24","crew_profession_pension_funds":"0,88"},"21":{"embarkation_port":"Genova","embarkation_date":"1854-08-25","discharge_port":"Genova","discharge_date":"1854-09-18","crew_surname":"Simonetti","crew_name":"Emanuele","crew_birth_location":"Camogli","crew_birth_date":"1826","crew_serial_number":"1973","crew_profession_type":"Marinaio","crew_profession_wage":"Italian Lira","crew_profession_value":"38,48","crew_profession_months":"0","crew_profession_days":"24","crew_profession_pension_funds":"0,88"},"22":{"embarkation_port":"Genova","embarkation_date":"1854-08-25","discharge_port":"Genova","discharge_date":"1854-09-18","crew_surname":"Molfino","crew_name":"Gaetano","crew_birth_location":"Camogli","crew_birth_date":"1823","crew_serial_number":"4715","crew_profession_type":"Marinaio","crew_profession_wage":"Italian Lira","crew_profession_value":"38,48","crew_profession_months":"0","crew_profession_days":"24","crew_profession_pension_funds":"0,88"},"23":{},"24":{},"25":{}},"route":{"0":{"departure_port":"Porto Ferraio","departure_date":"1853-09-26"},"1":{"departure_port":"Genova","departure_date":"1854-01-18"},"2":{"departure_port":"Talamone","departure_date":"1854-01-28"},"3":{"departure_port":"Livorno","departure_date":"1854-02-09"},"4":{"departure_port":"Genova","departure_date":"1854-04-07"},"5":{"departure_port":"Camogli","departure_date":"1854-04-18"},"6":{"departure_port":"Portofino","departure_date":"1854-04-22"},"7":{"departure_port":"Livorno","departure_date":"1854-05-02"},"8":{"departure_port":"Talamone","departure_date":"1854-05-06"},"9":{"departure_port":"Genova","departure_date":"1854-07-27"},"10":{"departure_port":"Camogli","departure_date":"1854-08-25"},"11":{"departure_port":"Livorno","departure_date":"1854-08-31"},"12":{"departure_port":"Talamone","departure_date":"1854-09-10"},"13":{"departure_port":"Portofino","departure_date":"1854-09-16"},"14":{}}}}]}