﻿{"docs": [{"_id":"2018-02-28T15:33:07.298Z_3","template":"Crew List_IT","status":"Public","data":{"record_information":{"catalogue_id":"3","date_from":"2018-02-28","date_until":"2020-09-22T16:08:39","name":"Beatrice","surname":"Corradi","role_in_project":""},"source_identity":{"archive_library":"Archivio di stato","archive_library_location":"Genova","register_number":"14","number_of_document":"6150","date_of_document":"1861-01-16","date_of_document_to":"","issuing_authority":"Direzione marittima","issuing_authority_location":"Genova","source_type_name":"","fond_number":"","fond_title":"","fond_series_number":"","file_number":"","file_tile":"","note":"","comment":""},"ship_records":{"ship_name":"Mentore","ship_type":"brigantino","ship_tonnage":"274","construction_location":"Varazze","construction_location_date":"1852","ammunition_type":"","ammunition_quantity_value":"","ammunition_quantity_unit":"","registry_port":"Genova","registry_number":"1525","organization_name":"","owner_name":"","owner_surname":"Mortola","owner_fathers_name":"Giobatta","note":"","comment":""},"ports_of_call":{"date_from":"1861-01-16","date_to":"1861-11-18","total_duration_months":"10","total_duration_years":"3","first_planned_destinations":"Salonicco","total_crew_number":"13","note":"","comment":""},"crew_list":{"0":{"embarkation_port":"Genova","embarkation_date":"1861-01-16","discharge_port":"Genova","discharge_date":"1861-11-18","crew_surname":"Castagnola","crew_name":"Prospero","crew_birth_location":"Camogli","crew_birth_date":"1809","crew_serial_number":"2121","crew_profession_type":"Capitano di Seconda classe","crew_profession_wage":"Italian Lira","crew_profession_value":"100","crew_profession_months":"10","crew_profession_days":"3","crew_profession_pension_funds":"35,35"},"1":{"embarkation_port":"Genova","embarkation_date":"1861-01-16","discharge_port":"Genova","discharge_date":"1861-11-18","crew_surname":"Repetto","crew_name":"Giacomo","crew_birth_location":"Camogli","crew_birth_date":"1832","crew_serial_number":"7124","crew_profession_type":"Secondo","crew_profession_wage":"Italian Lira","crew_profession_value":"70","crew_profession_months":"10","crew_profession_days":"3","crew_profession_pension_funds":"15,15"},"2":{"embarkation_port":"Genova","embarkation_date":"1861-01-16","discharge_port":"Costantinopoli","discharge_date":"1861-07-06","crew_surname":"Schiaffino","crew_name":"Giuseppe","crew_birth_location":"Camogli","crew_birth_date":"1811","crew_serial_number":"5956","crew_profession_type":"Nostromo","crew_profession_wage":"Italian Lira","crew_profession_value":"70","crew_profession_months":"5","crew_profession_days":"21","crew_profession_pension_funds":"8,55"},"3":{"embarkation_port":"Genova","embarkation_date":"1861-01-16","discharge_port":"Marsiglia","discharge_date":"1861-03-10","crew_surname":"Gennaro","crew_name":"Emanuele","crew_birth_location":"Ruta","crew_birth_date":"1819","crew_serial_number":"507","crew_profession_type":"Dispensiere","crew_profession_wage":"Italian Lira","crew_profession_value":"62","crew_profession_months":"2","crew_profession_days":"15","crew_profession_pension_funds":"2,75"},"4":{"embarkation_port":"Genova","embarkation_date":"1861-01-16","discharge_port":"Marsiglia","discharge_date":"1861-03-30","crew_surname":"Bonatti","crew_name":"Giuseppe","crew_birth_location":"Manarola","crew_birth_date":"1830","crew_serial_number":"2332","crew_profession_type":"Marinaio","crew_profession_wage":"Italian Lira","crew_profession_value":"58","crew_profession_months":"2","crew_profession_days":"15","crew_profession_pension_funds":"2,75"},"5":{"embarkation_port":"Genova","embarkation_date":"1861-01-16","discharge_port":"Marsiglia","discharge_date":"1861-03-30","crew_surname":"Marasso","crew_name":"Domenico","crew_birth_location":"Alassio","crew_birth_date":"1840","crew_serial_number":"2124","crew_profession_type":"Marinaio","crew_profession_wage":"Italian Lira","crew_profession_value":"58","crew_profession_months":"2","crew_profession_days":"15","crew_profession_pension_funds":"2,75"},"6":{"embarkation_port":"Genova","embarkation_date":"1861-01-16","discharge_port":"Marsiglia","discharge_date":"1861-03-30","crew_surname":"Maggi","crew_name":"Alessandro","crew_birth_location":"Cadimare","crew_birth_date":"1830","crew_serial_number":"2439","crew_profession_type":"Marinaio","crew_profession_wage":"Italian Lira","crew_profession_value":"58","crew_profession_months":"2","crew_profession_days":"15","crew_profession_pension_funds":"2,75"},"7":{"embarkation_port":"Genova","embarkation_date":"1861-01-16","discharge_port":"Genova","discharge_date":"1861-11-18","crew_surname":"Ciccione","crew_name":"Luigi","crew_birth_location":"Alassio","crew_birth_date":"1839","crew_serial_number":"2278","crew_profession_type":"Marinaio","crew_profession_wage":"Italian Lira","crew_profession_value":"58","crew_profession_months":"10","crew_profession_days":"3","crew_profession_pension_funds":"11,11"},"8":{"embarkation_port":"Genova","embarkation_date":"1861-01-16","discharge_port":"Marsiglia","discharge_date":"1861-03-30","crew_surname":"Bruzzo","crew_name":"Domenico","crew_birth_location":"Diano","crew_birth_date":"1841","crew_serial_number":"2365","crew_profession_type":"Marinaio","crew_profession_wage":"Italian Lira","crew_profession_value":"58","crew_profession_months":"2","crew_profession_days":"15","crew_profession_pension_funds":"2,75"},"9":{"embarkation_port":"Genova","embarkation_date":"1861-01-16","discharge_port":"Genova","discharge_date":"1861-11-18","crew_surname":"Mortola","crew_name":"Lorenzo","crew_birth_location":"Camogli","crew_birth_date":"1842","crew_serial_number":"15160","crew_profession_type":"Marinaio","crew_profession_wage":"Italian Lira","crew_profession_value":"58","crew_profession_months":"10","crew_profession_days":"3","crew_profession_pension_funds":"11,11"},"10":{"embarkation_port":"Genova","embarkation_date":"1861-01-16","discharge_port":"Genova","discharge_date":"1861-11-18","crew_surname":"Aste","crew_name":"Giuseppe","crew_birth_location":"Rapallo","crew_birth_date":"1841","crew_serial_number":"6207","crew_profession_type":"Mozzo","crew_profession_wage":"Italian Lira","crew_profession_value":"30","crew_profession_months":"10","crew_profession_days":"3","crew_profession_pension_funds":"11,11"},"11":{"embarkation_port":"Genova","embarkation_date":"1861-01-16","discharge_port":"Genova","discharge_date":"1861-11-18","crew_surname":"Cassottana","crew_name":"Luigi","crew_birth_location":"Rapallo","crew_birth_date":"1844","crew_serial_number":"7634","crew_profession_type":"Mozzo","crew_profession_wage":"Italian Lira","crew_profession_value":"15","crew_profession_months":"10","crew_profession_days":"3","crew_profession_pension_funds":"8,08"},"12":{"embarkation_port":"Genova","embarkation_date":"1861-01-16","discharge_port":"Genova","discharge_date":"1861-11-18","crew_surname":"Schiaffino","crew_name":"Giacomo","crew_birth_location":"Camogli","crew_birth_date":"1810","crew_serial_number":"16295","crew_profession_type":"Mozzo","crew_profession_wage":"Italian Lira","crew_profession_value":"13","crew_profession_months":"10","crew_profession_days":"3","crew_profession_pension_funds":"8,08"},"13":{"embarkation_port":"Marsiglia","embarkation_date":"1861-04-22","discharge_port":"Genova","discharge_date":"1861-11-18","crew_surname":"Massabo","crew_name":"Giovanni Napoleone","crew_birth_location":"Porto Maurizio","crew_birth_date":"1820","crew_serial_number":"1035","crew_profession_type":"Dispensiere","crew_profession_wage":"Italian Lira","crew_profession_value":"70","crew_profession_months":"6","crew_profession_days":"27","crew_profession_pension_funds":"7,59"},"14":{"embarkation_port":"Marsiglia","embarkation_date":"1861-04-22","discharge_port":"Genova","discharge_date":"1861-11-18","crew_surname":"Vatteone","crew_name":"Giobatta Luigi","crew_birth_location":"Porto Maurizio","crew_birth_date":"1835","crew_serial_number":"1472","crew_profession_type":"Marinaio","crew_profession_wage":"Italian Lira","crew_profession_value":"60","crew_profession_months":"6","crew_profession_days":"27","crew_profession_pension_funds":"7,59"},"15":{"embarkation_port":"Marsiglia","embarkation_date":"1861-04-22","discharge_port":"Genova","discharge_date":"1861-11-18","crew_surname":"Brunelli","crew_name":"Franco","crew_birth_location":"Laigueglia","crew_birth_date":"1840","crew_serial_number":"2588","crew_profession_type":"Marinaio","crew_profession_wage":"Italian Lira","crew_profession_value":"60","crew_profession_months":"6","crew_profession_days":"27","crew_profession_pension_funds":"7,59"},"16":{"embarkation_port":"Marsiglia","embarkation_date":"1861-04-22","discharge_port":"Genova","discharge_date":"1861-11-18","crew_surname":"Vatteone","crew_name":"Antonio Norberto","crew_birth_location":"Porto Maurizio","crew_birth_date":"1841","crew_serial_number":"2333","crew_profession_type":"Marinaio","crew_profession_wage":"Italian Lira","crew_profession_value":"60","crew_profession_months":"6","crew_profession_days":"27","crew_profession_pension_funds":"7,59"},"17":{"embarkation_port":"Marsiglia","embarkation_date":"1861-04-22","discharge_port":"Genova","discharge_date":"1861-11-18","crew_surname":"Venturini","crew_name":"Franco","crew_birth_date":"1842","crew_serial_number":"11807","crew_profession_type":"Marinaio","crew_profession_wage":"Italian Lira","crew_profession_value":"60","crew_profession_months":"6","crew_profession_days":"27","crew_profession_pension_funds":"7,59"},"18":{"embarkation_port":"Costantinopoli","embarkation_date":"1861-07-6","discharge_port":"Genova","discharge_date":"1861-11-18","crew_surname":"Gherardi","crew_name":"Fulvio","crew_birth_location":"Rio Maggiore","crew_profession_value":"60","crew_profession_months":"4","crew_profession_days":"13","crew_profession_pension_funds":"4,88"},"19":{},"20":{},"21":{},"22":{},"23":{},"24":{},"25":{}},"route":{"0":{"departure_port":"Salonicco","departure_date":"1861-02-19"},"1":{"departure_port":"Messina","departure_date":"1861-03-07"},"2":{"arrival_port":"Marsiglia","arrival_date":"1861-03-30"},"3":{"departure_port":"Marsiglia","departure_date":"1861-04-30"},"4":{"departure_port":"Costantinopoli","departure_date":"1861-05-10"},"5":{"departure_port":"Kertch","departure_date":"1861-05-19"},"6":{"departure_port":"Marianopoli","departure_date":"1861-06-22"},"7":{"departure_port":"Costantinopoli","departure_date":"1861-07-06"},"8":{"departure_port":"Hull","departure_date":"1861-09-28"},"9":{},"10":{},"11":{},"12":{},"13":{},"14":{}}}}]}