﻿{"docs": [{"_id":"2018-02-26T16:44:01.408Z_4","template":"Crew List_IT","status":"Public","data":{"record_information":{"catalogue_id":"4","date_from":"2018-02-26","date_until":"2019-08-29T11:37:25","name":"Carolina","surname":"Gaggero","role_in_project":""},"source_identity":{"archive_library":"Archivio di Stato di Genova","archive_library_location":"Genova","register_number":"14","number_of_document":"6593","date_of_document":"2018-02-26","issuing_authority":"Direzione marittima di Genova","issuing_authority_location":"Genova","note":"","comment":""},"ship_records":{"ship_name":"La Rosa","ship_type":"Brigantino","ship_tonnage":"150,58","construction_location":"Varazze","construction_location_date":"1838","ammunition_type":"","ammunition_quantity_value":"","ammunition_quantity_unit":"","registry_port":"Genova","registry_number":"535","owner_name":"Razzetto","owner_surname":"Antonio","owner_fathers_name":"","note":"","comment":""},"ports_of_call":{"date_from":"1860-10-08","date_to":"1861-08-22","total_duration_months":"7","total_duration_years":"14","first_planned_destinations":"Cette","total_crew_number":"11","note":"","comment":""},"crew_list":{"0":{"embarkation_port":"Genova","embarkation_date":"1860-10-08","discharge_port":"Genova","discharge_date":"1860-08-21","crew_surname":"Razzetto","crew_name":"Antonio","crew_birth_location":"Camogli","crew_birth_date":"1814","crew_serial_number":"1481","crew_profession_type":"Capitano di seconda classe","crew_profession_months":"1","crew_profession_days":"14","crew_profession_pension_funds":"5,13"},"1":{"embarkation_port":"Genova","embarkation_date":"1860-10-08","discharge_port":"Genova","discharge_date":"1860-08-21","crew_surname":"Razzetto","crew_name":"Giobatta","crew_birth_location":"Camogli","crew_birth_date":"1811","crew_serial_number":"185","crew_profession_type":"Secondo","crew_profession_wage":"Italian Lira","crew_profession_value":"226","crew_profession_months":"7","crew_profession_days":"14","crew_profession_pension_funds":"11,20"},"2":{"embarkation_port":"Genova","embarkation_date":"1860-10-08","discharge_port":"Genova","discharge_date":"1860-11-21","crew_surname":"Massa","crew_name":"Antonio","crew_birth_location":"Camogli","crew_birth_date":"1845","crew_serial_number":"15075","crew_profession_type":"Marinaio","crew_profession_wage":"Italian Lira","crew_profession_value":"80","crew_profession_months":"1","crew_profession_days":"14","crew_profession_pension_funds":"1,61"},"3":{"embarkation_port":"Genova","embarkation_date":"1860-10-08","discharge_port":"Genova","discharge_date":"1860-11-21","crew_surname":"Razzetto","crew_name":"Filippo","crew_birth_location":"Camogli","crew_birth_date":"1841","crew_serial_number":"11588","crew_profession_type":"Marinaio","crew_profession_wage":"Italian Lira","crew_profession_value":"80","crew_profession_months":"1","crew_profession_days":"14","crew_profession_pension_funds":"1,61"},"4":{"embarkation_port":"Genova","embarkation_date":"1860-10-08","discharge_port":"Genova","discharge_date":"1860-11-21","crew_surname":"Aste","crew_name":"Benedetto","crew_birth_location":"Camogli","crew_birth_date":"1822","crew_serial_number":"16254","crew_profession_type":"Marinaio","crew_profession_wage":"Italian Lira","crew_profession_value":"80","crew_profession_months":"1","crew_profession_days":"14","crew_profession_pension_funds":"1,61"},"5":{"embarkation_port":"Genova","embarkation_date":"1860-10-08","discharge_port":"Genova","discharge_date":"1860-11-21","crew_surname":"Molfino","crew_name":"Benedetto","crew_birth_location":"Rapallo","crew_birth_date":"1841","crew_serial_number":"6425","crew_profession_type":"Marinaio","crew_profession_wage":"Italian Lira","crew_profession_value":"80","crew_profession_months":"1","crew_profession_days":"14","crew_profession_pension_funds":"1,61"},"6":{"embarkation_port":"Genova","embarkation_date":"1860-10-08","discharge_port":"Genova","discharge_date":"1860-11-21","crew_surname":"Ansaldo","crew_name":"Francesco","crew_birth_location":"Isola del Giglio","crew_birth_date":"1841","crew_profession_type":"Marinaio","crew_profession_wage":"Italian Lira","crew_profession_value":"80","crew_profession_months":"1","crew_profession_days":"14","crew_profession_pension_funds":"1,61"},"7":{"embarkation_port":"Genova","embarkation_date":"1860-10-08","discharge_port":"Genova","discharge_date":"1860-11-21","crew_surname":"Crovari","crew_name":"Giuseppe","crew_birth_location":"Santa Margherita","crew_birth_date":"1844","crew_serial_number":"7296","crew_profession_type":"Marinaio","crew_profession_wage":"Italian Lira","crew_profession_value":"80","crew_profession_months":"1","crew_profession_days":"14","crew_profession_pension_funds":"1,17"},"8":{"embarkation_port":"Genova","embarkation_date":"1860-10-08","discharge_port":"Genova","discharge_date":"1860-11-21","crew_surname":"Razzetto","crew_name":"Antonio","crew_birth_location":"Camogli","crew_birth_date":"1845","crew_serial_number":"13392","crew_profession_type":"Mozzo","crew_profession_wage":"Italian Lira","crew_profession_value":"40","crew_profession_months":"1","crew_profession_days":"14","crew_profession_pension_funds":"1,17"},"9":{"embarkation_port":"Genova","embarkation_date":"1861-02-23","discharge_port":"Genova","discharge_date":"1860-11-21","crew_surname":"Razzetto","crew_name":"Stefano","crew_birth_location":"Camogli","crew_birth_date":"1846","crew_serial_number":"15940","crew_profession_type":"Mozzo","crew_profession_wage":"Italian Lira","crew_profession_value":"20","crew_profession_months":"1","crew_profession_days":"14","crew_profession_pension_funds":"1,17"},"10":{"embarkation_port":"Genova","embarkation_date":"1861-02-23","discharge_port":"Genova","discharge_date":"1860-11-21","crew_surname":"Risso","crew_name":"Giovanni","crew_birth_location":"Genova","crew_birth_date":"1845","crew_serial_number":"16797","crew_profession_type":"Mozzo","crew_profession_wage":"Italian Lira","crew_profession_value":"20","crew_profession_months":"1","crew_profession_days":"14","crew_profession_pension_funds":"1,17"},"11":{"embarkation_port":"Genova","embarkation_date":"1861-02-23","discharge_port":"Genova","discharge_date":"1860-11-21","crew_surname":"Razzatto","crew_name":"Stefano","crew_birth_location":"Camogli","crew_birth_date":"1828","crew_serial_number":"5152","crew_profession_type":"Padrone di prima classe","crew_profession_wage":"Italian Lira","crew_profession_value":"80","crew_profession_months":"6","crew_profession_pension_funds":"15"},"12":{"embarkation_port":"Genova","embarkation_date":"1861-02-23","discharge_port":"Genova","discharge_date":"1860-11-21","crew_surname":"Oneto","crew_name":"Giobatta","crew_birth_location":"Camogli","crew_birth_date":"1825","crew_serial_number":"15401","crew_profession_type":"Dispensiere","crew_profession_wage":"Italian Lira","crew_profession_value":"62","crew_profession_months":"6","crew_profession_pension_funds":"6,60"},"13":{"embarkation_port":"Genova","embarkation_date":"1861-02-23","discharge_port":"Genova","discharge_date":"1860-11-21","crew_surname":"Razeto","crew_name":"Stefano","crew_birth_location":"Camogli","crew_birth_date":"1835","crew_serial_number":"8594","crew_profession_type":"Marinaio","crew_profession_wage":"Italian Lira","crew_profession_value":"60","crew_profession_months":"6","crew_profession_pension_funds":"6,60"},"14":{"embarkation_port":"Genova","embarkation_date":"1861-02-23","discharge_port":"Genova","discharge_date":"1860-11-21","crew_surname":"Schiaffino","crew_name":"Giobatta","crew_birth_location":"Portofino","crew_birth_date":"1820","crew_serial_number":"3806","crew_profession_type":"Marinaio","crew_profession_wage":"Italian Lira","crew_profession_value":"60","crew_profession_months":"6","crew_profession_pension_funds":"6,60"},"15":{"embarkation_port":"Genova","embarkation_date":"1861-02-23","discharge_port":"Genova","discharge_date":"1860-11-21","crew_surname":"Marrè","crew_name":"Michele","crew_birth_location":"Chiavari","crew_birth_date":"1827","crew_serial_number":"6020","crew_profession_type":"Marinaio","crew_profession_wage":"Italian Lira","crew_profession_value":"60","crew_profession_months":"6","crew_profession_pension_funds":"6,60"},"16":{"embarkation_port":"Genova","embarkation_date":"1861-02-23","discharge_port":"Genova","discharge_date":"1860-11-21","crew_surname":"Razzetto","crew_name":"Andrea","crew_birth_location":"Camogli","crew_birth_date":"1842","crew_serial_number":"11355","crew_profession_type":"Marinaio","crew_profession_wage":"Italian Lira","crew_profession_value":"50","crew_profession_months":"6","crew_profession_pension_funds":"6,60"},"17":{"embarkation_port":"Genova","embarkation_date":"1861-02-23","discharge_port":"Genova","discharge_date":"1860-11-21","crew_surname":"Razzetto","crew_name":"Nicolò","crew_birth_location":"Camogli","crew_birth_date":"1845","crew_serial_number":"15097","crew_profession_type":"Mozzo","crew_profession_wage":"Italian Lira","crew_profession_value":"20","crew_profession_months":"6","crew_profession_pension_funds":"4,80"},"18":{"embarkation_port":"Genova","embarkation_date":"1861-02-23","discharge_port":"Genova","discharge_date":"1860-11-21","crew_surname":"Murgante","crew_name":"Giobatta","crew_birth_location":"Genova","crew_birth_date":"1844","crew_serial_number":"15730","crew_profession_type":"Mozzo","crew_profession_wage":"Italian Lira","crew_profession_value":"15","crew_profession_months":"6","crew_profession_pension_funds":"4,80"},"19":{"embarkation_port":"Marianopoli","embarkation_date":"1861-06-26","discharge_port":"Costantinopoli","discharge_date":"1861-07-11","crew_surname":"Costa","crew_name":"Nicolò Antonio","crew_birth_location":"Moneglia","crew_birth_date":"1829","crew_serial_number":"3303","crew_profession_type":"Marinaio","crew_profession_wage":"Italian Lira","crew_profession_days":"16","crew_profession_pension_funds":"0,59"},"20":{},"21":{},"22":{},"23":{},"24":{},"25":{},"26":{},"27":{}},"route":{"0":{"departure_port":"Genova","departure_date":"1860-10-08"},"1":{"departure_port":"Cette","departure_date":"1860-11-19"},"2":{"departure_port":"Genova","departure_date":"1861-02-23"},"3":{"departure_port":"Portofino","departure_date":"1861-02-28"},"4":{"departure_port":"Palermo","departure_date":"1861-03-29"},"5":{"departure_port":"Messina","departure_date":"1861-04-11"},"6":{"departure_port":"Costantinopoli","departure_date":"1861-05-14"},"7":{"departure_port":"Kertch","departure_date":"1861-05-14"},"8":{"departure_port":"Taganrog","departure_date":"1861-05-25"},"9":{"departure_port":"Marianopoli","departure_date":"1861-06-26"},"10":{"departure_port":"Costantinopoli","departure_date":"1861-07-11"},"11":{"arrival_port":"Genova","arrival_date":"1861-08-22"},"12":{},"13":{},"14":{}}}}]}