﻿{
    "docs": [
        {
            "_id": "2018-03-20T15:09:41.939Z_10",
            "template": "Crew List_IT",
            "status": "Public",
            "data": {
                "record_information": {
                    "catalogue_id": "10",
                    "date_from": "2018-03-20",
                    "date_until": "2020-09-22T21:35:36",
                    "name": "Beatrice",
                    "surname": "Corradi",
                    "role_in_project": ""
                },
                "source_identity": {
                    "archive_library": "Archivio di stato",
                    "archive_library_location": "Genova",
                    "register_number": "14",
                    "number_of_document": "6790",
                    "date_of_document": "1861-01-30",
                    "date_of_document_to": "",
                    "issuing_authority": "Direzione marittima",
                    "issuing_authority_location": "Genova",
                    "source_type_name": "",
                    "fond_number": "",
                    "fond_title": "",
                    "fond_series_number": "",
                    "file_number": "",
                    "file_tile": "",
                    "note": "",
                    "comment": ""
                },
                "ship_records": {
                    "ship_name": "Camilla",
                    "ship_type": "brigantino",
                    "ship_tonnage": "287",
                    "construction_location": "Varazze",
                    "construction_location_date": "1859",
                    "ammunition_type": "",
                    "ammunition_quantity_value": "",
                    "ammunition_quantity_unit": "",
                    "registry_port": "Genova",
                    "registry_number": "2070",
                    "organization_name": "",
                    "owner_name": "Pellegro",
                    "owner_surname": "Schiaffino",
                    "owner_fathers_name": "",
                    "note": "",
                    "comment": ""
                },
                "ports_of_call": {
                    "date_from": "1861-01-30",
                    "date_to": "1861-10-19",
                    "total_duration_months": "9",
                    "total_duration_years": "29",
                    "first_planned_destinations": "Napoli",
                    "total_crew_number": "Undici",
                    "note": "",
                    "comment": ""
                },
                "crew_list": {
                    "0": {
                        "embarkation_port": "Genova",
                        "embarkation_date": "1861-01-30",
                        "discharge_port": "Genova",
                        "discharge_date": "1861-10-19",
                        "crew_surname": "Schiaffino",
                        "crew_name": "Pellegro",
                        "crew_birth_location": "Camogli",
                        "crew_birth_date": "1824",
                        "crew_serial_number": "1022",
                        "crew_profession_type": "Capitano di Seconda classe",
                        "crew_profession_wage": "Italian Lira",
                        "crew_profession_value": "100",
                        "crew_profession_months": "9",
                        "crew_profession_days": "20",
                        "crew_profession_pension_funds": "33,83"
                    },
                    "1": {
                        "embarkation_port": "Genova",
                        "embarkation_date": "1861-01-30",
                        "discharge_port": "Marsiglia",
                        "discharge_date": "1861-06-10",
                        "crew_surname": "Corsanego",
                        "crew_name": "Giuseppe",
                        "crew_birth_location": "Sori",
                        "crew_birth_date": "1835",
                        "crew_serial_number": "10078",
                        "crew_profession_type": "Secondo",
                        "crew_profession_wage": "Italian Lira",
                        "crew_profession_value": "90",
                        "crew_profession_months": "4",
                        "crew_profession_days": "11",
                        "crew_profession_pension_funds": "6,55"
                    },
                    "2": {
                        "embarkation_port": "Genova",
                        "embarkation_date": "1861-01-30",
                        "discharge_port": "Genova",
                        "discharge_date": "1861-10-19",
                        "crew_surname": "Vigari",
                        "crew_name": "Benedetto",
                        "crew_birth_location": "San Lorenzo",
                        "crew_birth_date": "1821",
                        "crew_serial_number": "2532",
                        "crew_profession_type": "Dispensiere",
                        "crew_profession_wage": "Italian Lira",
                        "crew_profession_value": "73",
                        "crew_profession_months": "9",
                        "crew_profession_days": "20",
                        "crew_profession_pension_funds": "10,63"
                    },
                    "3": {
                        "embarkation_port": "Genova",
                        "embarkation_date": "1861-01-30",
                        "discharge_port": "Marsiglia",
                        "discharge_date": "1861-10-10",
                        "crew_surname": "Molfino",
                        "crew_name": "Emanuele",
                        "crew_birth_location": "San Lorenzo",
                        "crew_birth_date": "1837",
                        "crew_serial_number": "5298",
                        "crew_profession_type": "Marinaio",
                        "crew_profession_wage": "Italian Lira",
                        "crew_profession_value": "60",
                        "crew_profession_months": "8",
                        "crew_profession_days": "2",
                        "crew_profession_pension_funds": "8,87"
                    },
                    "4": {
                        "embarkation_port": "Genova",
                        "embarkation_date": "1861-01-30",
                        "discharge_port": "Marsiglia",
                        "discharge_date": "1861-10-10",
                        "crew_surname": "Capurro",
                        "crew_name": "Bartolomeo",
                        "crew_birth_location": "Nossarego",
                        "crew_birth_date": "1831",
                        "crew_serial_number": "3680",
                        "crew_profession_type": "Marinaio",
                        "crew_profession_wage": "Italian Lira",
                        "crew_profession_value": "60",
                        "crew_profession_months": "8",
                        "crew_profession_days": "2",
                        "crew_profession_pension_funds": "8,87"
                    },
                    "5": {
                        "embarkation_port": "Genova",
                        "embarkation_date": "1861-01-30",
                        "discharge_port": "Marsiglia",
                        "discharge_date": "1861-05-24",
                        "crew_surname": "Viacava",
                        "crew_name": "Giobatta",
                        "crew_birth_location": "Nossarego",
                        "crew_birth_date": "1834",
                        "crew_serial_number": "3958",
                        "crew_profession_type": "Marinaio",
                        "crew_profession_wage": "Italian Lira",
                        "crew_profession_value": "60",
                        "crew_profession_months": "3",
                        "crew_profession_days": "25",
                        "crew_profession_pension_funds": "4,22"
                    },
                    "6": {
                        "embarkation_port": "Genova",
                        "embarkation_date": "1861-01-30",
                        "discharge_port": "Marsiglia",
                        "discharge_date": "1861-10-10",
                        "crew_surname": "Canepa",
                        "crew_name": "Biagio",
                        "crew_birth_location": "Rapallo",
                        "crew_birth_date": "1834",
                        "crew_serial_number": "3592",
                        "crew_profession_type": "Marinaio",
                        "crew_profession_wage": "Italian Lira",
                        "crew_profession_value": "60",
                        "crew_profession_months": "8",
                        "crew_profession_days": "2",
                        "crew_profession_pension_funds": "8,87"
                    },
                    "7": {
                        "embarkation_port": "Genova",
                        "embarkation_date": "1861-01-30",
                        "discharge_port": "Marsiglia",
                        "discharge_date": "1861-10-10",
                        "crew_surname": "Crovari",
                        "crew_name": "Prospero",
                        "crew_birth_location": "Camogli",
                        "crew_birth_date": "1841",
                        "crew_serial_number": "10793",
                        "crew_profession_type": "Marinaio",
                        "crew_profession_wage": "Italian Lira",
                        "crew_profession_value": "60",
                        "crew_profession_months": "8",
                        "crew_profession_days": "2",
                        "crew_profession_pension_funds": "8,87"
                    },
                    "8": {
                        "embarkation_port": "Genova",
                        "embarkation_date": "1861-01-30",
                        "discharge_port": "Marsiglia",
                        "discharge_date": "1861-10-10",
                        "crew_surname": "Amandolesi",
                        "crew_name": "Bartolomeo",
                        "crew_birth_location": "Santa Margherita",
                        "crew_birth_date": "1828",
                        "crew_serial_number": "3218",
                        "crew_profession_type": "Marinaio",
                        "crew_profession_wage": "Italian Lira",
                        "crew_profession_value": "60",
                        "crew_profession_months": "8",
                        "crew_profession_days": "2",
                        "crew_profession_pension_funds": "8,87"
                    },
                    "9": {
                        "embarkation_port": "Genova",
                        "embarkation_date": "1861-01-30",
                        "discharge_port": "Genova",
                        "discharge_date": "1861-10-19",
                        "crew_surname": "Figari",
                        "crew_name": "Giuseppe",
                        "crew_birth_location": "San Lorenzo",
                        "crew_birth_date": "1844",
                        "crew_serial_number": "6775",
                        "crew_profession_type": "Mozzo",
                        "crew_profession_wage": "Italian Lira",
                        "crew_profession_value": "30",
                        "crew_profession_months": "9",
                        "crew_profession_days": "20",
                        "crew_profession_pension_funds": "7,73"
                    },
                    "10": {
                        "embarkation_port": "Genova",
                        "embarkation_date": "1861-01-30",
                        "discharge_port": "Genova",
                        "discharge_date": "1861-10-19",
                        "crew_surname": "Giudice",
                        "crew_name": "Andrea",
                        "crew_birth_location": "Rapallo",
                        "crew_birth_date": "1828",
                        "crew_serial_number": "8173",
                        "crew_profession_type": "Mozzo",
                        "crew_profession_wage": "Italian Lira",
                        "crew_profession_value": "8",
                        "crew_profession_months": "9",
                        "crew_profession_days": "20",
                        "crew_profession_pension_funds": "7,73"
                    },
                    "11": {
                        "embarkation_port": "Marsiglia",
                        "embarkation_date": "1861-06-10",
                        "discharge_port": "Marsiglia",
                        "discharge_date": "1861-10-10",
                        "crew_surname": "Debernardis",
                        "crew_name": "Pietro Battista",
                        "crew_birth_location": "San Lorenzo",
                        "crew_birth_date": "1831",
                        "crew_serial_number": "4428",
                        "crew_profession_type": "Secondo",
                        "crew_profession_months": "3",
                        "crew_profession_days": "22",
                        "crew_profession_pension_funds": "5,60"
                    },
                    "12": {
                        "embarkation_port": "Marsiglia",
                        "embarkation_date": "1861-06-18",
                        "discharge_port": "Marsiglia",
                        "discharge_date": "1861-10-10",
                        "crew_surname": "Bellando",
                        "crew_name": "Agostino",
                        "crew_birth_location": "Borghetto Santo Spirito",
                        "crew_birth_date": "1841",
                        "crew_serial_number": "4914",
                        "crew_profession_type": "Marinaio",
                        "crew_profession_months": "3",
                        "crew_profession_days": "14",
                        "crew_profession_pension_funds": "3,81"
                    },
                    "13": {
                        "embarkation_port": "Marsiglia",
                        "embarkation_date": "1861-10-30",
                        "discharge_port": "Genova",
                        "discharge_date": "1861-10-19",
                        "crew_surname": "Olivari",
                        "crew_name": "Nicolò",
                        "crew_birth_location": "Camogli",
                        "crew_birth_date": "1822",
                        "crew_serial_number": "2985",
                        "crew_profession_type": "Secondo",
                        "crew_profession_wage": "Italian Lira",
                        "crew_profession_value": "90",
                        "crew_profession_days": "20",
                        "crew_profession_pension_funds": "1"
                    },
                    "14": {
                        "embarkation_port": "Marsiglia",
                        "embarkation_date": "1861-10-30",
                        "discharge_port": "Genova",
                        "discharge_date": "1861-10-19",
                        "crew_surname": "Sini",
                        "crew_name": "Vincenzo",
                        "crew_birth_location": "Genova",
                        "crew_birth_date": "1839",
                        "crew_serial_number": "16094",
                        "crew_profession_type": "Marinaio",
                        "crew_profession_wage": "Italian Lira",
                        "crew_profession_value": "75",
                        "crew_profession_days": "20",
                        "crew_profession_pension_funds": "0,73"
                    },
                    "15": {
                        "embarkation_port": "Marsiglia",
                        "embarkation_date": "1861-10-30",
                        "discharge_port": "Genova",
                        "discharge_date": "1861-10-19",
                        "crew_surname": "Zino",
                        "crew_name": "Luigi",
                        "crew_birth_location": "Foce",
                        "crew_birth_date": "1843",
                        "crew_serial_number": "13545",
                        "crew_profession_type": "Marinaio",
                        "crew_profession_wage": "Italian Lira",
                        "crew_profession_value": "75",
                        "crew_profession_days": "20",
                        "crew_profession_pension_funds": "0,73"
                    },
                    "16": {
                        "embarkation_port": "Marsiglia",
                        "embarkation_date": "1861-10-30",
                        "discharge_port": "Genova",
                        "discharge_date": "1861-10-19",
                        "crew_surname": "Zino",
                        "crew_name": "Giovanni",
                        "crew_birth_location": "Foce",
                        "crew_birth_date": "1815",
                        "crew_serial_number": "2164",
                        "crew_profession_type": "Marinaio",
                        "crew_profession_wage": "Italian Lira",
                        "crew_profession_value": "75",
                        "crew_profession_days": "20",
                        "crew_profession_pension_funds": "0,73"
                    },
                    "17": {
                        "embarkation_port": "Marsiglia",
                        "embarkation_date": "1861-10-30",
                        "discharge_port": "Genova",
                        "discharge_date": "1861-10-19",
                        "crew_surname": "Varsi",
                        "crew_name": "Giacomo",
                        "crew_birth_location": "Maddalena",
                        "crew_birth_date": "1819",
                        "crew_serial_number": "686",
                        "crew_profession_type": "Marinaio",
                        "crew_profession_wage": "Italian Lira",
                        "crew_profession_value": "75",
                        "crew_profession_days": "20",
                        "crew_profession_pension_funds": "0,73"
                    },
                    "18": {
                        "embarkation_port": "Marsiglia",
                        "embarkation_date": "1861-10-30",
                        "discharge_port": "Genova",
                        "discharge_date": "1861-10-19",
                        "crew_surname": "Ronco",
                        "crew_name": "Giuseppe",
                        "crew_birth_location": "Genova",
                        "crew_birth_date": "1839",
                        "crew_serial_number": "6699",
                        "crew_profession_type": "Marinaio",
                        "crew_profession_wage": "Italian Lira",
                        "crew_profession_value": "75",
                        "crew_profession_days": "20",
                        "crew_profession_pension_funds": "0,73"
                    },
                    "19": {
                        "embarkation_port": "Marsiglia",
                        "embarkation_date": "1861-10-30",
                        "discharge_port": "Genova",
                        "discharge_date": "1861-10-19",
                        "crew_surname": "Colombino",
                        "crew_name": "Michele",
                        "crew_birth_location": "Foce",
                        "crew_birth_date": "1833",
                        "crew_serial_number": "935",
                        "crew_profession_type": "Marinaio",
                        "crew_profession_wage": "Italian Lira",
                        "crew_profession_value": "75",
                        "crew_profession_days": "20",
                        "crew_profession_pension_funds": "0,73"
                    },
                    "20": {},
                    "21": {},
                    "22": {},
                    "23": {},
                    "24": {},
                    "25": {}
                },
                "route": {
                    "0": {
                        "departure_port": "Napoli",
                        "departure_date": "1861-02-12"
                    },
                    "1": {
                        "departure_port": "Malta",
                        "departure_date": "1861-02-25"
                    },
                    "2": {
                        "departure_port": "Costantinopoli",
                        "departure_date": "1861-03-14"
                    },
                    "3": {
                        "departure_port": "Sulina",
                        "departure_date": "1861-03-21"
                    },
                    "4": {
                        "departure_port": "Galatz",
                        "departure_date": "1861-04-04"
                    },
                    "5": {
                        "departure_port": "Sulina",
                        "departure_date": "1861-04-19"
                    },
                    "6": {
                        "departure_port": "Costantinopoli",
                        "departure_date": "1861-04-28"
                    },
                    "7": {
                        "arrival_port": "Marsiglia",
                        "arrival_date": "1861-05-29"
                    },
                    "8": {
                        "departure_port": "Marsiglia",
                        "departure_date": "1861-06-19"
                    },
                    "9": {
                        "departure_port": "Costantinopoli",
                        "departure_date": "1861-07-19"
                    },
                    "10": {
                        "departure_port": "Kertch",
                        "departure_date": "1861-07-26"
                    },
                    "11": {
                        "departure_port": "Taganrog",
                        "departure_date": "1861-08-18"
                    },
                    "12": {
                        "departure_port": "Costantinopoli",
                        "departure_date": "1861-09-07"
                    },
                    "13": {
                        "arrival_port": "Marsiglia",
                        "arrival_date": "1861-10-01"
                    },
                    "14": {
                        "departure_port": "Marsiglia",
                        "departure_date": "1861-10-30"
                    },
                    "15": {
                        "departure_port": "Cagliari",
                        "departure_date": "1861-11-13"
                    },
                    "16": {},
                    "17": {},
                    "18": {},
                    "19": {}
                }
            }
        }
    ]
}