﻿{"docs": [{"_id":"2018-03-20T14:33:27.932Z_9","template":"Crew List_IT","status":"Public","data":{"record_information":{"catalogue_id":"9","date_from":"2018-03-20","date_until":"2019-08-29T11:58:42","name":"Beatrice","surname":"Corradi","role_in_project":""},"source_identity":{"archive_library":"Archivio di stato","archive_library_location":"Genova","register_number":"14","number_of_document":"6187","date_of_document":"1861-01-29","issuing_authority":"Direzione marittima","issuing_authority_location":"Genova","note":"","comment":""},"ship_records":{"ship_name":"Concordia","ship_type":"brigantino","ship_tonnage":"276","construction_location":"Varazze","construction_location_date":"1856","ammunition_type":"","ammunition_quantity_value":"","ammunition_quantity_unit":"","registry_port":"Genova","registry_number":"1792","owner_name":"","owner_surname":"Revello","owner_fathers_name":"","note":"","comment":""},"ports_of_call":{"date_from":"1861-01-29","date_to":"1862-01-03","total_duration_months":"11","total_duration_years":"5","first_planned_destinations":"Messina","total_crew_number":"tredici","note":"","comment":""},"crew_list":{"0":{"embarkation_port":"Genova","embarkation_date":"1861-01-29","discharge_port":"Malta","discharge_date":"1861-11-16","crew_surname":"Mortola","crew_name":"Filippo","crew_birth_location":"Camogli","crew_birth_date":"1827","crew_serial_number":"4217","crew_profession_type":"Capitano di Seconda classe","crew_profession_months":"9","crew_profession_days":"18","crew_profession_pension_funds":"33,60"},"1":{"embarkation_port":"Genova","embarkation_date":"1861-01-29","discharge_port":"Genova","discharge_date":"1862-01-03","crew_surname":"Cansi","crew_name":"Antonio","crew_birth_location":"Camogli","crew_birth_date":"1831","crew_serial_number":"5978","crew_profession_type":"Secondo","crew_profession_wage":"Italian Lira","crew_profession_value":"90","crew_profession_months":"11","crew_profession_days":"5","crew_profession_pension_funds":"16,75"},"2":{"embarkation_port":"Genova","embarkation_date":"1861-01-29","discharge_port":"Genova","discharge_date":"1862-01-03","crew_surname":"Maggiolo","crew_name":"Simone","crew_birth_location":"Camogli","crew_birth_date":"1837","crew_serial_number":"10426","crew_profession_type":"Nostromo","crew_profession_wage":"Italian Lira","crew_profession_value":"75","crew_profession_months":"11","crew_profession_days":"5","crew_profession_pension_funds":"16,75"},"3":{"embarkation_port":"Genova","embarkation_date":"1861-01-29","discharge_port":"Genova","discharge_date":"1862-01-03","crew_surname":"Olivari","crew_name":"Filippo Antonio","crew_birth_location":"Camogli","crew_birth_date":"1834","crew_serial_number":"10276","crew_profession_type":"Dispensiere","crew_profession_wage":"Italian Lira","crew_profession_value":"70","crew_profession_months":"11","crew_profession_days":"5","crew_profession_pension_funds":"12,28"},"4":{"embarkation_port":"Genova","embarkation_date":"1861-01-29","discharge_port":"Genova","discharge_date":"1862-01-03","crew_surname":"Fezzo","crew_name":"Giobatta","crew_birth_location":"Camogli","crew_birth_date":"1841","crew_serial_number":"11119","crew_profession_type":"Marinaio","crew_profession_wage":"Italian Lira","crew_profession_value":"60","crew_profession_months":"11","crew_profession_days":"5","crew_profession_pension_funds":"12,28"},"5":{"embarkation_port":"Genova","embarkation_date":"1861-01-29","discharge_port":"Genova","discharge_date":"1862-01-03","crew_surname":"Portunato","crew_name":"Tito","crew_birth_location":"Grazie","crew_birth_date":"1841","crew_serial_number":"3998","crew_profession_type":"Marinaio","crew_profession_wage":"Italian Lira","crew_profession_value":"60","crew_profession_months":"11","crew_profession_days":"5","crew_profession_pension_funds":"12,28"},"6":{"embarkation_port":"Genova","embarkation_date":"1861-01-29","discharge_port":"Genova","discharge_date":"1862-01-03","crew_surname":"Maggiolo","crew_name":"Silvestro","crew_birth_location":"Camogli","crew_birth_date":"1841","crew_serial_number":"12043","crew_profession_type":"Marinaio","crew_profession_wage":"Italian Lira","crew_profession_value":"60","crew_profession_months":"11","crew_profession_days":"5","crew_profession_pension_funds":"12,28"},"7":{"embarkation_port":"Genova","embarkation_date":"1861-01-29","crew_surname":"Camoirano","crew_name":"Costanzo","crew_birth_location":"Savona","crew_birth_date":"1824","crew_serial_number":"5596","crew_profession_type":"Marinaio","crew_profession_wage":"Italian Lira","crew_profession_value":"60","crew_profession_months":"8","crew_profession_pension_funds":"8,80","note":"Arrestato Swansea per aver tentato di uccidere il capitano"},"8":{"embarkation_port":"Genova","embarkation_date":"1861-01-29","discharge_port":"Genova","discharge_date":"1862-01-03","crew_surname":"Zirio","crew_name":"Antonio","crew_birth_location":"Ospedaletti","crew_birth_date":"1839","crew_serial_number":"3712","crew_profession_type":"Marinaio","crew_profession_wage":"Italian Lira","crew_profession_value":"60","crew_profession_months":"11","crew_profession_days":"5","crew_profession_pension_funds":"12,28"},"9":{"embarkation_port":"Genova","embarkation_date":"1861-01-29","discharge_port":"Genova","discharge_date":"1862-01-03","crew_surname":"Valle","crew_name":"Giacomo","crew_birth_location":"Camogli","crew_birth_date":"1840","crew_serial_number":"11934","crew_profession_type":"Marinaio","crew_profession_wage":"Italian Lira","crew_profession_value":"60","crew_profession_months":"11","crew_profession_days":"5","crew_profession_pension_funds":"12,28"},"10":{"embarkation_port":"Genova","embarkation_date":"1861-01-29","discharge_port":"Genova","discharge_date":"1862-01-03","crew_surname":"Nardini","crew_name":"Giuseppe","crew_birth_location":"Grazie","crew_birth_date":"1841","crew_serial_number":"3760","crew_profession_type":"Mozzo","crew_profession_wage":"Italian Lira","crew_profession_value":"45","crew_profession_months":"11","crew_profession_days":"5","crew_profession_pension_funds":"12,28"},"11":{"embarkation_port":"Genova","embarkation_date":"1861-01-29","discharge_port":"Genova","discharge_date":"1862-01-03","crew_surname":"Schiaffino","crew_name":"Prospero","crew_birth_location":"Camogli","crew_birth_date":"1843","crew_serial_number":"14336","crew_profession_type":"Mozzo","crew_profession_wage":"Italian Lira","crew_profession_value":"20","crew_profession_months":"11","crew_profession_days":"5","crew_profession_pension_funds":"12,28"},"12":{"embarkation_port":"Genova","embarkation_date":"1861-01-29","discharge_port":"Genova","discharge_date":"1862-01-03","crew_surname":"Maggiolo","crew_name":"Giovanni","crew_birth_location":"Camogli","crew_birth_date":"1845","crew_serial_number":"16163","crew_profession_type":"Mozzo","crew_profession_wage":"Italian Lira","crew_profession_value":"15","crew_profession_months":"11","crew_profession_days":"5","crew_profession_pension_funds":"8,93"},"13":{"embarkation_port":"Malta","embarkation_date":"1861-11-21","discharge_port":"Genova","discharge_date":"1862-01-03","crew_surname":"Agno","crew_name":"Giacomo Antonio","crew_birth_location":"Camogli","crew_birth_date":"1829","crew_serial_number":"7062","crew_profession_type":"Capitano di Seconda classe","crew_profession_months":"1","crew_profession_days":"13","crew_profession_pension_funds":"5,2"},"14":{}},"route":{"0":{"departure_port":"Costantinopoli","departure_date":"1861-03-10"},"1":{"departure_port":"Sulina","departure_date":"1861-03-20"},"2":{"departure_port":"Braila","departure_date":"1861-05-22"},"3":{"departure_port":"Sulina","departure_date":"1861-05-29"},"4":{"departure_port":"Costantinopoli","departure_date":"1861-06-04"},"5":{"departure_port":"Malta","departure_date":"1861-06-21"},"6":{"departure_port":"Cork","departure_date":"1861-08-17"},"7":{"departure_port":"Swansea","departure_date":"1861-09-26"},"8":{"departure_port":"Malta","departure_date":"1861-11-29"},"9":{},"10":{},"11":{},"12":{},"13":{},"14":{}}}}]}