﻿{"docs": [{"_id":"2018-02-27T15:54:36.036Z_5","template":"Crew List_IT","status":"Public","data":{"record_information":{"catalogue_id":"5","date_from":"2018-02-27","date_until":"2019-08-29T11:40:08","name":"Carolina","surname":"Gaggero","role_in_project":""},"source_identity":{"archive_library":"Archivio di Stato di Genova","archive_library_location":"Genova","register_number":"14","number_of_document":"6596","date_of_document":"1860-10-08","issuing_authority":"Direzione marittima di Genova","issuing_authority_location":"Genova","note":"","comment":""},"ship_records":{"ship_name":"Zenobia","ship_type":"Brigantino","ship_tonnage":"101,86","construction_location":"Pra","construction_location_date":"1838","ammunition_type":"","ammunition_quantity_value":"","ammunition_quantity_unit":"","registry_port":"Genova","registry_number":"540","owner_name":"Biagio","owner_surname":"Olivari","owner_fathers_name":"","note":"","comment":""},"ports_of_call":{"date_from":"1860-10-08","date_to":"1861-10-09","total_duration_months":"10","total_duration_years":"15","first_planned_destinations":"Civitavecchia","total_crew_number":"10","note":"","comment":""},"crew_list":{"0":{"embarkation_port":"Genova","embarkation_date":"1860-10-08","discharge_port":"Genova","discharge_date":"1861-10-09","crew_surname":"Mortola","crew_name":"Giovanni","crew_birth_location":"Camogli","crew_birth_date":"1822","crew_serial_number":"4417","crew_profession_type":"Padrone di prima classe","crew_profession_wage":"Share","crew_profession_value":"2","crew_profession_months":"10","crew_profession_days":"15","crew_profession_pension_funds":"26,25"},"1":{"embarkation_port":"Genova","embarkation_date":"1860-10-08","discharge_port":"Genova","discharge_date":"1861-03-29","crew_surname":"Cevasco","crew_name":"Fortunato","crew_birth_location":"Camogli","crew_birth_date":"1810","crew_serial_number":"15308","crew_profession_type":"Secondo","crew_profession_wage":"Share","crew_profession_value":"1,5","crew_profession_months":"5","crew_profession_days":"22","crew_profession_pension_funds":"8,60"},"2":{"embarkation_port":"Genova","embarkation_date":"1860-10-08","discharge_port":"Genova","discharge_date":"1861-10-09","crew_surname":"Figari","crew_name":"Gerolamo","crew_birth_location":"Camogli","crew_birth_date":"1799","crew_serial_number":"13590","crew_profession_type":"Dispensiere","crew_profession_wage":"Share","crew_profession_value":"1","crew_profession_months":"10","crew_profession_days":"15","crew_profession_pension_funds":"11,55"},"3":{"embarkation_port":"Genova","embarkation_date":"1860-10-08","discharge_port":"Genova","discharge_date":"1861-10-09","crew_surname":"Oneto","crew_name":"Bartolomeo","crew_birth_location":"Santa Margherita","crew_birth_date":"1846","crew_serial_number":"6655","crew_profession_type":"Marinaio","crew_profession_wage":"Share","crew_profession_value":"1","crew_profession_months":"10","crew_profession_days":"15","crew_profession_pension_funds":"11,55"},"4":{"embarkation_port":"Genova","embarkation_date":"1860-10-08","discharge_port":"Genova","discharge_date":"1861-10-09","crew_surname":"Peragallo","crew_name":"Matteo","crew_birth_location":"Rapallo","crew_birth_date":"1843","crew_serial_number":"7192","crew_profession_type":"Marinaio","crew_profession_wage":"Share","crew_profession_value":"1,75","crew_profession_months":"10","crew_profession_days":"15","crew_profession_pension_funds":"8,40"},"5":{"embarkation_port":"Genova","embarkation_date":"1860-10-08","discharge_port":"Genova","discharge_date":"1861-03-29","crew_surname":"Canale","crew_name":"Michele","crew_birth_location":"Santa Margherita","crew_birth_date":"1841","crew_serial_number":"6261","crew_profession_type":"Marinaio","crew_profession_wage":"Share","crew_profession_value":"3/4","crew_profession_months":"5","crew_profession_days":"22","crew_profession_pension_funds":"6,31"},"6":{"embarkation_port":"Genova","embarkation_date":"1860-10-08","discharge_port":"Genova","discharge_date":"1861-03-29","crew_surname":"Cevasco","crew_name":"Filippo","crew_birth_location":"Camogli","crew_birth_date":"1844","crew_serial_number":"12095","crew_profession_type":"Marinaio","crew_profession_wage":"Share","crew_profession_value":"3/4","crew_profession_months":"5","crew_profession_days":"22","crew_profession_pension_funds":"6,31"},"7":{"embarkation_port":"Genova","embarkation_date":"1860-10-08","discharge_port":"Genova","discharge_date":"1861-03-29","crew_surname":"Cevasco","crew_name":"Francesco","crew_birth_location":"Camogli","crew_birth_date":"1846","crew_serial_number":"14539","crew_profession_type":"Mozzo","crew_profession_wage":"Share","crew_profession_value":"1/3","crew_profession_months":"5","crew_profession_days":"22","crew_profession_pension_funds":"4,59"},"8":{"embarkation_port":"Genova","embarkation_date":"1860-10-08","discharge_port":"Genova","discharge_date":"1861-03-29","crew_surname":"Righetti","crew_name":"Carlo","crew_birth_location":"Santa Margherita","crew_profession_type":"Mozzo","crew_profession_wage":"Share","crew_profession_value":"3/4","crew_profession_months":"5","crew_profession_days":"22","crew_profession_pension_funds":"6,31"},"9":{"embarkation_port":"Genova","embarkation_date":"1861-04-11","discharge_port":"Genova","discharge_date":"1861-10-09","crew_surname":"Cerchi","crew_name":"Carlo","crew_birth_location":"Santa Margherita","crew_birth_date":"1841","crew_serial_number":"7631","crew_profession_type":"Mozzo","crew_profession_wage":"Share","crew_profession_months":"4","crew_profession_days":"23"},"10":{"embarkation_port":"Genova","embarkation_date":"1861-04-11","discharge_port":"Genova","discharge_date":"1861-10-09","crew_surname":"Cevasco","crew_name":"Giuseppe","crew_birth_location":"Camogli","crew_birth_date":"1814","crew_serial_number":"2123","crew_profession_type":"Secondo","crew_profession_wage":"Share","crew_profession_value":"1,20","crew_profession_months":"4","crew_profession_days":"29","crew_profession_pension_funds":"7,15"},"11":{"embarkation_port":"Genova","embarkation_date":"1861-04-11","discharge_port":"Genova","discharge_date":"1861-10-09","crew_surname":"Cevasco","crew_name":"Emanuele","crew_birth_location":"Camogli","crew_birth_date":"1845","crew_serial_number":"14439","crew_profession_type":"Marinaio","crew_profession_wage":"Share","crew_profession_value":"3/4","crew_profession_months":"4","crew_profession_days":"29","crew_profession_pension_funds":"3,81"},"12":{"embarkation_port":"Genova","embarkation_date":"1861-04-11","discharge_port":"Genova","discharge_date":"1861-05-18","crew_surname":"Cerchi","crew_name":"Carlo","crew_birth_location":"Santa Margherita","crew_birth_date":"1841","crew_serial_number":"7631","crew_profession_type":"Marinaio","crew_profession_wage":"Share","crew_profession_value":"1/2","crew_profession_months":"1","crew_profession_days":"8","crew_profession_pension_funds":"1,39"},"13":{"embarkation_port":"Genova","embarkation_date":"1861-04-11","discharge_port":"Genova","discharge_date":"1861-05-18","crew_surname":"Figari","crew_name":"Salvatore","crew_birth_location":"Camogli","crew_birth_date":"1847","crew_serial_number":"16237","crew_profession_type":"Mozzo","crew_profession_wage":"Share","crew_profession_value":"1/4","crew_profession_months":"1","crew_profession_days":"8","crew_profession_pension_funds":"1,01"},"14":{"embarkation_port":"Genova","embarkation_date":"1861-06-25","discharge_port":"Portoferraio","discharge_date":"1861-07-11","crew_surname":"Schiaffino","crew_name":"Fortunato","crew_birth_location":"Camogli","crew_birth_date":"1810","crew_serial_number":"5150","crew_profession_type":"Marinaio","crew_profession_wage":"Share","crew_profession_value":"1","crew_profession_days":"17","crew_profession_pension_funds":"0,62"},"15":{"embarkation_port":"Genova","embarkation_date":"1861-06-25","discharge_port":"Genova","discharge_date":"1861-10-09","crew_surname":"Sessazego","crew_name":"Michele","crew_birth_location":"Zoagli","crew_birth_date":"1845","crew_serial_number":"7499","crew_profession_type":"Mozzo","crew_profession_wage":"Share","crew_profession_value":"1/3","crew_profession_months":"3","crew_profession_days":"15","crew_profession_pension_funds":"2,80"},"16":{"embarkation_port":"Genova","embarkation_date":"1861-06-25","discharge_port":"Genova","discharge_date":"1861-10-09","crew_surname":"Mortola","crew_name":"Prospero","crew_birth_location":"Camogli","crew_birth_date":"1854","crew_profession_type":"Mozzo","crew_profession_wage":"Share","crew_profession_value":"1/4","crew_profession_months":"3","crew_profession_days":"15","crew_profession_pension_funds":"2,80"},"17":{"embarkation_port":"Portoferraio","embarkation_date":"1861-07-11","discharge_port":"Genova","discharge_date":"1861-10-09","crew_surname":"Gentini","crew_name":"Giosafat","crew_birth_location":"Campo","crew_birth_date":"1840","crew_serial_number":"611","crew_profession_type":"Mozzo","crew_profession_wage":"Share","crew_profession_value":"3/4","crew_profession_months":"2","crew_profession_days":"29","crew_profession_pension_funds":"0,26"},"18":{"embarkation_port":"Malta","embarkation_date":"1861-08-09","discharge_port":"La Spezia","discharge_date":"1861-10-03","crew_surname":"Lagno","crew_name":"Antonio","crew_birth_location":"Camogli","crew_birth_date":"1841","crew_serial_number":"10570","crew_profession_type":"Marinaio","crew_profession_wage":"Share","crew_profession_days":"25","crew_profession_pension_funds":"0,92"},"19":{},"20":{},"21":{},"22":{},"23":{},"24":{},"25":{},"26":{},"27":{}},"route":{"0":{"departure_port":"Genova","departure_date":"1860-10-08"},"1":{"departure_port":"Portoferraio","departure_date":"1860-10-19"},"2":{"departure_port":"Palermo","departure_date":"1861-02-16"},"3":{"departure_port":"Girgenti","departure_date":"1861-03-18"},"4":{"departure_port":"Genova","departure_date":"1861-04-11"},"5":{"departure_port":"Pozzallo","departure_date":"1861-04-26"},"6":{"departure_port":"Gaeta","departure_date":"1861-05-07"},"7":{"departure_port":"Camogli","departure_date":"1861-06-25"},"8":{"departure_port":"Viareggio","departure_date":"1861-07-06"},"9":{"departure_port":"Portoferraio","departure_date":"1861-07-11"},"10":{"departure_port":"Malta","departure_date":"1861-09-09"},"11":{"departure_port":"Pozzallo","departure_date":"1861-09-15"},"12":{"departure_port":"La Spezia","departure_date":"1861-10-07"},"13":{"arrival_port":"Genova","arrival_date":"1861-10-09"},"14":{}}}}]}