﻿{"docs": [{"_id":"2018-03-26T15:12:55.461Z_19","template":"Crew List_IT","status":"Public","data":{"record_information":{"catalogue_id":"19","date_from":"2018-03-26","date_until":"2020-09-22T14:47:30","name":"Carolina","surname":"Gaggero","role_in_project":""},"source_identity":{"archive_library":"Archivio di Stato di Genova","archive_library_location":"Genova","register_number":"19","number_of_document":"6390","date_of_document":"1863-02-17","date_of_document_to":"","issuing_authority":"Direzione marittima di Genova","issuing_authority_location":"Genova","source_type_name":"","fond_number":"","fond_title":"","fond_series_number":"","file_number":"","file_tile":"","note":"","comment":""},"ship_records":{"ship_name":"Assunta","ship_type":"Brich Sconnez","ship_tonnage":"109,21","construction_location":"Varazze","construction_location_date":"1850","ammunition_type":"","ammunition_quantity_value":"","ammunition_quantity_unit":"","registry_port":"Genova","registry_number":"1267","organization_name":"","owner_name":"Fortunato","owner_surname":"Mortola","owner_fathers_name":"Giuseppe","note":"","comment":""},"ports_of_call":{"date_from":"1863-02-17","date_to":"1864-08-23","total_duration_months":"14","total_duration_years":"28","first_planned_destinations":"","total_crew_number":"9","note":"","comment":""},"crew_list":{"0":{"embarkation_port":"Genova","embarkation_date":"1863-02-17","discharge_port":"Portofino","discharge_date":"1864-08-23","crew_surname":"Schiaffino","crew_name":"Biagio","crew_birth_location":"Camogli","crew_birth_date":"1827","crew_serial_number":"1374","crew_profession_type":"Capitano di seconda classe","crew_profession_wage":"Share","crew_profession_value":"2","crew_profession_months":"14","crew_profession_days":"28","crew_profession_pension_funds":"52,27"},"1":{"embarkation_port":"Genova","embarkation_date":"1863-02-17","discharge_port":"Genova","discharge_date":"1863-06-05","crew_surname":"Brignelli","crew_name":"Stefano","crew_birth_location":"Camogli","crew_birth_date":"1821","crew_serial_number":"4176","crew_profession_type":"Nostromo","crew_profession_wage":"Share","crew_profession_value":"1,5","crew_profession_months":"3","crew_profession_days":"19","crew_profession_pension_funds":"5,45"},"2":{"embarkation_port":"Genova","embarkation_date":"1863-02-17","discharge_port":"Genova","discharge_date":"1863-06-05","crew_surname":"Simoncelli","crew_name":"Giobatta","crew_birth_location":"Camogli","crew_birth_date":"1819","crew_serial_number":"2981","crew_profession_type":"Marinaio","crew_profession_wage":"Share","crew_profession_value":"1/4","crew_profession_months":"3","crew_profession_days":"19","crew_profession_pension_funds":"4"},"3":{"embarkation_port":"Genova","embarkation_date":"1863-02-17","discharge_port":"Genova","discharge_date":"1863-06-05","crew_surname":"Schiaffino","crew_name":"Simone","crew_birth_location":"Camogli","crew_birth_date":"1835","crew_serial_number":"8255","crew_profession_type":"Marinaio","crew_profession_wage":"Share","crew_profession_value":"1/4","crew_profession_months":"3","crew_profession_days":"19","crew_profession_pension_funds":"4"},"4":{"embarkation_port":"Genova","embarkation_date":"1863-02-17","discharge_port":"Genova","discharge_date":"1863-06-05","crew_surname":"Vignolo","crew_name":"Luigi","crew_birth_location":"Rapallo","crew_birth_date":"1833","crew_serial_number":"5060","crew_profession_type":"Marinaio","crew_profession_wage":"Share","crew_profession_value":"1/4","crew_profession_months":"3","crew_profession_days":"19","crew_profession_pension_funds":"4"},"5":{"embarkation_port":"Genova","embarkation_date":"1863-02-17","discharge_port":"Genova","discharge_date":"1863-06-05","crew_surname":"Vignolo","crew_name":"Andrea","crew_birth_location":"Rapallo","crew_serial_number":"7158","crew_profession_type":"Marinaio","crew_profession_wage":"Share","crew_profession_value":"3/4","crew_profession_months":"3","crew_profession_days":"19","crew_profession_pension_funds":"4"},"6":{},"7":{},"8":{},"9":{},"10":{},"11":{},"12":{},"13":{},"14":{}},"route":{"0":{"departure_port":"Genova","departure_date":"1863-02-17"},"1":{"departure_port":"Malta","departure_date":"1864-02-03"},"2":{"departure_port":"Messina","departure_date":"1864-02-10"},"3":{"departure_port":"Longone","departure_date":"1864-02-21"},"4":{"departure_port":"Costantinopoli","departure_date":"1864-03-18"},"5":{"departure_port":"Malta","departure_date":"1864-05-30"},"6":{"departure_port":"[?]","departure_date":"1864-06-08"},"7":{"departure_port":"Longone","departure_date":"1864-07-18"},"8":{"departure_port":"Trapani","departure_date":"1864-08-02"},"9":{"departure_port":"Livorno","departure_date":"1864-08-17"},"10":{"arrival_port":"Genova","arrival_date":"1864-08-23"},"11":{},"12":{},"13":{},"14":{}}}}]}