﻿{"docs": [{"_id":"2018-03-26T14:02:15.448Z_17","template":"Crew List_IT","status":"Public","data":{"record_information":{"catalogue_id":"17","date_from":"2018-03-26","date_until":"2020-09-22T14:39:13","name":"Carolina ","surname":"Gaggero ","role_in_project":""},"source_identity":{"archive_library":"Archivio di Stato di Genova","archive_library_location":"Genova","register_number":"19","number_of_document":"6252","date_of_document":"1862-12-01","date_of_document_to":"","issuing_authority":"Direzione marittima di Genova","issuing_authority_location":"Genova","source_type_name":"","fond_number":"","fond_title":"","fond_series_number":"","file_number":"","file_tile":"","note":"","comment":""},"ship_records":{"ship_name":"Adelaide","ship_type":"Brigantino Barca","ship_tonnage":"209,96","construction_location":"all`estero","construction_location_date":"1846","ammunition_type":"","ammunition_quantity_value":"","ammunition_quantity_unit":"","registry_port":"Genova","registry_number":"357","organization_name":"","owner_name":"Cesare","owner_surname":"Figari","owner_fathers_name":"","note":"","comment":""},"ports_of_call":{"date_from":"1862-12-01","date_to":"1863-08-20","total_duration_months":"8","total_duration_years":"20","first_planned_destinations":"Bari","total_crew_number":"12","note":"","comment":""},"crew_list":{"0":{"embarkation_port":"Genova","embarkation_date":"1862-12-01","discharge_port":"Genova","discharge_date":"1863-08-20","crew_surname":"Figari","crew_name":"Cesare","crew_birth_location":"Genova","crew_birth_date":"1828","crew_serial_number":"6004","crew_profession_type":"Capitano di prima classe","crew_profession_wage":"Italian Lira","crew_profession_months":"8","crew_profession_days":"20","crew_profession_pension_funds":"43,33"},"1":{"embarkation_port":"Genova","embarkation_date":"1862-12-01","discharge_port":"Genova","discharge_date":"1863-08-20","crew_surname":"Mosto","crew_name":"Antonio Francesco","crew_birth_location":"Genova","crew_birth_date":"1835","crew_serial_number":"9882","crew_profession_type":"Secondo","crew_profession_wage":"Italian Lira","crew_profession_value":"100","crew_profession_months":"8","crew_profession_days":"20","crew_profession_pension_funds":"13"},"2":{"embarkation_port":"Genova","embarkation_date":"1862-12-01","discharge_port":"Genova","discharge_date":"1863-08-20","crew_surname":"Dellepiane","crew_name":"Siro","crew_birth_location":"Genova","crew_birth_date":"1819","crew_serial_number":"2100","crew_profession_type":"Nostromo","crew_profession_wage":"Italian Lira","crew_profession_value":"70","crew_profession_months":"8","crew_profession_days":"20","crew_profession_pension_funds":"13"},"3":{"embarkation_port":"Genova","embarkation_date":"1862-12-01","discharge_port":"Genova","discharge_date":"1863-08-20","crew_surname":"Tixe","crew_name":"Adamo","crew_birth_location":"Genova","crew_birth_date":"1807","crew_serial_number":"5208","crew_profession_type":"Carpentiere","crew_profession_wage":"Italian Lira","crew_profession_value":"70","crew_profession_months":"8","crew_profession_days":"20","crew_profession_pension_funds":"13"},"4":{"embarkation_port":"Genova","embarkation_date":"1862-12-01","discharge_port":"Buenos Aires","discharge_date":"1863-02-24","crew_surname":"Rovello","crew_name":"Michele","crew_birth_location":"Genova","crew_birth_date":"1828","crew_serial_number":"5223","crew_profession_type":"Marinaio","crew_profession_wage":"Italian Lira","crew_profession_value":"45","crew_profession_months":"2","crew_profession_days":"24","crew_profession_pension_funds":"3,8"},"5":{"embarkation_port":"Genova","embarkation_date":"1862-12-01","discharge_port":"Genova","discharge_date":"1863-08-20","crew_surname":"Dellacasagrande","crew_name":"Giobatta","crew_birth_location":"Genova","crew_birth_date":"1809","crew_serial_number":"9253","crew_profession_type":"Dispensiere","crew_profession_wage":"Italian Lira","crew_profession_value":"75","crew_profession_months":"8","crew_profession_days":"20","crew_profession_pension_funds":"9,53"},"6":{"embarkation_port":"Genova","embarkation_date":"1862-12-01","discharge_port":"Marsiglia","discharge_date":"1863-06-13","crew_surname":"Tapani","crew_name":"Antonio","crew_birth_location":"Genova","crew_birth_date":"1830","crew_serial_number":"6268","crew_profession_type":"Marinaio","crew_profession_wage":"Italian Lira","crew_profession_value":"45","crew_profession_months":"7","crew_profession_days":"23","crew_profession_pension_funds":"8,54"},"7":{"embarkation_port":"Genova","embarkation_date":"1862-12-01","discharge_port":"Genova","discharge_date":"1863-08-20","crew_surname":"Liceti","crew_name":"Gian Lorenzo","crew_birth_location":"Genova","crew_birth_date":"1804","crew_serial_number":"2401","crew_profession_type":"Marinaio","crew_profession_wage":"Italian Lira","crew_profession_value":"45","crew_profession_months":"8","crew_profession_days":"20","crew_profession_pension_funds":"9,53"},"8":{"embarkation_port":"Genova","embarkation_date":"1862-12-01","discharge_port":"Genova","discharge_date":"1863-08-20","crew_surname":"Lervetto","crew_name":"Giuseppe","crew_birth_location":"Genova","crew_birth_date":"1841","crew_serial_number":"12933","crew_profession_type":"Marinaio","crew_profession_wage":"Italian Lira","crew_profession_value":"45","crew_profession_months":"8","crew_profession_days":"20","crew_profession_pension_funds":"9,53"},"9":{"embarkation_port":"Genova","embarkation_date":"1862-12-01","discharge_port":"Genova","discharge_date":"1863-08-20","crew_surname":"Figari","crew_name":"Clemente Luigi","crew_birth_location":"Genova","crew_birth_date":"1843","crew_serial_number":"13132","crew_profession_type":"Marinaio","crew_profession_wage":"Italian Lira","crew_profession_value":"45","crew_profession_months":"8","crew_profession_days":"20","crew_profession_pension_funds":"9,53"},"10":{"embarkation_port":"Genova","embarkation_date":"1862-12-01","discharge_port":"Genova","discharge_date":"1863-08-20","crew_surname":"Caviglia","crew_name":"Giuseppe Domenico","crew_birth_location":"Genova","crew_birth_date":"1844","crew_serial_number":"16197","crew_profession_type":"Marinaio","crew_profession_wage":"Italian Lira","crew_profession_value":"45","crew_profession_months":"8","crew_profession_days":"20","crew_profession_pension_funds":"9,53"},"11":{"embarkation_port":"Genova","embarkation_date":"1862-12-01","discharge_port":"Genova","discharge_date":"1863-08-20","crew_surname":"Costa","crew_name":"Franco Gio.Maria","crew_birth_location":"Genova","crew_birth_date":"1849","crew_serial_number":"19354","crew_profession_type":"Marinaio","crew_profession_wage":"Italian Lira","crew_profession_value":"5","crew_profession_months":"8","crew_profession_days":"20","crew_profession_pension_funds":"6,93"},"12":{"embarkation_port":"Buenos Aires","embarkation_date":"1863-02-25","discharge_port":"Marsiglia","discharge_date":"1863-07-22","crew_surname":"Figari","crew_name":"Giuseppe","crew_birth_location":"Recco","crew_birth_date":"1830","crew_profession_type":"Marinaio","crew_profession_wage":"Italian Lira","crew_profession_value":"45","crew_profession_months":"4","crew_profession_days":"29","crew_profession_pension_funds":"5,46"},"13":{},"14":{}},"route":{"0":{"departure_port":"Genova","departure_date":"1862-12-01"},"1":{"departure_port":"Buenos Aires","departure_date":"1863-04-11"},"2":{"departure_port":"Malaga","departure_date":"1863-06-30"},"3":{"departure_port":"Marsiglia","departure_date":"1863-08-07"},"4":{"arrival_port":"Genova","arrival_date":"1863-08-20"},"5":{},"6":{},"7":{},"8":{},"9":{},"10":{},"11":{},"12":{},"13":{},"14":{}}}}]}