﻿{"docs": [{"_id":"2018-02-27T15:29:51.883Z_2","template":"Crew List_IT","status":"Public","data":{"record_information":{"catalogue_id":"2","date_from":"2018-02-27","date_until":"2020-07-16T14:18:55","name":"Francesco","surname":"Ferrando","role_in_project":""},"source_identity":{"archive_library":"Archivio di Stato di Genova","archive_library_location":"Genova","register_number":"14","number_of_document":"6833","date_of_document":"1861-02-07","date_of_document_to":"","issuing_authority":"Direzione Marittima di Genova","issuing_authority_location":"Genova","source_type_name":"","fond_number":"","fond_title":"","fond_series_number":"","file_number":"","file_tile":"","note":"","comment":""},"ship_records":{"ship_name":"Ugo Bassi","ship_type":"Brigantino","ship_tonnage":"194,14","construction_location":"Varazze","construction_location_date":"1853","ammunition_type":"","ammunition_quantity_value":"","ammunition_quantity_unit":"","registry_port":"Genova","registry_number":"1590","organization_name":"","owner_name":"Figari","owner_surname":"Prospero","owner_fathers_name":"","note":"e socii","comment":""},"ports_of_call":{"date_from":"1861-02-07","date_to":"1862-05-12","total_duration_months":"15","total_duration_years":"6","first_planned_destinations":"Mar Nero","total_crew_number":"10","note":"","comment":""},"crew_list":{"0":{"embarkation_port":"Genova","embarkation_date":"1861-02-07","discharge_port":"Marsiglia","discharge_date":"1862-01-16","crew_surname":"Marciani","crew_name":"Giacomo","crew_birth_location":"Camogli","crew_birth_date":"1809","crew_serial_number":"7024","crew_profession_type":"Capitano di 2* classe","crew_profession_wage":"Italian Lira","crew_profession_value":"100","crew_profession_months":"11","crew_profession_days":"10","crew_profession_pension_funds":"39,67"},"1":{"embarkation_port":"Genova","embarkation_date":"1861-02-07","discharge_port":"Marsiglia","discharge_date":"1861-06-25","crew_surname":"Marciani","crew_name":"Prospero","crew_birth_location":"Camogli","crew_birth_date":"1826","crew_serial_number":"3985","crew_profession_type":"Secondo","crew_profession_wage":"Italian Lira","crew_profession_value":"80","crew_profession_months":"4","crew_profession_days":"19","crew_profession_pension_funds":"6,95"},"2":{"embarkation_port":"Genova","embarkation_date":"1861-02-07","discharge_port":"Marsiglia","discharge_date":"1862-01-11","crew_surname":"Oregno","crew_name":"Domenico","crew_birth_location":"Camogli","crew_birth_date":"1816","crew_serial_number":"4319","crew_profession_type":"Dispensiere\nNostromo","crew_profession_wage":"Italian Lira\n ","crew_profession_value":"67,50\n ","crew_profession_months":"11\n ","crew_profession_days":"5\n ","crew_profession_pension_funds":"16,75\n "},"3":{"embarkation_port":"Genova","embarkation_date":"1861-02-07","discharge_port":"Marsiglia","discharge_date":"1862-12-05","crew_surname":"Figari","crew_name":"Angelo","crew_birth_location":"Camogli","crew_birth_date":"1841","crew_serial_number":"10539","crew_profession_type":"Marinaio","crew_profession_wage":"Italian Lira","crew_profession_value":"60","crew_profession_months":"9","crew_profession_days":"29","crew_profession_pension_funds":"10,96"},"4":{"embarkation_port":"Genova","embarkation_date":"1861-02-07","discharge_port":"Marsiglia","discharge_date":"1861-06-03","crew_surname":"Perotto","crew_name":"Pietro","crew_birth_location":"Pugliola","crew_birth_date":"1834","crew_serial_number":"28822","crew_profession_type":"Marinaio","crew_profession_wage":"Italian Lira","crew_profession_value":"60","crew_profession_months":"3","crew_profession_days":"27","crew_profession_pension_funds":"4,29"},"5":{"embarkation_port":"Genova","embarkation_date":"1861-02-07","discharge_port":"Marsiglia","discharge_date":"1861-06-03","crew_surname":"Poggi","crew_name":"Felice","crew_birth_location":"Serici","crew_birth_date":"1838","crew_serial_number":"3064","crew_profession_type":"Marinaio","crew_profession_wage":"Italian Lira","crew_profession_value":"60","crew_profession_months":"3","crew_profession_days":"27","crew_profession_pension_funds":"4,29"},"6":{"embarkation_port":"Genova","embarkation_date":"1861-02-07","discharge_port":"Marsiglia","discharge_date":"1861-06-08","crew_surname":"Figoli","crew_name":"Emanuele","crew_birth_location":"Vernazza","crew_birth_date":"1840","crew_serial_number":"3816","crew_profession_type":"Marinaio","crew_profession_wage":"Italian Lira","crew_profession_value":"60","crew_profession_months":"4","crew_profession_days":"4","crew_profession_pension_funds":"4,47"},"7":{"embarkation_port":"Genova","embarkation_date":"1861-02-07","discharge_port":"Genova","discharge_date":"1861-02-07","crew_surname":"Balestrieri","crew_name":"Franco","crew_birth_location":"Livorno","crew_birth_date":"1823","crew_profession_type":"Marinaio","crew_profession_wage":"Italian Lira","crew_profession_value":"60","crew_profession_months":"--","crew_profession_days":"--","crew_profession_pension_funds":"--","note":"Passaporto"},"8":{"embarkation_port":"Genova","embarkation_date":"1861-02-07","discharge_port":"Marsiglia","discharge_date":"1861-08-12","crew_surname":"Busso","crew_name":"Andrea","crew_birth_location":"Diano","crew_birth_date":"1842","crew_serial_number":"2952","crew_profession_type":"Marinaio","crew_profession_wage":"Italian Lira","crew_profession_value":"30","crew_profession_months":"5","crew_profession_days":"6","crew_profession_pension_funds":"5,72"},"9":{"embarkation_port":"Genova","embarkation_date":"1861-02-07","discharge_port":"Marsiglia","discharge_date":"1862-01-24","crew_surname":"Olivari","crew_name":"Cereuzo","crew_birth_location":"Camogli","crew_birth_date":"1846","crew_serial_number":"13850","crew_profession_type":"Mozzo","crew_profession_wage":"Italian Lira","crew_profession_value":"25","crew_profession_months":"11","crew_profession_days":"18","crew_profession_pension_funds":"9,28"},"10":{"embarkation_port":"Genova","embarkation_date":"1861-02-07","discharge_port":"Marsiglia","discharge_date":"1861-06-05","crew_surname":"Giorgiou","crew_name":"Emanuele","crew_birth_location":"Ottomano","crew_birth_date":"1838","crew_profession_type":"Marinaio","crew_profession_wage":"Italian Lira","crew_profession_value":"60","crew_profession_months":"3","crew_profession_days":"29","crew_profession_pension_funds":"4,36","note":"Passaporto"},"11":{"embarkation_port":"Marsiglia","embarkation_date":"1861-07-11","discharge_port":"Marsiglia","discharge_date":"1861-12-05","crew_surname":"Olivari","crew_name":"Luigi","crew_birth_location":"Camogli","crew_birth_date":"1841","crew_serial_number":"5041","crew_profession_type":"Marinaio","crew_profession_wage":"Italian Lira","crew_profession_value":"50","crew_profession_months":"4","crew_profession_days":"25","crew_profession_pension_funds":"5,32"},"12":{"embarkation_port":"Marsiglia","embarkation_date":"1861-07-11","discharge_port":"Marsiglia","discharge_date":"1861-12-04","crew_surname":"Mazzino","crew_name":"Gerolamo","crew_birth_location":"Pietra","crew_birth_date":"1840","crew_serial_number":"2629","crew_profession_type":"Marinaio","crew_profession_wage":"Italian Lira","crew_profession_value":"50","crew_profession_months":"4","crew_profession_days":"24","crew_profession_pension_funds":"5,28"},"13":{"embarkation_port":"Marsiglia","embarkation_date":"1861-07-11","discharge_port":"Marsiglia","discharge_date":"1861-12-05","crew_surname":"Airaldi","crew_name":"Ambrogio","crew_birth_location":"Alassio","crew_birth_date":"1841","crew_serial_number":"2948","crew_profession_type":"Marinaio","crew_profession_wage":"Italian Lira","crew_profession_value":"50","crew_profession_months":"4","crew_profession_days":"25","crew_profession_pension_funds":"5,32"},"14":{"embarkation_port":"Marsiglia","embarkation_date":"1861-07-11","discharge_port":"Marsiglia","discharge_date":"1861-12-05","crew_surname":"Podesta","crew_name":"Stefano","crew_birth_location":"Alassio","crew_birth_date":"1844","crew_serial_number":"2948","crew_profession_type":"Mozzo","crew_profession_wage":"Italian Lira","crew_profession_value":"50","crew_profession_months":"4","crew_profession_days":"25","crew_profession_pension_funds":"3,87"},"15":{"embarkation_port":"Marsiglia","embarkation_date":"1861-07-11","discharge_port":"Marsiglia","discharge_date":"1861-12-05","crew_surname":"Maggiolo","crew_name":"Emanuele","crew_birth_location":"Camogli","crew_birth_date":"1821","crew_serial_number":"2016","crew_profession_type":"Marinaio","crew_profession_wage":"Italian Lira","crew_profession_value":"50","crew_profession_months":"11","crew_profession_days":"25","crew_profession_pension_funds":"5,32"},"16":{"embarkation_port":"Marsiglia","embarkation_date":"1861-07-11","discharge_port":"Oneglia","discharge_date":"1862-05-12","crew_surname":"Brignoli","crew_name":"Rocco","crew_birth_location":"Camogli","crew_birth_date":"1850","crew_serial_number":"17227","crew_profession_type":"Mozzo","crew_profession_wage":"Italian Lira","crew_profession_value":"20","crew_profession_months":"11","crew_profession_days":"2","crew_profession_pension_funds":"8,85"},"17":{"embarkation_port":"Marsiglia","embarkation_date":"1862-01-28","discharge_port":"Genova","discharge_date":"1862-05-12","crew_surname":"Malatesata","crew_name":"Fortunato","crew_birth_location":"Camogli","crew_birth_date":"1832","crew_serial_number":"6661","crew_profession_type":"Capitano di 2* classe","crew_profession_wage":"Italian Lira","crew_profession_months":"3","crew_profession_days":"15","crew_profession_pension_funds":"12,25"},"18":{"embarkation_port":"Marsiglia","embarkation_date":"1862-01-28","discharge_port":"Oneglia","discharge_date":"1862-05-12","crew_surname":"Marini","crew_name":"Antonio","crew_birth_location":"Camogli","crew_birth_date":"1828","crew_serial_number":"13419","crew_profession_type":"Secondo","crew_profession_wage":"Italian Lira","crew_profession_value":"78","crew_profession_months":"3","crew_profession_days":"15","crew_profession_pension_funds":"5,25"},"19":{"embarkation_port":"Marsiglia","embarkation_date":"1862-01-28","discharge_port":"Oneglia","discharge_date":"1862-05-12","crew_surname":"Ulma","crew_name":"Antonio","crew_birth_location":"Camogli","crew_birth_date":"1825","crew_serial_number":"16730","crew_profession_type":"Marinaio","crew_profession_wage":"Italian Lira","crew_profession_value":"60","crew_profession_months":"3","crew_profession_days":"15","crew_profession_pension_funds":"3,85"},"20":{"embarkation_port":"Marsiglia","embarkation_date":"1862-01-28","discharge_port":"Genova","discharge_date":"1862-05-12","crew_surname":"Mortola","crew_name":"Emanuele","crew_birth_location":"Camogli","crew_birth_date":"1830","crew_serial_number":"6172","crew_profession_type":"Marinaio","crew_profession_wage":"Italian Lira","crew_profession_value":"60","crew_profession_months":"3","crew_profession_days":"15","crew_profession_pension_funds":"3,85"},"21":{"embarkation_port":"Marsiglia","embarkation_date":"1862-01-28","discharge_port":"Oneglia","discharge_date":"1861-05-12","crew_surname":"Leonardini","crew_name":"Guidone","crew_birth_location":"Camogli","crew_birth_date":"1824","crew_serial_number":"18150","crew_profession_type":"Marinaio","crew_profession_wage":"Italian Lira","crew_profession_value":"60","crew_profession_months":"3","crew_profession_days":"15","crew_profession_pension_funds":"3,85"},"22":{"embarkation_port":"Marsiglia","embarkation_date":"1862-01-28","discharge_port":"Oneglia","discharge_date":"1861-05-12","crew_surname":"Schiaffino","crew_name":"Giuseppe","crew_birth_location":"Camogli","crew_birth_date":"1842","crew_serial_number":"13872","crew_profession_type":"Marinaio","crew_profession_wage":"Italian Lira","crew_profession_value":"60","crew_profession_months":"3","crew_profession_days":"15","crew_profession_pension_funds":"3,85"},"23":{"embarkation_port":"Marsiglia","embarkation_date":"1862-01-28","discharge_port":"Oneglia","discharge_date":"1861-05-12","crew_surname":"Amoretti","crew_name":"GioBatta","crew_birth_location":"Oneglia","crew_birth_date":"1817","crew_serial_number":"976","crew_profession_type":"Marinaio","crew_profession_wage":"Italian Lira","crew_profession_value":"60","crew_profession_months":"3","crew_profession_days":"15","crew_profession_pension_funds":"3,85"},"24":{"embarkation_port":"Marsiglia","embarkation_date":"1862-01-28","discharge_port":"Oneglia","discharge_date":"1861-05-12","crew_surname":"Marchio","crew_name":"Giovanni","crew_birth_location":"Genova","crew_birth_date":"1843","crew_serial_number":"15113","crew_profession_type":"Giovinetto","crew_profession_wage":"Italian Lira","crew_profession_value":"50","crew_profession_months":"3","crew_profession_days":"15","crew_profession_pension_funds":"3,85"},"25":{"embarkation_port":"Marsiglia","embarkation_date":"1862-01-28","discharge_port":"Genova","discharge_date":"1861-05-12","crew_surname":"Magnasco","crew_name":"Filippo","crew_birth_location":"Ruta","crew_birth_date":"1847","crew_serial_number":"15466","crew_profession_type":"Mozzo","crew_profession_wage":"Italian Lira","crew_profession_value":"25","crew_profession_months":"3","crew_profession_days":"15","crew_profession_pension_funds":"2,80"},"26":{},"27":{}},"route":{"0":{"departure_port":"Costantinopoli","departure_date":"1861-04-03"},"1":{"departure_port":"Marsiglia","departure_date":"1861-06-03"},"2":{"departure_port":"Costantinopoli","departure_date":"1861-08-28"},"3":{"departure_port":"Marianopoli","departure_date":"[1861-09-25]"},"4":{"departure_port":"Costantinopoli","departure_date":"1861-10-19"},"5":{"departure_port":"Talamone","departure_date":"1861-11-11"},"6":{"departure_port":"Marsiglia","departure_date":"1861-12-04"},"7":{"departure_port":"Marsiglia","departure_date":"1862-01-28"},"8":{},"9":{},"10":{},"11":{},"12":{},"13":{},"14":{}}}}]}