﻿{
    "docs": [
        {
            "_id": "2018-03-27T14:40:32.384Z_22",
            "template": "Crew List_IT",
            "status": "Public",
            "data": {
                "record_information": {
                    "catalogue_id": "22",
                    "date_from": "2018-03-27",
                    "date_until": "2020-09-22T14:59:27",
                    "name": "Carolina",
                    "surname": "Gaggero ",
                    "role_in_project": ""
                },
                "source_identity": {
                    "archive_library": "Archivio di Stato di Genova",
                    "archive_library_location": "Genova",
                    "register_number": "14",
                    "number_of_document": "9597",
                    "date_of_document": "1862-02-25",
                    "date_of_document_to": "",
                    "issuing_authority": "Direzione marittima di Genova",
                    "issuing_authority_location": "Genova",
                    "source_type_name": "",
                    "fond_number": "",
                    "fond_title": "",
                    "fond_series_number": "",
                    "file_number": "",
                    "file_tile": "",
                    "note": "",
                    "comment": ""
                },
                "ship_records": {
                    "ship_name": "Colombo",
                    "ship_type": "Brigantino",
                    "ship_tonnage": "128",
                    "construction_location": "Lerici",
                    "construction_location_date": "1846",
                    "ammunition_type": "",
                    "ammunition_quantity_value": "",
                    "ammunition_quantity_unit": "",
                    "registry_port": "Genova",
                    "registry_number": "1901",
                    "organization_name": "",
                    "owner_name": "Fortunato",
                    "owner_surname": "Olivari",
                    "owner_fathers_name": "Giobatta",
                    "note": "",
                    "comment": ""
                },
                "ports_of_call": {
                    "date_from": "1862-02-25",
                    "date_to": "1862-11-03",
                    "total_duration_months": "7",
                    "total_duration_years": "8",
                    "first_planned_destinations": "Civitavecchia",
                    "total_crew_number": "9",
                    "note": "",
                    "comment": ""
                },
                "crew_list": {
                    "0": {
                        "embarkation_port": "Genova",
                        "embarkation_date": "1862-02-25",
                        "discharge_port": "Genova",
                        "discharge_date": "1862-11-03",
                        "crew_surname": "Olivari",
                        "crew_name": "Fracesco",
                        "crew_birth_location": "Genova",
                        "crew_birth_date": "1830",
                        "crew_serial_number": "6192",
                        "crew_profession_type": "Capitano di seconda classe",
                        "crew_profession_wage": "Share",
                        "crew_profession_value": "2",
                        "crew_profession_months": "7",
                        "crew_profession_days": "8",
                        "crew_profession_pension_funds": "25,43"
                    },
                    "1": {
                        "embarkation_port": "Genova",
                        "embarkation_date": "1862-02-25",
                        "discharge_port": "Genova",
                        "discharge_date": "1862-11-03",
                        "crew_surname": "Olivari",
                        "crew_name": "Luigi",
                        "crew_birth_location": "Genova",
                        "crew_birth_date": "1839",
                        "crew_serial_number": "11547",
                        "crew_profession_type": "Secondo",
                        "crew_profession_wage": "Share",
                        "crew_profession_value": "1,5",
                        "crew_profession_months": "7",
                        "crew_profession_days": "8",
                        "crew_profession_pension_funds": "10,90"
                    },
                    "2": {
                        "embarkation_port": "Genova",
                        "embarkation_date": "1862-02-25",
                        "discharge_port": "Genova",
                        "discharge_date": "1862-11-03",
                        "crew_surname": "Olivari",
                        "crew_name": "Antonio",
                        "crew_birth_location": "Genova",
                        "crew_birth_date": "1842",
                        "crew_serial_number": "12160",
                        "crew_profession_type": "Dispensiere",
                        "crew_profession_wage": "Share",
                        "crew_profession_value": "1,1",
                        "crew_profession_months": "7",
                        "crew_profession_days": "8",
                        "crew_profession_pension_funds": "7,99"
                    },
                    "3": {
                        "embarkation_port": "Genova",
                        "embarkation_date": "1862-02-25",
                        "discharge_port": "Genova",
                        "discharge_date": "1862-11-03",
                        "crew_surname": "Oneto",
                        "crew_name": "Gerolamo Giobatta",
                        "crew_birth_location": "Genova",
                        "crew_birth_date": "1844",
                        "crew_serial_number": "14436",
                        "crew_profession_type": "Marinaio",
                        "crew_profession_wage": "Share",
                        "crew_profession_value": "1",
                        "crew_profession_months": "7",
                        "crew_profession_days": "8",
                        "crew_profession_pension_funds": "7,99"
                    },
                    "4": {
                        "embarkation_port": "Genova",
                        "embarkation_date": "1862-02-25",
                        "discharge_port": "Genova",
                        "discharge_date": "1862-07-02",
                        "crew_surname": "Casanova",
                        "crew_name": "Giuseppe",
                        "crew_birth_location": "Livorno",
                        "crew_birth_date": "1843",
                        "crew_serial_number": "1875",
                        "crew_profession_type": "Marinaio",
                        "crew_profession_wage": "Share",
                        "crew_profession_value": "1",
                        "crew_profession_months": "4",
                        "crew_profession_days": "8",
                        "crew_profession_pension_funds": "4,69"
                    },
                    "5": {
                        "embarkation_port": "Genova",
                        "embarkation_date": "1862-02-25",
                        "discharge_port": "Genova",
                        "discharge_date": "1862-07-02",
                        "crew_surname": "Mansuetti",
                        "crew_name": "Adriano",
                        "crew_birth_location": "Genova",
                        "crew_birth_date": "1843",
                        "crew_serial_number": "16047",
                        "crew_profession_type": "Marinaio",
                        "crew_profession_wage": "Share",
                        "crew_profession_value": "1",
                        "crew_profession_months": "4",
                        "crew_profession_days": "8",
                        "crew_profession_pension_funds": "4,69"
                    },
                    "6": {
                        "embarkation_port": "Genova",
                        "embarkation_date": "1862-02-25",
                        "discharge_port": "Genova",
                        "discharge_date": "1862-07-02",
                        "crew_surname": "Merello",
                        "crew_name": "Lorenzo",
                        "crew_birth_location": "Chiavari",
                        "crew_birth_date": "1844",
                        "crew_serial_number": "6584",
                        "crew_profession_type": "Marinaio",
                        "crew_profession_wage": "Share",
                        "crew_profession_value": "1",
                        "crew_profession_months": "4",
                        "crew_profession_days": "8",
                        "crew_profession_pension_funds": "4,69"
                    },
                    "7": {
                        "embarkation_port": "Genova",
                        "embarkation_date": "1862-02-25",
                        "discharge_port": "Genova",
                        "discharge_date": "1862-07-02",
                        "crew_surname": "Schiapelli",
                        "crew_name": "Francesco Bernardo",
                        "crew_birth_location": "Genova",
                        "crew_birth_date": "1845",
                        "crew_serial_number": "17049",
                        "crew_profession_type": "Mozzo",
                        "crew_profession_wage": "Share",
                        "crew_profession_value": "1/2",
                        "crew_profession_months": "4",
                        "crew_profession_days": "8",
                        "crew_profession_pension_funds": "3,41"
                    },
                    "8": {
                        "embarkation_port": "Genova",
                        "embarkation_date": "1862-02-25",
                        "discharge_port": "Genova",
                        "discharge_date": "1862-07-02",
                        "crew_surname": "Sanguineti",
                        "crew_name": "Giobatta Bartolomeo",
                        "crew_birth_location": "Chiavari",
                        "crew_birth_date": "1845",
                        "crew_serial_number": "7976",
                        "crew_profession_type": "Mozzo",
                        "crew_profession_wage": "Share",
                        "crew_profession_value": "1/4",
                        "crew_profession_months": "4",
                        "crew_profession_days": "8",
                        "crew_profession_pension_funds": "3,41"
                    },
                    "9": {
                        "embarkation_port": "Genova",
                        "embarkation_date": "1862-08-04",
                        "discharge_port": "Genova",
                        "discharge_date": "1862-11-03",
                        "crew_surname": "Risfo",
                        "crew_name": "Giobatta",
                        "crew_birth_location": "Genova",
                        "crew_birth_date": "1802",
                        "crew_serial_number": "17552",
                        "crew_profession_type": "Dispensiere",
                        "crew_profession_wage": "Share",
                        "crew_profession_value": "1,1",
                        "crew_profession_months": "3",
                        "crew_profession_pension_funds": "3,30"
                    },
                    "10": {
                        "embarkation_port": "Genova",
                        "embarkation_date": "1862-08-04",
                        "discharge_port": "Genova",
                        "discharge_date": "1862-11-03",
                        "crew_surname": "Brignati",
                        "crew_name": "Prospero",
                        "crew_birth_location": "Genova",
                        "crew_birth_date": "1845",
                        "crew_serial_number": "15727",
                        "crew_profession_type": "Marinaio",
                        "crew_profession_wage": "Share",
                        "crew_profession_value": "1",
                        "crew_profession_months": "3",
                        "crew_profession_pension_funds": "2,40"
                    },
                    "11": {
                        "embarkation_port": "Genova",
                        "embarkation_date": "1862-08-04",
                        "discharge_port": "Genova",
                        "discharge_date": "1862-11-03",
                        "crew_surname": "Castello",
                        "crew_name": "Luigi",
                        "crew_birth_location": "Genova",
                        "crew_birth_date": "1846",
                        "crew_serial_number": "14116",
                        "crew_profession_type": "Mozzo",
                        "crew_profession_wage": "Share",
                        "crew_profession_value": "1/2",
                        "crew_profession_months": "3",
                        "crew_profession_pension_funds": "2,40"
                    },
                    "12": {
                        "embarkation_port": "Genova",
                        "embarkation_date": "1862-08-04",
                        "discharge_port": "Genova",
                        "discharge_date": "1862-11-03",
                        "crew_surname": "Schiaffino",
                        "crew_name": "Enrico",
                        "crew_birth_location": "Genova",
                        "crew_birth_date": "[16]",
                        "crew_profession_type": "Marinaio",
                        "crew_profession_wage": "Share",
                        "crew_profession_value": "1",
                        "crew_profession_months": "3",
                        "crew_profession_pension_funds": "2,40"
                    },
                    "13": {
                        "embarkation_port": "Genova",
                        "embarkation_date": "1862-08-04",
                        "discharge_port": "Genova",
                        "discharge_date": "1862-11-03",
                        "crew_surname": "Oneto",
                        "crew_name": "Gaetano",
                        "crew_birth_location": "Genova",
                        "crew_birth_date": "1849",
                        "crew_serial_number": "18964",
                        "crew_profession_type": "Mozzo",
                        "crew_profession_wage": "Share",
                        "crew_profession_value": "1/4",
                        "crew_profession_months": "3",
                        "crew_profession_pension_funds": "2,40"
                    },
                    "14": {}
                },
                "route": {
                    "0": {
                        "departure_port": "Genova",
                        "departure_date": "1862-02-25"
                    },
                    "1": {
                        "departure_port": "Livorno",
                        "departure_date": "1862-03-04"
                    },
                    "2": {
                        "departure_port": "Follonica",
                        "departure_date": "1862-03-15"
                    },
                    "3": {
                        "departure_port": "Malta",
                        "departure_date": "1862-04-26"
                    },
                    "4": {
                        "departure_port": "Cipro",
                        "departure_date": "1862-05-12"
                    },
                    "5": {
                        "departure_port": "Costantinopoli",
                        "departure_date": "1862-09-14"
                    },
                    "6": {
                        "departure_port": "Sulina",
                        "departure_date": "1862-09-19"
                    },
                    "7": {
                        "departure_port": "Braila",
                        "departure_date": "1862-10-01"
                    },
                    "8": {
                        "departure_port": "Galatz",
                        "departure_date": "1862-10-04"
                    },
                    "9": {
                        "departure_port": "Sulina",
                        "departure_date": "1862-10-09"
                    },
                    "10": {
                        "departure_port": "Costantinopoli",
                        "departure_date": "1862-10-13"
                    },
                    "11": {
                        "departure_port": "Malta",
                        "departure_date": "1862-10-25"
                    },
                    "12": {
                        "arrival_port": "Genova",
                        "arrival_date": "1862-11-03"
                    },
                    "13": {},
                    "14": {}
                }
            }
        }
    ]
}