﻿{"docs": [{"_id":"2018-04-03T13:21:37.243Z_15","template":"Crew List_IT","status":"Public","data":{"record_information":{"catalogue_id":"15","date_from":"2018-04-03","date_until":"2020-09-22T14:42:28","name":"Francesco","surname":"Ferrando","role_in_project":""},"source_identity":{"archive_library":"Archivio di Stato di Genova","archive_library_location":"Genova","register_number":"14","number_of_document":"6875","date_of_document":"1861-02-16","date_of_document_to":"","issuing_authority":"Direzione Marittima di Genova","issuing_authority_location":"Genova","source_type_name":"","fond_number":"","fond_title":"","fond_series_number":"","file_number":"","file_tile":"","note":"","comment":""},"ship_records":{"ship_name":"Angelina","ship_type":"Brigantino","ship_tonnage":"207,12","construction_location":"[all`estero]","construction_location_date":"","ammunition_type":"","ammunition_quantity_value":"","ammunition_quantity_unit":"","registry_port":"Genova","registry_number":"2060","organization_name":"","owner_name":"Bertolotto","owner_surname":"Gerolamo","owner_fathers_name":"","note":"","comment":""},"ports_of_call":{"date_from":"1861-02-16","date_to":"1862-03-07","total_duration_months":"12","total_duration_years":"16","first_planned_destinations":"Mar Nero o Azof","total_crew_number":"11","note":"","comment":""},"crew_list":{"0":{"embarkation_port":"Genova","embarkation_date":"1861-02-16","discharge_port":"Genova","discharge_date":"1862-03-07","crew_surname":"Repetto","crew_name":"Pietro","crew_birth_location":"Camogli","crew_birth_date":"1824","crew_serial_number":"4681","crew_profession_type":"Capitano di 2* classe","crew_profession_wage":"Italian Lira","crew_profession_months":"12","crew_profession_days":"16","crew_profession_pension_funds":"43,87"},"1":{"embarkation_port":"Livorno","embarkation_date":"1861-02-19","discharge_port":"Spezia","discharge_date":"1861-03-01","crew_surname":"Malfino","crew_name":"Giuseppe","crew_birth_location":"Camogli","crew_birth_date":"1834","crew_serial_number":"7531","crew_profession_type":"Secondo","crew_profession_wage":"Italian Lira","crew_profession_value":"160","crew_profession_months":"12","crew_profession_days":"13","crew_profession_pension_funds":"43,65"},"2":{"embarkation_port":"Livorno","embarkation_date":"1861-02-19","discharge_port":"Genova","discharge_date":"1862-03-07","crew_surname":"Malagamba","crew_name":"Giuseppe","crew_birth_location":"Varazze","crew_birth_date":"1840","crew_serial_number":"3741","crew_profession_type":"Marinaio","crew_profession_wage":"Italian Lira","crew_profession_value":"60","crew_profession_months":"12","crew_profession_days":"13","crew_profession_pension_funds":"13,68"},"3":{"embarkation_port":"Livorno","embarkation_date":"1861-02-19","discharge_port":"Genova","discharge_date":"1862-03-07","crew_surname":"Cancelli","crew_name":"Isco","crew_birth_location":"Spezia","crew_birth_date":"1839","crew_serial_number":"3651","crew_profession_type":"Marinaio","crew_profession_wage":"Italian Lira","crew_profession_value":"60","crew_profession_months":"12","crew_profession_days":"13","crew_profession_pension_funds":"13,68"},"4":{"embarkation_port":"Livorno","embarkation_date":"1861-02-19","discharge_port":"Genova","discharge_date":"1862-03-07","crew_surname":"Repetto","crew_name":"Agostino","crew_birth_location":"Camogli","crew_birth_date":"1833","crew_serial_number":"3219","crew_profession_type":"Dispensiere","crew_profession_wage":"Italian Lira","crew_profession_value":"70","crew_profession_months":"12","crew_profession_days":"13","crew_profession_pension_funds":"13,68"},"5":{"embarkation_port":"Livorno","embarkation_date":"1861-02-19","discharge_port":"Genova","discharge_date":"1862-03-07","crew_surname":"Gighlione","crew_name":"Amgelo","crew_birth_date":"1841","crew_serial_number":"2767","crew_profession_type":"Marinaio","crew_profession_wage":"Italian Lira","crew_profession_value":"60","crew_profession_months":"12","crew_profession_days":"13","crew_profession_pension_funds":"13,68"},"6":{"embarkation_port":"Livorno","embarkation_date":"1861-02-19","discharge_port":"Genova","discharge_date":"1862-03-07","crew_surname":"Fortunato","crew_name":"Michele","crew_birth_date":"1841","crew_serial_number":"3894","crew_profession_type":"Marinaio","crew_profession_wage":"Italian Lira","crew_profession_value":"30","crew_profession_months":"12","crew_profession_days":"13","crew_profession_pension_funds":"13,68"},"7":{"embarkation_port":"Livorno","embarkation_date":"1861-02-19","discharge_port":"Genova","discharge_date":"1862-03-07","crew_surname":"Cichero","crew_name":"Pasquale","crew_birth_location":"Recco","crew_birth_date":"1840","crew_serial_number":"11068","crew_profession_type":"Marinaio","crew_profession_wage":"Italian Lira","crew_profession_value":"60","crew_profession_months":"12","crew_profession_days":"13","crew_profession_pension_funds":"13,68"},"8":{"embarkation_port":"Livorno","embarkation_date":"1861-02-19","discharge_port":"Genova","discharge_date":"1862-03-07","crew_surname":"Olivari","crew_name":"Francesco","crew_birth_location":"Camogli","crew_birth_date":"1841","crew_serial_number":"15039","crew_profession_type":"Mozzo","crew_profession_wage":"Italian Lira","crew_profession_value":"10","crew_profession_months":"12","crew_profession_days":"13","crew_profession_pension_funds":"9,95"},"9":{"embarkation_port":"Livorno","embarkation_date":"1861-02-19","discharge_port":"Genova","discharge_date":"1862-03-07","crew_surname":"Massone","crew_name":"Stefano","crew_birth_location":"Livorno","crew_birth_date":"1834","crew_serial_number":"854","crew_profession_type":"Marinaio\nSecondo","crew_profession_wage":"Italian Lira\n ","crew_profession_value":"60\n ","crew_profession_months":"12\n12","crew_profession_days":"13\n1","crew_profession_pension_funds":"9,35\n18,05","note":"Secondo dal 1862-03-01"},"10":{"embarkation_port":"Livorno","embarkation_date":"1861-02-19","discharge_port":"Genova","discharge_date":"1862-03-07","crew_surname":"Bisio","crew_name":"Virgilio","crew_birth_location":"Sezzano","crew_birth_date":"1843","crew_serial_number":"4222","crew_profession_type":"Giovinetto","crew_profession_wage":"Italian Lira","crew_profession_value":"25","crew_profession_months":"12","crew_profession_days":"13","crew_profession_pension_funds":"13,68"},"11":{"embarkation_port":"Spezia","embarkation_date":"1861-03-01","discharge_port":"Genova","discharge_date":"1862-03-07","crew_surname":"Rosa","crew_name":"Gasparo Francesco","crew_birth_location":"San Venere","crew_birth_date":"1841","crew_serial_number":"3681","crew_profession_type":"Marinaio","crew_profession_wage":"Italian Lira","crew_profession_value":"60","crew_profession_months":"12","crew_profession_days":"13","crew_profession_pension_funds":"13,24"},"12":{},"13":{},"14":{}},"route":{"0":{"departure_port":"Livorno","departure_date":"1861-02-19"},"1":{"departure_port":"Spezia","departure_date":"1861-03-01"},"2":{"departure_port":"Dardanelli","departure_date":"1861-03-23"},"3":{"departure_port":"Costantinopoli","departure_date":"1861-04-12"},"4":{"departure_port":"Sulina","departure_date":"1861-04-23"},"5":{"departure_port":"Braila","departure_date":"1861-06-22"},"6":{"departure_port":"Sulina","departure_date":"1861-06-28"},"7":{"departure_port":"Costantinopoli","departure_date":"1861-07-03"},"8":{"departure_port":"Cardiff","departure_date":"1861-10-15"},"9":{"departure_port":"Smirne","departure_date":"1861-12-19"},"10":{"departure_port":"Salonicco","departure_date":"1861-12-31"},"11":{"departure_port":"Volo","departure_date":"1862-01-27"},"12":{"departure_port":"Messina","departure_date":"1862-02-14"},"13":{"departure_port":"Portoferraio","departure_date":"1862-02-26"},"14":{},"15":{}}}}]}