﻿{"docs": [{"_id":"2018-04-03T12:24:53.427Z_25","template":"Crew List_IT","status":"Public","data":{"record_information":{"catalogue_id":"25","date_from":"2018-04-03","date_until":"2019-08-29T13:22:04","name":"Carolina","surname":"Gaggero","role_in_project":""},"source_identity":{"archive_library":"Archivio di Stato di Genova","archive_library_location":"Genova","register_number":"14","number_of_document":"9592","date_of_document":"1862-02-24","issuing_authority":"Direzione marittima di Genova","issuing_authority_location":"Genova","note":"","comment":""},"ship_records":{"ship_name":"Fortuna","ship_type":"Brick Barca","ship_tonnage":"412,5","construction_location":"Savona","construction_location_date":"1862","ammunition_type":"","ammunition_quantity_value":"","ammunition_quantity_unit":"","registry_port":"Genova","registry_number":"1076","owner_name":"Fortunato","owner_surname":"Ottone","owner_fathers_name":"","note":"","comment":""},"ports_of_call":{"date_from":"1862-02-24","date_to":"1864-01-23","total_duration_months":"22","total_duration_years":"13","first_planned_destinations":"Mar Nero","total_crew_number":"16","note":"","comment":""},"crew_list":{"0":{"embarkation_port":"Genova","embarkation_date":"1862-02-24","discharge_port":"Genova","discharge_date":"1862-09-01","crew_surname":"Ottone","crew_name":"Fortunato","crew_birth_location":"Genova","crew_birth_date":"1822","crew_serial_number":"3899","crew_profession_type":"Capitano di seconda classe","crew_profession_wage":"Italian Lira","crew_profession_months":"6","crew_profession_days":"8","crew_profession_pension_funds":"21,93"},"1":{"embarkation_port":"Genova","embarkation_date":"1862-02-24","discharge_port":"Genova","discharge_date":"1862-09-01","crew_surname":"Bozzo","crew_name":"Nicolò Giuseppe","crew_birth_location":"Camogli","crew_birth_date":"1832","crew_serial_number":"2418","crew_profession_type":"Secondo","crew_profession_wage":"Italian Lira","crew_profession_value":"90","crew_profession_months":"6","crew_profession_days":"8","crew_profession_pension_funds":"9,40"},"2":{"embarkation_port":"Genova","embarkation_date":"1862-02-24","discharge_port":"Genova","discharge_date":"1862-09-01","crew_surname":"Mortola","crew_name":"Giobatta","crew_birth_location":"Camogli","crew_birth_date":"1832","crew_serial_number":"6983","crew_profession_type":"Nostromo","crew_profession_wage":"Italian Lira","crew_profession_value":"75","crew_profession_months":"6","crew_profession_days":"8","crew_profession_pension_funds":"9,40"},"3":{"embarkation_port":"Genova","embarkation_date":"1862-02-24","discharge_port":"Costantinopoli","discharge_date":"1862-05-01","crew_surname":"Cambiagio","crew_name":"Pietro","crew_birth_location":"Venezia","crew_birth_date":"1839","crew_profession_type":"Maestro carpentiere di bordo","crew_profession_wage":"Italian Lira","crew_profession_value":"70","crew_profession_months":"2","crew_profession_days":"12","crew_profession_pension_funds":"2,64"},"4":{"embarkation_port":"Genova","embarkation_date":"1862-02-24","discharge_port":"Genova","discharge_date":"1864-01-23","crew_surname":"Debenedetti","crew_name":"Giuseppe","crew_birth_location":"Savona","crew_birth_date":"1809","crew_serial_number":"6044","crew_profession_type":"Dispensiere","crew_profession_wage":"Italian Lira","crew_profession_value":"70","crew_profession_months":"22","crew_profession_days":"13","crew_profession_pension_funds":"24,68"},"5":{"embarkation_port":"Genova","embarkation_date":"1862-02-24","discharge_port":"Genova","discharge_date":"1862-09-01","crew_surname":"Unghelli","crew_name":"Natale","crew_birth_location":"Lavagna","crew_birth_date":"1840","crew_serial_number":"340","crew_profession_type":"Marinaio","crew_profession_wage":"Italian Lira","crew_profession_value":"60","crew_profession_months":"6","crew_profession_days":"8","crew_profession_pension_funds":"6,89"},"6":{"embarkation_port":"Genova","embarkation_date":"1862-02-24","discharge_port":"Genova","discharge_date":"1862-09-01","crew_surname":"Maglione","crew_name":"Carlo Rocco","crew_birth_location":"Alassio","crew_birth_date":"1840","crew_serial_number":"2232","crew_profession_type":"Marinaio","crew_profession_wage":"Italian Lira","crew_profession_value":"60","crew_profession_months":"6","crew_profession_days":"8","crew_profession_pension_funds":"6,89"},"7":{"embarkation_port":"Genova","embarkation_date":"1862-02-24","discharge_port":"Genova","discharge_date":"1862-09-01","crew_surname":"Rosso","crew_name":"Domenico Nicola","crew_birth_location":"Cervo","crew_birth_date":"1832","crew_serial_number":"892","crew_profession_type":"Marinaio","crew_profession_wage":"Italian Lira","crew_profession_value":"60","crew_profession_months":"6","crew_profession_days":"8","crew_profession_pension_funds":"6,89"},"8":{"embarkation_port":"Genova","embarkation_date":"1862-02-24","discharge_port":"Genova","discharge_date":"1862-09-01","crew_surname":"Maggi","crew_name":"Domenico Antonio","crew_birth_location":"Alassio","crew_birth_date":"1839","crew_serial_number":"2912","crew_profession_type":"Marinaio","crew_profession_wage":"Italian Lira","crew_profession_value":"60","crew_profession_months":"6","crew_profession_days":"8","crew_profession_pension_funds":"6,89"},"9":{"embarkation_port":"Genova","embarkation_date":"1862-02-24","discharge_port":"Genova","discharge_date":"1862-09-01","crew_surname":"Airaldi","crew_name":"Antonio Emanuele Vincenzo","crew_birth_location":"Alassio","crew_birth_date":"1842","crew_serial_number":"2861","crew_profession_type":"Marinaio","crew_profession_wage":"Italian Lira","crew_profession_value":"60","crew_profession_months":"6","crew_profession_days":"8","crew_profession_pension_funds":"6,89"},"10":{"embarkation_port":"Genova","embarkation_date":"1862-02-24","discharge_port":"Genova","discharge_date":"1862-09-01","crew_surname":"Gardone","crew_name":"Francesco Domenico","crew_birth_location":"Cervo","crew_birth_date":"1842","crew_serial_number":"2728","crew_profession_type":"Marinaio","crew_profession_wage":"Italian Lira","crew_profession_value":"60","crew_profession_months":"6","crew_profession_days":"8","crew_profession_pension_funds":"6,89"},"11":{"embarkation_port":"Genova","embarkation_date":"1862-02-24","discharge_port":"Marsiglia","discharge_date":"1863-02-27","crew_surname":"Della Casa","crew_name":"Antonio","crew_birth_location":"Camogli","crew_birth_date":"1847","crew_serial_number":"15874","crew_profession_type":"Mozzo","crew_profession_wage":"Italian Lira","crew_profession_value":"13","crew_profession_months":"10","crew_profession_days":"17","crew_profession_pension_funds":"8,45"},"12":{"embarkation_port":"Genova","embarkation_date":"1862-02-24","discharge_port":"Genova","discharge_date":"1862-09-01","crew_surname":"Galleano","crew_name":"Stefano","crew_birth_location":"Savona","crew_birth_date":"1846","crew_serial_number":"5686","crew_profession_type":"Mozzo","crew_profession_wage":"Italian Lira","crew_profession_value":"30","crew_profession_months":"6","crew_profession_days":"8","crew_profession_pension_funds":"6,89"},"13":{"embarkation_port":"Genova","embarkation_date":"1862-02-24","discharge_port":"Genova","discharge_date":"1862-09-01","crew_surname":"Faleo","crew_name":"Cosimo Domenico","crew_birth_location":"Borghetto S. Spirito","crew_birth_date":"1843","crew_serial_number":"5118","crew_profession_type":"Marinaio","crew_profession_wage":"Italian Lira","crew_profession_value":"20","crew_profession_months":"6","crew_profession_days":"8","crew_profession_pension_funds":"6,89"},"14":{"embarkation_port":"Genova","embarkation_date":"1862-02-24","discharge_port":"Genova","discharge_date":"1862-09-01","crew_surname":"Giuria","crew_name":"Sebastiano","crew_birth_location":"Savona","crew_birth_date":"1843","crew_serial_number":"5778","crew_profession_type":"Marinaio","crew_profession_wage":"Italian Lira","crew_profession_value":"40","crew_profession_months":"6","crew_profession_days":"8","crew_profession_pension_funds":"6,89"},"15":{"embarkation_port":"Genova","embarkation_date":"1862-02-24","discharge_port":"Genova","discharge_date":"1864-01-23","crew_surname":"Ansaldo","crew_name":"Nicolò","crew_birth_location":"Camogli","crew_birth_date":"1843","crew_serial_number":"17117","crew_profession_type":"Marinaio","crew_profession_wage":"Italian Lira","crew_profession_value":"15","crew_profession_months":"22","crew_profession_days":"13","crew_profession_pension_funds":"24,68"},"16":{"embarkation_port":"Genova","embarkation_date":"1862-09-09","discharge_port":"Marsiglia","discharge_date":"1863-02-09","crew_surname":"Mortola","crew_name":"Nicolò","crew_birth_location":"Camogli","crew_birth_date":"1826","crew_serial_number":"2204","crew_profession_type":"Capitano di seconda classe","crew_profession_wage":"Italian Lira","crew_profession_value":"100","crew_profession_months":"4","crew_profession_days":"21","crew_profession_pension_funds":"16,45"},"17":{"embarkation_port":"Genova","embarkation_date":"1862-09-09","discharge_port":"Marsiglia","discharge_date":"1863-02-09","crew_surname":"Crovaro","crew_name":"Giuseppe","crew_birth_location":"Camogli","crew_birth_date":"1838","crew_serial_number":"10977","crew_profession_type":"Secondo","crew_profession_wage":"Italian Lira","crew_profession_value":"84","crew_profession_months":"4","crew_profession_days":"21","crew_profession_pension_funds":"7,5"},"18":{"embarkation_port":"Genova","embarkation_date":"1862-09-09","discharge_port":"Marsiglia","discharge_date":"1863-02-16","crew_surname":"Ciucci","crew_name":"Enrico","crew_birth_location":"Savona","crew_birth_date":"1823","crew_serial_number":"969","crew_profession_type":"Dispensiere","crew_profession_wage":"Italian Lira","crew_profession_value":"65","crew_profession_months":"4","crew_profession_days":"8","crew_profession_pension_funds":"4,69"},"19":{"embarkation_port":"Genova","embarkation_date":"1862-09-09","discharge_port":"Marsiglia","discharge_date":"1863-02-16","crew_surname":"Recchi","crew_name":"Mirone","crew_birth_location":"Savona","crew_birth_date":"1836","crew_serial_number":"3085","crew_profession_type":"Marinaio","crew_profession_wage":"Italian Lira","crew_profession_value":"56","crew_profession_months":"4","crew_profession_days":"8","crew_profession_pension_funds":"4,69"},"20":{"embarkation_port":"Genova","embarkation_date":"1862-09-19","discharge_port":"Marsiglia","discharge_date":"1863-02-26","crew_surname":"Sansoni","crew_name":"Giuseppe","crew_birth_location":"Portofino","crew_birth_date":"1834","crew_serial_number":"515","crew_profession_type":"Marinaio","crew_profession_wage":"Italian Lira","crew_profession_value":"56","crew_profession_months":"4","crew_profession_days":"8","crew_profession_pension_funds":"4,69"},"21":{"embarkation_port":"Genova","embarkation_date":"1862-09-19","discharge_port":"Costantinopoli","discharge_date":"1862-10-23","crew_surname":"Tassara","crew_name":"Giovanni","crew_birth_location":"Buta","crew_birth_date":"1845","crew_serial_number":"14518","crew_profession_type":"Marinaio","crew_profession_wage":"Italian Lira","crew_profession_value":"20","crew_profession_months":"1","crew_profession_days":"5","crew_profession_pension_funds":"1,78"},"22":{"embarkation_port":"Genova","embarkation_date":"1862-09-19","discharge_port":"Marsiglia","discharge_date":"1863-02-26","crew_surname":"Monsneti","crew_name":"Quirio","crew_birth_location":"Villafranca","crew_birth_date":"1843","crew_serial_number":"16047","crew_profession_type":"Marinaio","crew_profession_wage":"Italian Lira","crew_profession_value":"56","crew_profession_months":"4","crew_profession_days":"8","crew_profession_pension_funds":"4,69"},"23":{"embarkation_port":"Genova","embarkation_date":"1862-09-19","discharge_port":"Marsiglia","discharge_date":"1863-02-27","crew_surname":"Mottafini","crew_name":"Primillo","crew_birth_location":"Savona","crew_birth_date":"[41]","crew_profession_type":"Marinaio","crew_profession_wage":"Italian Lira","crew_profession_value":"56","crew_profession_months":"4","crew_profession_days":"9","crew_profession_pension_funds":"4,73"},"24":{"embarkation_port":"Genova","embarkation_date":"1862-09-19","discharge_port":"Marsiglia","discharge_date":"1863-02-28","crew_surname":"Borlesi","crew_name":"Luigi","crew_birth_location":"Savona","crew_birth_date":"1838","crew_profession_type":"Marinaio","crew_profession_wage":"Italian Lira","crew_profession_value":"56","crew_profession_months":"4","crew_profession_days":"10","crew_profession_pension_funds":"4,77"},"25":{"embarkation_port":"Genova","embarkation_date":"1862-09-19","discharge_port":"Marsiglia","discharge_date":"1863-02-26","crew_surname":"Mortola","crew_name":"Giobatta","crew_birth_location":"Camogli","crew_birth_date":"1832","crew_serial_number":"6983","crew_profession_type":"Nostromo","crew_profession_wage":"Italian Lira","crew_profession_value":"65","crew_profession_months":"4","crew_profession_days":"8","crew_profession_pension_funds":"6,40"},"26":{"embarkation_port":"Costantinopoli","embarkation_date":"1862-12-15","discharge_port":"Marsiglia","discharge_date":"1863-02-26","crew_surname":"Tassara","crew_name":"Giovanni","crew_birth_location":"Buta","crew_birth_date":"1845","crew_serial_number":"14158","crew_profession_type":"Marinaio","crew_profession_wage":"Italian Lira","crew_profession_value":"20","crew_profession_months":"1","crew_profession_days":"12","crew_profession_pension_funds":"1,54"},"27":{"embarkation_port":"Marsiglia","embarkation_date":"1863-02-26","discharge_port":"Genova","discharge_date":"1864-01-23","crew_surname":"Figari","crew_name":"Bartolomeo","crew_birth_location":"Camogli","crew_birth_date":"1831","crew_serial_number":"3166","crew_profession_type":"Capitano di seconda classe","crew_profession_wage":"Italian Lira","crew_profession_value":"100","crew_profession_months":"10","crew_profession_days":"28","crew_profession_pension_funds":"38,27"},"28":{"embarkation_port":"Marsiglia","embarkation_date":"1863-02-26","discharge_port":"Genova","discharge_date":"1864-01-23","crew_surname":"Bozzo","crew_name":"Lorenzo Giuseppe","crew_birth_location":"Camogli","crew_birth_date":"1835","crew_serial_number":"9124","crew_profession_type":"Secondo","crew_profession_wage":"Italian Lira","crew_profession_value":"90","crew_profession_months":"10","crew_profession_days":"28","crew_profession_pension_funds":"16,40"},"29":{"embarkation_port":"Marsiglia","embarkation_date":"1863-02-26","discharge_port":"Genova","discharge_date":"1864-01-23","crew_surname":"Antola","crew_name":"Bartolomeo","crew_birth_location":"Camogli","crew_birth_date":"1820","crew_serial_number":"4357","crew_profession_type":"Nostromo","crew_profession_wage":"Italian Lira","crew_profession_value":"75","crew_profession_months":"10","crew_profession_days":"28","crew_profession_pension_funds":"16,40"},"30":{"embarkation_port":"Marsiglia","embarkation_date":"1863-02-26","discharge_port":"Genova","discharge_date":"1864-01-23","crew_surname":"Bozzo","crew_name":"Giuseppe","crew_birth_location":"Camogli","crew_birth_date":"1846","crew_serial_number":"13730","crew_profession_type":"Marinaio","crew_profession_wage":"Italian Lira","crew_profession_value":"60","crew_profession_months":"1","crew_profession_days":"43","crew_profession_pension_funds":"1,94"},"31":{"embarkation_port":"Marsiglia","embarkation_date":"1863-02-26","discharge_date":"1863-08-18","crew_surname":"Massatervo","crew_name":"Giacomo","crew_birth_location":"Final Marina","crew_birth_date":"1838","crew_serial_number":"4601","crew_profession_type":"Marinaio","crew_profession_wage":"Italian Lira","crew_profession_value":"60","crew_profession_months":"3","crew_profession_days":"28","crew_profession_pension_funds":"4,33","note":"deceduto e sepolto a Taganrog"},"32":{"embarkation_port":"Marsiglia","embarkation_date":"1863-02-26","discharge_port":"Malta","discharge_date":"1863-06-23","crew_surname":"Allegro","crew_name":"Luigi","crew_birth_location":"Final Marina","crew_birth_date":"1839","crew_serial_number":"6694","crew_profession_type":"Marinaio","crew_profession_wage":"Italian Lira","crew_profession_value":"60","crew_profession_months":"3","crew_profession_days":"28","crew_profession_pension_funds":"4,33"},"33":{"embarkation_port":"Marsiglia","embarkation_date":"1863-02-26","discharge_port":"Malta","discharge_date":"1863-06-23","crew_surname":"Parodi","crew_name":"Francesco","crew_birth_location":"Final Marina","crew_birth_date":"1839","crew_serial_number":"3736","crew_profession_type":"Marinaio","crew_profession_wage":"Italian Lira","crew_profession_value":"60","crew_profession_months":"3","crew_profession_days":"28","crew_profession_pension_funds":"4,33"},"34":{"embarkation_port":"Marsiglia","embarkation_date":"1863-02-26","discharge_port":"Malta","discharge_date":"1863-06-23","crew_surname":"Attergo","crew_name":"Domenico","crew_birth_location":"Final Marina","crew_birth_date":"1834","crew_serial_number":"3287","crew_profession_type":"Marinaio","crew_profession_wage":"Italian Lira","crew_profession_value":"60","crew_profession_months":"3","crew_profession_days":"28","crew_profession_pension_funds":"4,33"},"35":{"embarkation_port":"Marsiglia","embarkation_date":"1863-02-26","discharge_port":"Malta","discharge_date":"1863-06-23","crew_surname":"Danei","crew_name":"Domenico","crew_birth_location":"Giglio","crew_birth_date":"1838","crew_serial_number":"690","crew_profession_type":"Giovane","crew_profession_wage":"Italian Lira","crew_profession_value":"40","crew_profession_months":"10","crew_profession_days":"28","crew_profession_pension_funds":"12,30"},"36":{"embarkation_port":"Marsiglia","embarkation_date":"1863-02-26","discharge_port":"Genova","discharge_date":"1864-01-23","crew_surname":"Cerrutti","crew_name":"Carlo Rocco","crew_birth_location":"Final Marina","crew_birth_date":"1843","crew_serial_number":"5971","crew_profession_type":"Giovane","crew_profession_wage":"Italian Lira","crew_profession_value":"40","crew_profession_months":"3","crew_profession_days":"28","crew_profession_pension_funds":"4,33"},"37":{"embarkation_port":"Marsiglia","embarkation_date":"1863-02-26","discharge_port":"Genova","discharge_date":"1864-01-23","crew_surname":"Della Casa","crew_name":"Antonio","crew_birth_location":"Camogli","crew_birth_date":"1847","crew_serial_number":"15847","crew_profession_type":"Giovane","crew_profession_wage":"Italian Lira","crew_profession_value":"30","crew_profession_months":"10","crew_profession_days":"28","crew_profession_pension_funds":"8,75"},"38":{"embarkation_port":"Malta","embarkation_date":"1863-06-23","discharge_port":"Falmouth","discharge_date":"1863-08-19","crew_surname":"Antola","crew_name":"Agostino","crew_birth_location":"Camogli","crew_birth_date":"1850","crew_serial_number":"17046","crew_profession_type":"Mozzo","crew_profession_wage":"Italian Lira","crew_profession_value":"15","crew_profession_months":"10","crew_profession_days":"28","crew_profession_pension_funds":"8,75"},"39":{"embarkation_port":"Malta","embarkation_date":"1863-06-23","discharge_port":"Cardiff","discharge_date":"1863-10-22","crew_surname":"Demistri","crew_name":"Marco","crew_birth_location":"Chio","crew_birth_date":"1838","crew_profession_type":"Marinaio","crew_profession_wage":"Italian Lira","crew_profession_value":"55","crew_profession_months":"1","crew_profession_days":"27","crew_profession_pension_funds":"2,10"},"40":{"embarkation_port":"Malta","embarkation_date":"1863-06-23","discharge_port":"Limerick","discharge_date":"1863-09-28","crew_surname":"Leptachi","crew_name":"Stamati","crew_birth_location":"Zante","crew_birth_date":"1830","crew_profession_type":"Marinaio","crew_profession_wage":"Italian Lira","crew_profession_value":"55","crew_profession_months":"4","crew_profession_pension_funds":"4,49"},"41":{"embarkation_port":"Malta","embarkation_date":"1863-06-23","discharge_port":"Limerick","discharge_date":"1863-09-28","crew_surname":"Giorgio","crew_name":"Angelo","crew_birth_location":"Siros","crew_birth_date":"1839","crew_profession_type":"Marinaio","crew_profession_wage":"Italian Lira","crew_profession_value":"55","crew_profession_months":"3","crew_profession_days":"6","crew_profession_pension_funds":"3,52"},"42":{"embarkation_port":"Malta","embarkation_date":"1863-06-23","discharge_port":"Limerick","discharge_date":"1863-09-28","crew_surname":"Carabini","crew_name":"Giorgio","crew_birth_location":"Civitavecchia","crew_birth_date":"1843","crew_profession_type":"Marinaio","crew_profession_wage":"Italian Lira","crew_profession_value":"55","crew_profession_months":"3","crew_profession_days":"6","crew_profession_pension_funds":"3,52"},"43":{"embarkation_port":"Limerick","embarkation_date":"1863-10-06","discharge_port":"Cardiff","discharge_date":"1863-10-22","crew_surname":"Casilari","crew_name":"Giovanni","crew_birth_location":"Ragusa","crew_birth_date":"1842","crew_profession_type":"Marinaio","crew_profession_wage":"Italian Lira","crew_profession_value":"55","crew_profession_months":"3","crew_profession_days":"6","crew_profession_pension_funds":"3,52"},"44":{"embarkation_port":"Limerick","embarkation_date":"1863-10-06","discharge_port":"Cardiff","discharge_date":"1863-10-22","crew_surname":"Statio","crew_name":"Giovanni","crew_birth_location":"Samo","crew_birth_date":"1838","crew_profession_type":"Marinaio","crew_profession_wage":"Italian Lira","crew_profession_value":"62,50","crew_profession_days":"17","crew_profession_pension_funds":"0,62"},"45":{"embarkation_port":"Cardiff","embarkation_date":"1863-10-31","discharge_port":"Genova","discharge_date":"1864-01-23","crew_surname":"Statio","crew_name":"Cristo","crew_birth_location":"Samo","crew_birth_date":"1839","crew_profession_type":"Marinaio","crew_profession_wage":"Italian Lira","crew_profession_value":"62,50","crew_profession_days":"17","crew_profession_pension_funds":"0,62"},"46":{"embarkation_port":"Cardiff","embarkation_date":"1863-10-10","discharge_port":"Genova","discharge_date":"1864-01-23","crew_surname":"Livina","crew_name":"Baniamino","crew_birth_location":"Bari","crew_birth_date":"1838","crew_profession_type":"Marinaio","crew_profession_wage":"Italian Lira","crew_profession_value":"62,50","crew_profession_months":"2","crew_profession_days":"24","crew_profession_pension_funds":"3,8"},"47":{"embarkation_port":"Cardiff","embarkation_date":"1863-10-10","discharge_port":"Genova","discharge_date":"1864-01-23","crew_surname":"Lazzerini","crew_name":"Antonio Emanuele Vincenzi","crew_birth_location":"Longone","crew_birth_date":"1836","crew_serial_number":"1440","crew_profession_type":"Marinaio","crew_profession_wage":"Italian Lira","crew_profession_value":"62,50","crew_profession_months":"2","crew_profession_days":"14","crew_profession_pension_funds":"2,71"},"48":{"embarkation_port":"Cardiff","embarkation_date":"1863-10-10","discharge_port":"Genova","discharge_date":"1864-01-23","crew_surname":"Caso","crew_name":"Leopoldo","crew_birth_location":"Meta","crew_birth_date":"1824","crew_serial_number":"2464","crew_profession_type":"Marinaio","crew_profession_wage":"Italian Lira","crew_profession_value":"62,50","crew_profession_months":"2","crew_profession_days":"14","crew_profession_pension_funds":"2,71"},"49":{"embarkation_port":"Cardiff","embarkation_date":"1863-10-11","discharge_port":"Genova","discharge_date":"1864-01-23","crew_surname":"Grassi","crew_name":"Nicolò","crew_birth_location":"Masola","crew_birth_date":"1839","crew_serial_number":"2641","crew_profession_type":"Marinaio","crew_profession_wage":"Italian Lira","crew_profession_value":"62,50","crew_profession_months":"2","crew_profession_days":"14","crew_profession_pension_funds":"2,71"},"50":{"embarkation_port":"Limerick","embarkation_date":"1863-10-07","discharge_port":"Genova","discharge_date":"1864-01-23","crew_surname":"Mimondo","crew_name":"Francesco","crew_birth_location":"[?]","crew_birth_date":"1825","crew_profession_type":"Marinaio","crew_profession_wage":"Italian Lira","crew_profession_value":"62,50","crew_profession_months":"2","crew_profession_days":"13","crew_profession_pension_funds":"2,68"},"51":{"embarkation_port":"Cardiff","embarkation_date":"1863-10-11","discharge_port":"Genova","discharge_date":"1864-01-23","crew_surname":"Deneretri","crew_name":"Leonida","crew_birth_location":"[greco]","crew_birth_date":"1825","crew_profession_type":"Marinaio","crew_profession_wage":"Italian Lira","crew_profession_value":"62,50","crew_profession_months":"2","crew_profession_days":"13","crew_profession_pension_funds":"2,68"},"52":{"embarkation_port":"Cardiff","embarkation_date":"1863-10-11","discharge_port":"Genova","discharge_date":"1864-01-23","crew_surname":"Costantini","crew_name":"Giorgio","crew_birth_location":"[greco]","crew_birth_date":"1841","crew_profession_type":"Marinaio","crew_profession_wage":"Italian Lira","crew_profession_value":"50","crew_profession_months":"2","crew_profession_days":"13","crew_profession_pension_funds":"2,68"},"53":{}},"route":{"0":{"departure_port":"Genova","departure_date":"1862-02-24"},"1":{"departure_port":"Costantinopoli","departure_date":"1862-03-29"},"2":{"departure_port":"Kertch","departure_date":"1862-04-06"},"3":{"departure_port":"Marianopoli","departure_date":"1862-04-24"},"4":{"departure_port":"Costantinopoli","departure_date":"1862-05-05"},"5":{"departure_port":"Falmouth","departure_date":"1862-06-28"},"6":{"departure_port":"Queenstown","departure_date":"1862-07-16"},"7":{"departure_port":"Newport","departure_date":"1862-08-01"},"8":{"departure_port":"Genova","departure_date":"1862-09-19"},"9":{"departure_port":"Costantinopoli","departure_date":"1862-10-22"},"10":{"departure_port":"Odessa","departure_date":"1862-11-23"},"11":{"departure_port":"Costantinopoli","departure_date":"1862-12-15"},"12":{"departure_port":"Marsiglia","departure_date":"1863-02-26"},"13":{"departure_port":"Costantinopoli"},"14":{"departure_port":"Taganrog","departure_date":"1863-05-10"},"15":{"departure_port":"Costantinopoli","departure_date":"1863-06-02"},"16":{"departure_port":"Malta","departure_date":"1863-06-25"},"17":{"departure_port":"Falmouth","departure_date":"1863-08-29"},"18":{"departure_port":"Limerick","departure_date":"1863-10-07"},"19":{"departure_port":"Cardiff","departure_date":"1863-11-11"},"20":{"departure_port":"Gibilterra","departure_date":"1863-12-22"},"21":{"departure_port":"Villafranca","departure_date":"1864-01-17"},"22":{"arrival_port":"Genova","arrival_date":"1864-01-23"},"23":{},"24":{},"25":{}}}}]}