﻿{"docs": [{"_id":"2018-03-27T13:57:47.017Z_16","template":"Crew List_IT","status":"Public","data":{"record_information":{"catalogue_id":"16","date_from":"2018-03-27","date_until":"2020-09-22T16:06:13","name":"Beatrice","surname":"Corradi","role_in_project":""},"source_identity":{"archive_library":"Archivio di stato","archive_library_location":"Genova","register_number":"15","number_of_document":"2534","date_of_document":"1862-03-18","date_of_document_to":"","issuing_authority":"Direzione marittima","issuing_authority_location":"Genova","source_type_name":"","fond_number":"","fond_title":"","fond_series_number":"","file_number":"","file_tile":"","note":"","comment":""},"ship_records":{"ship_name":"Matilde","ship_type":"brigantino","ship_tonnage":"257,83","construction_location":"Savona","construction_location_date":"1859","ammunition_type":"","ammunition_quantity_value":"","ammunition_quantity_unit":"","registry_port":"Genova","registry_number":"2031","organization_name":"","owner_name":"","owner_surname":"Stagno","owner_fathers_name":"","note":"","comment":""},"ports_of_call":{"date_from":"1862-03-18","date_to":"1862-09-24","total_duration_months":"6","total_duration_years":"7","first_planned_destinations":"Azoff","total_crew_number":"Dodici","note":"","comment":""},"crew_list":{"0":{"embarkation_port":"Genova","embarkation_date":"1862-03-18","discharge_port":"Genova","discharge_date":"1862-09-24","crew_surname":"Viacava","crew_name":"Giuseppe","crew_birth_location":"Genova","crew_birth_date":"1832","crew_serial_number":"7916","crew_profession_type":"capitano di prima classe","crew_profession_wage":"Italian Lira","crew_profession_value":"100","crew_profession_months":"6","crew_profession_days":"7","crew_profession_pension_funds":"31,17"},"1":{"embarkation_port":"Genova","embarkation_date":"1862-03-18","discharge_port":"Genova","discharge_date":"1862-09-24","crew_surname":"Cavassa","crew_name":"Giovanni","crew_birth_location":"Genova","crew_birth_date":"1822","crew_serial_number":"4976","crew_profession_type":"Secondo","crew_profession_wage":"Italian Lira","crew_profession_value":"80","crew_profession_months":"6","crew_profession_days":"7","crew_profession_pension_funds":"9,35"},"2":{"embarkation_port":"Genova","embarkation_date":"1862-03-18","discharge_port":"Genova","discharge_date":"1862-09-24","crew_surname":"Costa","crew_name":"Luigi","crew_birth_location":"Genova","crew_birth_date":"1842","crew_serial_number":"12042","crew_profession_type":"pilota","crew_profession_months":"6","crew_profession_days":"7","crew_profession_pension_funds":"9,35"},"3":{"embarkation_port":"Genova","embarkation_date":"1862-03-18","discharge_port":"Genova","discharge_date":"1862-09-24","crew_surname":"Costa","crew_name":"Fortunato","crew_birth_location":"Genova","crew_birth_date":"1831","crew_serial_number":"4497","crew_profession_type":"Dispensiere","crew_profession_wage":"Italian Lira","crew_profession_value":"70","crew_profession_months":"6","crew_profession_days":"7","crew_profession_pension_funds":"6,86"},"4":{"embarkation_port":"Genova","embarkation_date":"1862-03-18","discharge_port":"Genova","discharge_date":"1862-09-24","crew_surname":"Risso","crew_name":"Emanuele","crew_birth_location":"Genova","crew_birth_date":"1844","crew_serial_number":"13285","crew_profession_type":"Marinaio","crew_profession_wage":"Italian Lira","crew_profession_value":"60","crew_profession_months":"6","crew_profession_days":"7","crew_profession_pension_funds":"6,86"},"5":{"embarkation_port":"Genova","embarkation_date":"1862-03-18","discharge_port":"Genova","discharge_date":"1862-09-24","crew_surname":"Ceruti","crew_name":"Giovanni","crew_birth_location":"Genova","crew_birth_date":"1842","crew_serial_number":"15240","crew_profession_type":"Marinaio","crew_profession_wage":"Italian Lira","crew_profession_value":"60","crew_profession_months":"6","crew_profession_days":"7","crew_profession_pension_funds":"4,62"},"6":{"embarkation_port":"Genova","embarkation_date":"1862-03-18","discharge_port":"Genova","discharge_date":"1862-09-24","crew_surname":"Folle","crew_name":"Emanuele","crew_birth_location":"Genova","crew_birth_date":"1834","crew_serial_number":"8846","crew_profession_type":"Marinaio","crew_profession_wage":"Italian Lira","crew_profession_value":"60","crew_profession_months":"6","crew_profession_days":"7","crew_profession_pension_funds":"6,86"},"7":{"embarkation_port":"Genova","embarkation_date":"1862-03-18","discharge_port":"Falmouth","discharge_date":"1862-07-23","crew_surname":"Ageno","crew_name":"Michelangelo","crew_birth_location":"Genova","crew_birth_date":"1831","crew_serial_number":"6514","crew_profession_type":"Marinaio","crew_profession_wage":"Italian Lira","crew_profession_value":"60","crew_profession_months":"4","crew_profession_days":"6","crew_profession_pension_funds":"4,62"},"8":{"embarkation_port":"Genova","embarkation_date":"1862-03-18","discharge_port":"Genova","discharge_date":"1862-09-24","crew_surname":"Geirola","crew_name":"Giuseppe","crew_birth_location":"Genova","crew_birth_date":"1823","crew_serial_number":"4828","crew_profession_type":"Marinaio","crew_profession_wage":"Italian Lira","crew_profession_value":"60","crew_profession_months":"6","crew_profession_days":"7","crew_profession_pension_funds":"6,86"},"9":{"embarkation_port":"Genova","embarkation_date":"1862-03-18","discharge_port":"Genova","discharge_date":"1862-09-24","crew_surname":"Migone","crew_name":"Emanuele Giovanni Giuseppe","crew_birth_location":"Genova","crew_birth_date":"1847","crew_serial_number":"16800","crew_profession_type":"Mozzo","crew_profession_wage":"Italian Lira","crew_profession_value":"20","crew_profession_months":"6","crew_profession_days":"7","crew_profession_pension_funds":"4,99"},"10":{"embarkation_port":"Genova","embarkation_date":"1862-03-18","discharge_port":"Genova","discharge_date":"1862-09-24","crew_surname":"Stagno","crew_name":"Carlo Giobatta","crew_birth_location":"Genova","crew_birth_date":"1846","crew_serial_number":"14323","crew_profession_type":"Mozzo","crew_profession_wage":"Italian Lira","crew_profession_value":"20","crew_profession_months":"6","crew_profession_days":"7","crew_profession_pension_funds":"4,99"},"11":{"embarkation_port":"Genova","embarkation_date":"1862-03-18","discharge_port":"Genova","discharge_date":"1862-09-24","crew_surname":"Cavassa","crew_name":"Vincenzo","crew_birth_location":"Genova","crew_birth_date":"1848","crew_serial_number":"17442","crew_profession_type":"Mozzo","crew_profession_wage":"Italian Lira","crew_profession_value":"20","crew_profession_months":"6","crew_profession_days":"7","crew_profession_pension_funds":"4,99"},"12":{"embarkation_port":"Falmauth","embarkation_date":"1862-07-23","discharge_port":"Genova","discharge_date":"1862-09-24","crew_surname":"Medusei","crew_name":"Pietro Francesco","crew_birth_location":"Lerici","crew_birth_date":"1830","crew_serial_number":"1305","crew_profession_type":"Mozzo","crew_profession_wage":"Italian Lira","crew_profession_value":"60","crew_profession_months":"2","crew_profession_days":"9","crew_profession_pension_funds":"1,65"},"13":{"embarkation_port":"Cardiff","embarkation_date":"1862-08-27","discharge_port":"Genova","discharge_date":"1862-09-24","crew_surname":"Ferrari","crew_name":"Bartolomeo","crew_birth_location":"Sori","crew_birth_date":"1835","crew_profession_type":"Mozzo","crew_profession_wage":"Italian Lira","crew_profession_value":"60","crew_profession_days":"28","crew_profession_pension_funds":"1,3"},"14":{}},"route":{"0":{"departure_port":"Costantinopoli","departure_date":"1862-04-16"},"1":{"departure_port":"Kertch","departure_date":"1862-04-24"},"2":{"departure_port":"Marianopoli","departure_date":"1862-05-04"},"3":{"departure_port":"Costantinopoli","departure_date":"1862-05-16"},"4":{"departure_port":"Cagliari","departure_date":"1862-06-10"},"5":{"departure_port":"Falmouth","departure_date":"1862-07-25"},"6":{"departure_port":"Queenstown","departure_date":"1862-08-11"},"7":{"departure_port":"Cardiff","departure_date":"1862-08-27"},"8":{},"9":{},"10":{},"11":{},"12":{},"13":{},"14":{}}}}]}