﻿{"docs": [{"_id":"2018-04-03T14:03:20.633Z_26","template":"Crew List_IT","status":"Public","data":{"record_information":{"catalogue_id":"26","date_from":"2018-04-03","date_until":"2020-09-22T16:11:15","name":"Carolina","surname":"Gaggero","role_in_project":""},"source_identity":{"archive_library":"Archivio di Stato di Genova","archive_library_location":"Genova","register_number":"14","number_of_document":"9588","date_of_document":"1862-02-24","date_of_document_to":"","issuing_authority":"Direzione marittima di Genova","issuing_authority_location":"Genova","source_type_name":"","fond_number":"","fond_title":"","fond_series_number":"","file_number":"","file_tile":"","note":"","comment":""},"ship_records":{"ship_name":"Myrra","ship_type":"Brick Barca","ship_tonnage":"347,37","construction_location":"Sestri Ponente","construction_location_date":"1861","ammunition_type":"","ammunition_quantity_value":"","ammunition_quantity_unit":"","registry_port":"Genova","registry_number":"1075","organization_name":"","owner_name":"Antonio","owner_surname":"Circhero","owner_fathers_name":"","note":"","comment":""},"ports_of_call":{"date_from":"1862-02-24","date_to":"1862-11-20","total_duration_months":"8","total_duration_years":"27","first_planned_destinations":"Azov","total_crew_number":"15","note":"","comment":""},"crew_list":{"0":{"embarkation_port":"Genova","embarkation_date":"1862-02-24","discharge_port":"Genova","discharge_date":"1862-10-20","crew_surname":"Cichero","crew_name":"Elia","crew_birth_location":"Genova","crew_birth_date":"1837","crew_serial_number":"10219","crew_profession_type":"Capitano di seconda classe","crew_profession_wage":"Italian Lira","crew_profession_value":"100","crew_profession_months":"8","crew_profession_days":"27","crew_profession_pension_funds":"31,15"},"1":{"embarkation_port":"Genova","embarkation_date":"1862-02-24","discharge_port":"Genova","discharge_date":"1862-11-20","crew_surname":"Schiaffino","crew_name":"Luigi","crew_birth_location":"Genova","crew_birth_date":"1833","crew_serial_number":"7870","crew_profession_type":"Secondo","crew_profession_wage":"Italian Lira","crew_profession_value":"90","crew_profession_months":"8","crew_profession_days":"27","crew_profession_pension_funds":"13,35"},"2":{"embarkation_port":"Genova","embarkation_date":"1862-02-24","discharge_port":"Genova","discharge_date":"1862-11-20","crew_surname":"Schiaffino","crew_name":"Gaetano","crew_birth_location":"Genova","crew_birth_date":"1824","crew_serial_number":"2457","crew_profession_type":"Nostromo","crew_profession_wage":"Italian Lira","crew_profession_value":"85","crew_profession_months":"8","crew_profession_days":"27","crew_profession_pension_funds":"13,35"},"3":{"embarkation_port":"Genova","embarkation_date":"1862-02-24","discharge_port":"Genova","discharge_date":"1862-02-24","crew_surname":"Della Casa","crew_name":"Agostino","crew_birth_location":"Genova","crew_birth_date":"1827","crew_serial_number":"1057","crew_profession_type":"Dispensiere","crew_profession_wage":"Italian Lira","crew_profession_value":"67,50","note":"sceso all`armamento"},"4":{"embarkation_port":"Genova","embarkation_date":"1862-02-24","discharge_port":"Malta","discharge_date":"1862-06-12","crew_surname":"Brongo","crew_name":"Francesco","crew_birth_location":"Livorno","crew_birth_date":"1827","crew_serial_number":"1213","crew_profession_type":"Marinaio","crew_profession_wage":"Italian Lira","crew_profession_value":"54","crew_profession_months":"3","crew_profession_days":"19","crew_profession_pension_funds":"4"},"5":{"embarkation_port":"Genova","embarkation_date":"1862-02-24","discharge_port":"Malta","discharge_date":"1862-06-12","crew_surname":"Forno","crew_name":"Tommaso","crew_birth_location":"Genova","crew_birth_date":"1842","crew_serial_number":"12333","crew_profession_type":"Marinaio","crew_profession_wage":"Italian Lira","crew_profession_value":"54","crew_profession_months":"3","crew_profession_days":"19","crew_profession_pension_funds":"4"},"6":{"embarkation_port":"Genova","embarkation_date":"1862-02-24","discharge_port":"Malta","discharge_date":"1862-06-12","crew_surname":"Ghio","crew_name":"Giovanni Domenico","crew_birth_location":"Livorno","crew_birth_date":"1839","crew_serial_number":"2461","crew_profession_type":"Marinaio","crew_profession_wage":"Italian Lira","crew_profession_value":"54","crew_profession_months":"3","crew_profession_days":"19","crew_profession_pension_funds":"4"},"7":{"embarkation_port":"Genova","embarkation_date":"1862-02-24","discharge_port":"Genova","discharge_date":"1862-11-20","crew_surname":"Repetto","crew_name":"Giovanni","crew_birth_location":"Genova","crew_birth_date":"1842","crew_serial_number":"11342","crew_profession_type":"Marinaio","crew_profession_wage":"Italian Lira","crew_profession_value":"54","crew_profession_months":"8","crew_profession_days":"27","crew_profession_pension_funds":"9,79"},"8":{"embarkation_port":"Genova","embarkation_date":"1862-02-24","discharge_port":"Genova","discharge_date":"1862-11-20","crew_surname":"Bottini","crew_name":"Giovanni","crew_birth_location":"Porto Maurizio","crew_birth_date":"1839","crew_serial_number":"3672","crew_profession_type":"Marinaio","crew_profession_wage":"Italian Lira","crew_profession_value":"54","crew_profession_months":"8","crew_profession_days":"27","crew_profession_pension_funds":"9,79"},"9":{"embarkation_port":"Genova","embarkation_date":"1862-02-24","discharge_port":"Genova","discharge_date":"1862-11-20","crew_surname":"Traverso","crew_name":"Pasquale Giovanni Vincenzo","crew_birth_location":"Ancona","crew_birth_date":"1837","crew_serial_number":"3235","crew_profession_type":"Marinaio","crew_profession_wage":"Italian Lira","crew_profession_value":"54","crew_profession_months":"8","crew_profession_days":"27","crew_profession_pension_funds":"9,79","note":"sceso all`armamento"},"10":{"embarkation_port":"Genova","embarkation_date":"1862-02-24","discharge_port":"Genova","discharge_date":"1862-11-20","crew_surname":"Schiaffino","crew_name":"Francesco Michele Luigi","crew_birth_location":"Genova","crew_birth_date":"1837","crew_serial_number":"10213","crew_profession_type":"Marinaio","crew_profession_wage":"Italian Lira","crew_profession_value":"54","crew_profession_months":"8","crew_profession_days":"27","crew_profession_pension_funds":"9,79"},"11":{"embarkation_port":"Genova","embarkation_date":"1862-02-24","discharge_port":"Genova","discharge_date":"1862-11-20","crew_surname":"Cichero","crew_name":"Giobatta","crew_birth_location":"Genova","crew_serial_number":"15878","crew_profession_type":"Mozzo","crew_profession_wage":"Italian Lira","crew_profession_value":"13,50","crew_profession_months":"8","crew_profession_days":"27","crew_profession_pension_funds":"9,79"},"12":{"embarkation_port":"Genova","embarkation_date":"1862-02-24","discharge_port":"Genova","discharge_date":"1862-11-20","crew_surname":"Pastorino","crew_name":"Giobatta","crew_birth_location":"Genova","crew_birth_date":"1846","crew_serial_number":"16949","crew_profession_type":"Marinaio","crew_profession_wage":"Italian Lira","crew_profession_value":"13,50","crew_profession_months":"8","crew_profession_days":"27","crew_profession_pension_funds":"9,79"},"13":{"embarkation_port":"Genova","embarkation_date":"1862-02-24","discharge_port":"Genova","discharge_date":"1862-11-20","crew_surname":"Della Casa","crew_name":"Nicolò","crew_birth_location":"Genova","crew_birth_date":"1849","crew_serial_number":"18320","crew_profession_type":"Marinaio","crew_profession_wage":"Italian Lira","crew_profession_value":"13,50","crew_profession_months":"8","crew_profession_days":"27"},"14":{"embarkation_port":"Genova","embarkation_date":"1862-02-24","discharge_port":"Malta","discharge_date":"1862-06-12","crew_surname":"Nicolini","crew_name":"Antonio Felice","crew_birth_location":"Genova","crew_birth_date":"1822","crew_serial_number":"8874","crew_profession_type":"Dispensiere","crew_profession_wage":"Italian Lira","crew_profession_value":"67,50","crew_profession_months":"3","crew_profession_days":"19","crew_profession_pension_funds":"4"},"15":{"embarkation_port":"Genova","embarkation_date":"1862-02-24","discharge_port":"Genova","discharge_date":"1862-10-20","crew_surname":"Fanciulli","crew_name":"Agostino","crew_birth_location":"S.Stefano","crew_birth_date":"1844","crew_serial_number":"318","crew_profession_type":"Mozzo","crew_profession_wage":"Italian Lira","crew_profession_value":"37,50","crew_profession_months":"8","crew_profession_days":"27","crew_profession_pension_funds":"9,79"},"16":{"embarkation_port":"Genova","embarkation_date":"1862-02-24","discharge_port":"Genova","discharge_date":"1862-02-24","crew_surname":"Colombino","crew_name":"Lorenzo Giuseppe","crew_birth_location":"Genova","crew_birth_date":"1827","crew_serial_number":"17578","crew_profession_type":"Marinaio","crew_profession_wage":"Italian Lira","crew_profession_value":"54","note":"sceso all`armamento"},"17":{"embarkation_port":"Genova","embarkation_date":"1862-02-24","discharge_port":"Malta","discharge_date":"1862-06-12","crew_surname":"Stilich","crew_name":"Matteo","crew_birth_location":"Fiume","crew_birth_date":"1838","crew_profession_type":"Marinaio","crew_profession_wage":"Italian Lira","crew_profession_value":"54","crew_profession_months":"3","crew_profession_days":"19","crew_profession_pension_funds":"4"},"18":{"embarkation_port":"Malta","embarkation_date":"1862-06-12","discharge_port":"Genova","discharge_date":"1862-11-20","crew_surname":"De Luce","crew_name":"Giuseppe","crew_birth_location":"Messina","crew_birth_date":"1841","crew_profession_type":"Marinaio","crew_profession_wage":"Italian Lira","crew_profession_value":"50","crew_profession_months":"5","crew_profession_days":"9","crew_profession_pension_funds":"5,83"},"19":{"embarkation_port":"Genova","embarkation_date":"1862-02-24","discharge_port":"Genova","discharge_date":"1862-11-20","crew_surname":"Triandafilinos","crew_name":"Costantino","crew_birth_location":"[Samo?]","crew_birth_date":"1840","crew_profession_type":"Marinaio","crew_profession_wage":"Italian Lira","crew_profession_value":"50","crew_profession_months":"5","crew_profession_days":"9","crew_profession_pension_funds":"5,83"},"20":{"embarkation_port":"Malta","embarkation_date":"1862-06-12","discharge_port":"Genova","discharge_date":"1862-11-20","crew_surname":"Stiros","crew_name":"Francesco Michele Luigi","crew_birth_location":"Chio","crew_birth_date":"1842","crew_profession_type":"Marinaio","crew_profession_wage":"Italian Lira","crew_profession_value":"50","crew_profession_months":"5","crew_profession_days":"9","crew_profession_pension_funds":"5,83"},"21":{"embarkation_port":"Malta","embarkation_date":"1862-06-12","discharge_date":"1862-09-04","crew_surname":"Drapainotis","crew_name":"Lefteris","crew_birth_location":"Siros","crew_birth_date":"1837","crew_profession_type":"Marinaio","crew_profession_wage":"Italian Lira","crew_profession_value":"50","crew_profession_months":"2","crew_profession_days":"23","crew_profession_pension_funds":"3,4"},"22":{"embarkation_port":"Malta","embarkation_date":"1862-06-12","discharge_port":"Cardiff","discharge_date":"1862-09-30","crew_surname":"Deli","crew_name":"Atanaseis","crew_birth_location":"Siros","crew_birth_date":"1840","crew_profession_type":"Marinaio","crew_profession_wage":"Italian Lira","crew_profession_value":"50","crew_profession_months":"3","crew_profession_days":"19","crew_profession_pension_funds":"4"},"23":{"embarkation_port":"Cardiff","embarkation_date":"1862-10-03","discharge_port":"Genova","discharge_date":"1862-11-20","crew_surname":"Ghisolo","crew_name":"Bartolomeo Luigi","crew_birth_location":"Alessandria","crew_birth_date":"1836","crew_serial_number":"11425","crew_profession_type":"Marinaio","crew_profession_wage":"Italian Lira","crew_profession_months":"1","crew_profession_days":"18","crew_profession_pension_funds":"1,76"},"24":{"embarkation_port":"Cardiff","embarkation_date":"1862-10-03","discharge_port":"Genova","discharge_date":"1862-11-20","crew_surname":"Bruzzone","crew_name":"Nicolò Emanuele","crew_birth_location":"S. Francesco d`Albaro","crew_birth_date":"1843","crew_serial_number":"14151","crew_profession_type":"Marinaio","crew_profession_wage":"Italian Lira","crew_profession_months":"1","crew_profession_days":"18","crew_profession_pension_funds":"1,76"},"25":{"embarkation_port":"Cardiff","embarkation_date":"1862-10-03","discharge_port":"Genova","discharge_date":"1862-11-20","crew_surname":"William","crew_name":"John","crew_birth_location":"Irlanda","crew_birth_date":"1846","crew_profession_type":"Mozzo","crew_profession_wage":"Italian Lira","crew_profession_months":"1","crew_profession_days":"18","crew_profession_pension_funds":"1,76"},"26":{"embarkation_port":"Cardiff","embarkation_date":"1862-10-03","discharge_port":"Genova","discharge_date":"1862-11-20","crew_surname":"Gargiulo","crew_name":"Mariano","crew_birth_location":"Sorrento","crew_birth_date":"1839","crew_profession_type":"Marinaio","crew_profession_wage":"Italian Lira","crew_profession_value":"50","crew_profession_months":"1","crew_profession_days":"18","crew_profession_pension_funds":"1,76"},"27":{},"28":{},"29":{},"30":{},"31":{},"32":{},"33":{}},"route":{"0":{"departure_port":"Genova","departure_date":"1862-02-24"},"1":{"departure_port":"Vezzano","departure_date":"1862-03-04"},"2":{"departure_port":"Malta","departure_date":"1862-03-20"},"3":{"departure_port":"Costantinopoli","departure_date":"1862-03-31"},"4":{"departure_port":"Berdiansk","departure_date":"1862-04-24"},"5":{"departure_port":"Taganrog","departure_date":"1862-05-15"},"6":{"departure_port":"Costantinopoli","departure_date":"1862-05-27"},"7":{"departure_port":"Malta","departure_date":"1862-06-13"},"8":{"departure_port":"Falmouth","departure_date":"1862-08-13"},"9":{"departure_port":"Waterford","departure_date":"1862-09-04"},"10":{"departure_port":"Cardiff","departure_date":"1862-09-03"},"11":{"arrival_port":"Genova","arrival_date":"1862-11-20"},"12":{},"13":{},"14":{}}}}]}