﻿{"docs": [{"_id":"2018-03-27T13:02:39.904Z_2","template":"Crew List_IT","status":"Public","data":{"record_information":{"catalogue_id":"2","date_from":"2018-03-27","date_until":"2020-09-22T15:23:19","name":"Maki","surname":"Asai","role_in_project":""},"source_identity":{"archive_library":"Archivio di Stato di Genova","archive_library_location":"Genova","register_number":"14","number_of_document":"9561","date_of_document":"1862-02-12","date_of_document_to":"","issuing_authority":"Direzione marittima di Genova","issuing_authority_location":"Genova","source_type_name":"","fond_number":"","fond_title":"","fond_series_number":"","file_number":"","file_tile":"","note":"","comment":""},"ship_records":{"ship_name":"Gaetano","ship_type":"Brigantino","ship_tonnage":"260,82","construction_location":"Varazze","construction_location_date":"1848","ammunition_type":"","ammunition_quantity_value":"","ammunition_quantity_unit":"","registry_port":"Genova","registry_number":"1246","organization_name":"","owner_name":"Francesco","owner_surname":"Schiaffino","owner_fathers_name":"Antonio","note":"","comment":""},"ports_of_call":{"date_from":"1962-02-12","date_to":"1863-01-14","total_duration_months":"11","total_duration_years":"3","first_planned_destinations":"","total_crew_number":"","note":"","comment":""},"crew_list":{"0":{"embarkation_port":"Genova","embarkation_date":"1862-02-12","discharge_port":"Savona","discharge_date":"1863-01-14","crew_surname":"Schiaffino","crew_name":"Francesco Giuseppe","crew_birth_location":"Genova","crew_birth_date":"1827","crew_serial_number":"1413","crew_profession_type":"Capitano di seconda classe","crew_profession_months":"11","crew_profession_days":"3","crew_profession_pension_funds":"38,85"},"1":{"embarkation_port":"Genova","embarkation_date":"1862-02-12","discharge_port":"Malta","discharge_date":"1862-07-12","crew_surname":"Moschini","crew_name":"Tommaso Vincenzo","crew_birth_location":"Elba (region)","crew_birth_date":"1818","crew_profession_type":"Secondo","crew_profession_wage":"Italian Lira","crew_profession_value":"100","crew_profession_months":"5","crew_profession_days":"1","crew_profession_pension_funds":"7,55"},"2":{"embarkation_port":"Genova","embarkation_date":"1862-02-12","discharge_port":"Savona","discharge_date":"1863-01-14","crew_surname":"Bonifacio","crew_name":"Agostino","crew_birth_location":"La Spezia","crew_birth_date":"1827","crew_serial_number":"959","crew_profession_type":"Dispensiere","crew_profession_wage":"Italian Lira","crew_profession_value":"70","crew_profession_months":"11","crew_profession_days":"3","crew_profession_pension_funds":"12,21"},"3":{"embarkation_port":"Genova","embarkation_date":"1862-02-12","discharge_port":"Savona","discharge_date":"1863-01-14","crew_surname":"Papi","crew_name":"Luigi Emanuele","crew_birth_location":"Elba (region)","crew_birth_date":"1837","crew_serial_number":"535","crew_profession_type":"Marinaio","crew_profession_wage":"Italian Lira","crew_profession_value":"60","crew_profession_months":"11","crew_profession_days":"3","crew_profession_pension_funds":"12,21"},"4":{"embarkation_port":"Genova","embarkation_date":"1862-02-12","discharge_port":"Savona","discharge_date":"1863-01-14","crew_surname":"Papi","crew_name":"Agostino Casimiro Giovanni","crew_birth_location":"Elba (region)","crew_birth_date":"1835","crew_serial_number":"536","crew_profession_type":"Marinaio","crew_profession_wage":"Italian Lira","crew_profession_value":"60","crew_profession_months":"11","crew_profession_days":"3","crew_profession_pension_funds":"12,21"},"5":{"embarkation_port":"Genova","embarkation_date":"1862-02-12","discharge_port":"Savona","discharge_date":"1863-01-14","crew_surname":"Rolla","crew_name":"Luigi Francesco","crew_birth_location":"La Spezia","crew_birth_date":"1835","crew_serial_number":"2695","crew_profession_type":"Marinaio","crew_profession_wage":"Italian Lira","crew_profession_value":"60","crew_profession_months":"11","crew_profession_days":"3","crew_profession_pension_funds":"12,21"},"6":{"embarkation_port":"Genova","embarkation_date":"1862-02-12","discharge_port":"Savona","discharge_date":"1863-01-14","crew_surname":"Pozzuolo","crew_name":"Francesco Cesare","crew_birth_location":"Genova","crew_birth_date":"1840","crew_serial_number":"15152","crew_profession_type":"Marinaio","crew_profession_wage":"Italian Lira","crew_profession_value":"60","crew_profession_months":"11","crew_profession_days":"3","crew_profession_pension_funds":"12,21"},"7":{"embarkation_port":"Genova","embarkation_date":"1862-02-12","discharge_port":"Savona","discharge_date":"1863-01-14","crew_surname":"Muratorio","crew_name":"Carlo Isidoro","crew_birth_location":"Oneglia","crew_birth_date":"1839","crew_serial_number":"2285","crew_profession_type":"Marinaio","crew_profession_wage":"Italian Lira","crew_profession_value":"60","crew_profession_months":"11","crew_profession_days":"3","crew_profession_pension_funds":"12,21"},"8":{"embarkation_port":"Genova","embarkation_date":"1862-02-12","discharge_port":"Genova","discharge_date":"1863-01-09","crew_surname":"Schiaffino","crew_name":"Carlo Isidoro","crew_birth_location":"Genova","crew_birth_date":"1845","crew_serial_number":"13381","crew_profession_type":"Mozzo\nMarinaio","crew_profession_wage":"Italian Lira\nItalian Lira","crew_profession_value":"45\n ","crew_profession_months":"10\n ","crew_profession_days":"19\n9","crew_profession_pension_funds":"8,51\n0,33"},"9":{"embarkation_port":"Genova","embarkation_date":"1862-02-12","discharge_port":"Savona","discharge_date":"1863-01-14","crew_surname":"Canepa","crew_name":"Lorenzo Massimo","crew_birth_location":"Chiavari","crew_birth_date":"1843","crew_serial_number":"7440","crew_profession_type":"Marinaio","crew_profession_wage":"Italian Lira","crew_profession_value":"30","crew_profession_months":"11","crew_profession_days":"3","crew_profession_pension_funds":"12,21"},"10":{"embarkation_port":"Genova","embarkation_date":"1862-02-12","discharge_port":"Malta","discharge_date":"1862-12-02","crew_surname":"Barbuto","crew_name":"Giuseppe Lorenzo","crew_birth_location":"Elba (region)","crew_birth_date":"1827","crew_serial_number":"655","crew_profession_type":"Marinaio","crew_profession_wage":"Italian Lira","crew_profession_value":"60","crew_profession_months":"9","crew_profession_days":"21","crew_profession_pension_funds":"10,67"},"11":{"embarkation_port":"Cardiff","embarkation_date":"1862-10-18","discharge_port":"Malta","discharge_date":"1862-12-02","crew_surname":"Di Majo","crew_name":"Vito","crew_birth_location":"Fozio","crew_birth_date":"1837","crew_profession_type":"Marinaio","crew_profession_months":"1","crew_profession_days":"15","crew_profession_pension_funds":"1,65"},"12":{"embarkation_port":"Malta","embarkation_date":"1862-12-02","discharge_port":"Savona","discharge_date":"1863-01-14","crew_surname":"Carletti","crew_name":"Pietro","crew_birth_location":"Rio","crew_birth_date":"1835","crew_serial_number":"643","crew_profession_type":"Marinaio","crew_profession_wage":"Italian Lira","crew_profession_value":"60","crew_profession_months":"1","crew_profession_days":"13","crew_profession_pension_funds":"1,58"},"13":{},"14":{}},"route":{"0":{"departure_port":"Milo","departure_date":"1862-03-15"},"1":{"departure_port":"Costantinopoli","departure_date":"1862-03-20"},"2":{"departure_port":"Sulina","departure_date":"1862-04-07"},"3":{"departure_port":"Braila","departure_date":"1862-05-31"},"4":{"departure_port":"Sulina","departure_date":"1862-06-12"},"5":{"departure_port":"Costantinopoli","departure_date":"1862-06-18"},"6":{"departure_port":"Malta","departure_date":"1862-07-12"},"7":{"departure_port":"Queenstown","departure_date":"1862-10-01"},"8":{"departure_port":"Cardiff","departure_date":"1862-10-18"},"9":{"departure_port":"Malta","departure_date":"1862-12-18"},"10":{"departure_port":"Pozzallo","departure_date":"1862-12-28"},"11":{"arrival_port":"Genova","arrival_date":"1863-01-08"},"12":{"departure_port":"Genova","departure_date":"1863-01-09"},"13":{},"14":{}}}}]}