﻿{"docs": [{"_id":"2018-02-28T16:08:53.469Z_10","template":"Crew List_IT","status":"Public","data":{"record_information":{"catalogue_id":"10","date_from":"2018-02-28","date_until":"2020-09-22T14:40:57","name":"Carolina","surname":"Gaggero","role_in_project":""},"source_identity":{"archive_library":"Archivio di Stato di Genova","archive_library_location":"Genova","register_number":"14","number_of_document":"6716","date_of_document":"1860-12-18","date_of_document_to":"","issuing_authority":"Direzione marittima di Genova","issuing_authority_location":"Genova","source_type_name":"","fond_number":"","fond_title":"","fond_series_number":"","file_number":"","file_tile":"","note":"","comment":""},"ship_records":{"ship_name":"Amalia","ship_type":"Brigantino","ship_tonnage":"317,18","construction_location":"Varazze","construction_location_date":"1858","ammunition_type":"","ammunition_quantity_value":"","ammunition_quantity_unit":"","registry_port":"Genova","registry_number":"1987","organization_name":"","owner_name":"Gaetano","owner_surname":"Schiaffino","owner_fathers_name":"","note":"","comment":""},"ports_of_call":{"date_from":"1860-12-18","date_to":"1862-01-04","total_duration_months":"11","total_duration_years":"8","first_planned_destinations":"Nizza","total_crew_number":"","note":"","comment":""},"crew_list":{"0":{"embarkation_port":"Nizza","embarkation_date":"1861-01-28","discharge_port":"Genova","discharge_date":"1862-01-04","crew_surname":"Schiaffino","crew_name":"Gaetano","crew_birth_location":"Camogli","crew_birth_date":"1827","crew_serial_number":"4642","crew_profession_type":"Capitano di seconda classe","crew_profession_wage":"Italian Lira","crew_profession_months":"11","crew_profession_days":"8","crew_profession_pension_funds":"56,33","note":"pagati in franchi"},"1":{"embarkation_port":"Nizza","embarkation_date":"1861-01-28","discharge_port":"Portofino","discharge_date":"1862-01-04","crew_surname":"Boggiano","crew_name":"Emanuele","crew_birth_location":"Camogli","crew_birth_date":"1839","crew_serial_number":"10914","crew_profession_type":"Secondo","crew_profession_wage":"Italian Lira","crew_profession_value":"80","crew_profession_months":"11","crew_profession_days":"8","crew_profession_pension_funds":"16,90"},"2":{"embarkation_port":"Nizza","embarkation_date":"1861-01-28","discharge_port":"Portofino","discharge_date":"1862-01-04","crew_surname":"Peragallo","crew_name":"Giuseppe","crew_birth_location":"Camogli","crew_birth_date":"1827","crew_serial_number":"9126","crew_profession_type":"Nostromo","crew_profession_wage":"Italian Lira","crew_profession_value":"80","crew_profession_months":"11","crew_profession_days":"8","crew_profession_pension_funds":"16,90"},"3":{"embarkation_port":"Nizza","embarkation_date":"1861-01-28","discharge_port":"Portofino","discharge_date":"1862-01-04","crew_surname":"Antola","crew_name":"Prospero","crew_birth_location":"Camogli","crew_birth_date":"1836","crew_serial_number":"9600","crew_profession_type":"Marinaio","crew_profession_wage":"Italian Lira","crew_profession_value":"54","crew_profession_months":"11","crew_profession_days":"8","crew_profession_pension_funds":"12,39"},"4":{"embarkation_port":"Nizza","embarkation_date":"1860-01-28","discharge_port":"Portofino","discharge_date":"1862-01-04","crew_surname":"Verdino","crew_name":"Emanuele","crew_birth_location":"Camogli","crew_birth_date":"1836","crew_serial_number":"9346","crew_profession_type":"Marinaio","crew_profession_wage":"Italian Lira","crew_profession_value":"54","crew_profession_months":"11","crew_profession_days":"8","crew_profession_pension_funds":"12,39"},"5":{"embarkation_port":"Nizza","embarkation_date":"1860-12-29","discharge_port":"Portofino","discharge_date":"1862-01-04","crew_surname":"Olivari","crew_name":"Antonio","crew_birth_location":"Camogli","crew_birth_date":"1833","crew_serial_number":"8337","crew_profession_type":"Marinaio","crew_profession_wage":"Italian Lira","crew_profession_value":"54","crew_profession_months":"11","crew_profession_days":"7","crew_profession_pension_funds":"12,36"},"6":{"embarkation_port":"Nizza","embarkation_date":"1860-12-29","discharge_port":"Portofino","discharge_date":"1860-12-14","crew_surname":"Costa","crew_name":"Giobatta Andrea","crew_birth_location":"Camogli","crew_birth_date":"1836","crew_serial_number":"10243","crew_profession_type":"Marinaio","crew_profession_wage":"Italian Lira","crew_profession_value":"54","crew_profession_months":"10","crew_profession_days":"17","crew_profession_pension_funds":"11,62"},"7":{"embarkation_port":"Nizza","embarkation_date":"1861-01-11","discharge_port":"Portofino","discharge_date":"1862-01-04","crew_surname":"Solimano","crew_name":"Bartolomeo","crew_birth_location":"Santa Margherita","crew_birth_date":"1844","crew_serial_number":"6945","crew_profession_type":"Mozzo","crew_profession_wage":"Italian Lira","crew_profession_value":"20","crew_profession_months":"11","crew_profession_days":"7","crew_profession_pension_funds":"8,99"},"8":{"embarkation_port":"Nizza","embarkation_date":"1861-01-28","discharge_port":"Portofino","discharge_date":"1862-01-04","crew_surname":"De Gavi","crew_name":"Luigi","crew_birth_location":"Genova","crew_birth_date":"1844","crew_serial_number":"17040","crew_profession_type":"Mozzo","crew_profession_wage":"Italian Lira","crew_profession_value":"10","crew_profession_months":"11","crew_profession_days":"7","crew_profession_pension_funds":"8,99"},"9":{"embarkation_port":"Nizza","embarkation_date":"1861-01-28","discharge_port":"Portofino","discharge_date":"1862-01-04","crew_surname":"Oneto","crew_name":"Simone","crew_birth_location":"Camogli","crew_birth_date":"1809","crew_serial_number":"4472","crew_profession_type":"Dispensiere","crew_profession_wage":"Italian Lira","crew_profession_value":"70","crew_profession_months":"11","crew_profession_days":"7","crew_profession_pension_funds":"16,85"},"10":{"embarkation_port":"Nizza","embarkation_date":"1861-01-28","discharge_port":"Portofino","discharge_date":"1862-01-04","crew_surname":"Molfino","crew_name":"Giuseppe","crew_birth_location":"Camogli","crew_birth_date":"1834","crew_serial_number":"8104","crew_profession_type":"Marinaio","crew_profession_wage":"Italian Lira","crew_profession_value":"54","crew_profession_months":"11","crew_profession_days":"7","crew_profession_pension_funds":"12,36"},"11":{"embarkation_port":"Nizza","embarkation_date":"1861-01-28","discharge_port":"Portofino","discharge_date":"1862-01-04","crew_surname":"Oneto","crew_name":"Simone","crew_birth_location":"Camogli","crew_birth_date":"1848","crew_serial_number":"19434","crew_profession_type":"Mozzo","crew_profession_wage":"Italian Lira","crew_profession_value":"10","crew_profession_months":"11","crew_profession_days":"7","crew_profession_pension_funds":"8,99"},"12":{"embarkation_port":"Nizza","embarkation_date":"1861-01-28","discharge_port":"Portofino","discharge_date":"1862-01-04","crew_surname":"Pittaluga","crew_name":"Giacomo","crew_birth_location":"Sampierdarena","crew_birth_date":"1842","crew_serial_number":"11402","crew_profession_type":"Marinaio","crew_profession_wage":"Italian Lira","crew_profession_value":"54","crew_profession_months":"11","crew_profession_days":"7","crew_profession_pension_funds":"12,36"},"13":{"embarkation_port":"Nizza","embarkation_date":"1861-01-28","discharge_port":"Portofino","discharge_date":"1862-01-04","crew_surname":"Pittaluga","crew_name":"Giacomo","crew_birth_location":"Sampierdarena","crew_birth_date":"1844","crew_serial_number":"19740","crew_profession_type":"Mozzo","crew_profession_wage":"Italian Lira","crew_profession_value":"25","crew_profession_months":"11","crew_profession_days":"7","crew_profession_pension_funds":"8,99"},"14":{},"15":{}},"route":{"0":{"departure_port":"Genova","departure_date":"1860-12-18"},"1":{"departure_port":"Nizza","departure_date":"1861-01-28"},"2":{"departure_port":"Costantinopoli","departure_date":"1861-03-09"},"3":{"departure_port":"Odessa","departure_date":"1861-04-04"},"4":{"departure_port":"Costantinopoli","departure_date":"1861-04-11"},"5":{"departure_port":"Anversa","departure_date":"1861-06-28"},"6":{"departure_port":"Newcastle upon Tyne","departure_date":"1861-07-19"},"7":{"departure_port":"Costantinopoli","departure_date":"1861-09-30"},"8":{"departure_port":"Odessa","departure_date":"1861-10-22"},"9":{"departure_port":"Costantinopoli","departure_date":"1861-10-29"},"10":{"departure_port":"Port Vendre","departure_date":"1861-12-24"},"11":{"arrival_port":"Genova","arrival_date":"1862-01-04"},"12":{},"13":{},"14":{}}}}]}