﻿{"docs": [{"_id":"2018-02-27T16:14:57.376Z_2","template":"Crew List_IT","status":"Public","data":{"record_information":{"catalogue_id":"2","date_from":"2018-02-27","date_until":"2020-07-16T14:17:48","name":"Beatrice","surname":"Corradi","role_in_project":""},"source_identity":{"archive_library":"Archivio di stato","archive_library_location":"Genova","register_number":"14","number_of_document":"6748","date_of_document":"1861-01-14","date_of_document_to":"","issuing_authority":"Direzione marittima","issuing_authority_location":"Genova","source_type_name":"","fond_number":"","fond_title":"","fond_series_number":"","file_number":"","file_tile":"","note":"","comment":""},"ship_records":{"ship_name":"Argo","ship_type":"brigantino","ship_tonnage":"164","construction_location":"Varazze","construction_location_date":"1838","ammunition_type":"","ammunition_quantity_value":"","ammunition_quantity_unit":"","registry_port":"Genova","registry_number":"1431","organization_name":"","owner_name":"Fortunato","owner_surname":"Savarello","owner_fathers_name":"","note":"","comment":""},"ports_of_call":{"date_from":"1861-01-14","date_to":"1861-08-26","total_duration_months":"5","total_duration_years":"25","first_planned_destinations":"Pozzallo","total_crew_number":"8","note":"","comment":""},"crew_list":{"0":{"embarkation_port":"Genova","embarkation_date":"1861-01-14","discharge_port":"Genova","discharge_date":"1861-08-26","crew_surname":"Rossi","crew_name":"Bartolomeo","crew_birth_location":"Camogli","crew_birth_date":"1824","crew_serial_number":"2124","crew_profession_type":"Capitano di Seconda classe","crew_profession_wage":"Italian Lira","crew_profession_months":"9","crew_profession_days":"25","crew_profession_pension_funds":"20,42","note":"Franchi"},"1":{"embarkation_port":"Genova","embarkation_date":"1861-01-14","discharge_port":"Savona","discharge_date":"1861-02-14","crew_surname":"Rossi","crew_name":"Emanuele","crew_birth_location":"Camogli","crew_birth_date":"1831","crew_serial_number":"4971","crew_profession_type":"Secondo","crew_profession_value":"110","crew_profession_months":"5","crew_profession_days":"25","crew_profession_pension_funds":"8,75","note":"Franchi"},"2":{"embarkation_port":"Genova","embarkation_date":"1861-01-14","discharge_port":"Savona","discharge_date":"1861-02-14","crew_surname":"Parodi","crew_name":"Luigi","crew_birth_location":"Genova","crew_birth_date":"1827","crew_serial_number":"11328","crew_profession_type":"Marinaio","crew_profession_wage":"Italian Lira","crew_profession_value":"90","crew_profession_months":"1","crew_profession_days":"1","crew_profession_pension_funds":"1,14"},"3":{"embarkation_port":"Genova","embarkation_date":"1861-01-14","discharge_port":"Savona","discharge_date":"1861-02-14","crew_surname":"Chiesa","crew_name":"Filippo","crew_birth_location":"Camogli","crew_birth_date":"1817","crew_serial_number":"2238","crew_profession_type":"Marinaio","crew_profession_wage":"Italian Lira","crew_profession_value":"90","crew_profession_months":"1","crew_profession_days":"1","crew_profession_pension_funds":"1,14"},"4":{"embarkation_port":"Genova","embarkation_date":"1861-01-14","discharge_port":"Savona","discharge_date":"1861-02-14","crew_surname":"Schiaffino","crew_name":"Bernardo","crew_birth_location":"Isola del Giglio","crew_birth_date":"1843","crew_serial_number":"Permesso","crew_profession_type":"Marinaio","crew_profession_wage":"Italian Lira","crew_profession_value":"90","crew_profession_months":"1","crew_profession_days":"1","crew_profession_pension_funds":"1,14"},"5":{"embarkation_port":"Genova","embarkation_date":"1861-01-14","discharge_port":"Savona","discharge_date":"1861-02-14","crew_surname":"Claris","crew_name":"Harry","crew_birth_location":"Inghilterra","crew_birth_date":"1830","crew_serial_number":"Permesso","crew_profession_type":"Marinaio","crew_profession_wage":"Italian Lira","crew_profession_value":"90","crew_profession_months":"1","crew_profession_days":"1","crew_profession_pension_funds":"1,14"},"6":{"embarkation_port":"Genova","embarkation_date":"1861-01-14","discharge_port":"Savona","discharge_date":"1861-02-14","crew_surname":"Rossi","crew_name":"Angiolo","crew_birth_location":"Camogli","crew_birth_date":"1846","crew_serial_number":"13108","crew_profession_type":"Mozzo","crew_profession_wage":"Share","crew_profession_value":"1/2","crew_profession_months":"2","crew_profession_days":"22","crew_profession_pension_funds":"2,19"},"7":{"embarkation_port":"Genova","embarkation_date":"1861-01-14","discharge_port":"Genova","discharge_date":"1861-08-26","crew_surname":"Massa","crew_name":"Franco","crew_birth_location":"Camogli","crew_birth_date":"1846","crew_serial_number":"14814","crew_profession_type":"Mozzo","crew_profession_wage":"Share","crew_profession_value":"1/2","crew_profession_months":"5","crew_profession_days":"25","crew_profession_pension_funds":"4,67"},"8":{"embarkation_port":"Savona","embarkation_date":"1861-03-5","discharge_port":"Savona","discharge_date":"1861-04-25","crew_surname":"Calzia","crew_name":"Matteo Luigi Francesco","crew_birth_location":"Savona","crew_birth_date":"1822","crew_serial_number":"4874","crew_profession_type":"Marinaio","crew_profession_wage":"Italian Lira","crew_profession_value":"54","crew_profession_months":"1","crew_profession_days":"21","crew_profession_pension_funds":"1,87"},"9":{"embarkation_port":"Savona","embarkation_date":"1861-03-5","discharge_port":"Savona","discharge_date":"1861-04-25","crew_surname":"Casella","crew_name":"Gianvincenzo","crew_birth_location":"Savona","crew_birth_date":"1827","crew_serial_number":"5452","crew_profession_type":"Marinaio","crew_profession_wage":"Italian Lira","crew_profession_value":"54","crew_profession_months":"1","crew_profession_days":"21","crew_profession_pension_funds":"1,87"},"10":{"embarkation_port":"Savona","embarkation_date":"1861-03-5","discharge_port":"Savona","discharge_date":"1861-04-25","crew_surname":"Ferro","crew_name":"Giuseppe","crew_birth_location":"Savona","crew_birth_date":"1830","crew_serial_number":"3545","crew_profession_type":"Marinaio","crew_profession_wage":"Italian Lira","crew_profession_value":"54","crew_profession_months":"1","crew_profession_days":"21","crew_profession_pension_funds":"1,87"},"11":{"embarkation_port":"Savona","embarkation_date":"1861-03-5","discharge_port":"Savona","discharge_date":"1861-04-25","crew_surname":"Claris","crew_name":"Harry","crew_birth_location":"Inghilterra","crew_birth_date":"1830","crew_serial_number":"Permesso","crew_profession_type":"Marinaio","crew_profession_wage":"Italian Lira","crew_profession_value":"54","crew_profession_months":"1","crew_profession_days":"21","crew_profession_pension_funds":"1,87"},"12":{"embarkation_port":"Savona","embarkation_date":"1861-05-24","discharge_port":"Genova","discharge_date":"1861-08-26","crew_surname":"Pezzano","crew_name":"Giobatta","crew_birth_location":"Savona","crew_birth_date":"1818","crew_serial_number":"4595","crew_profession_type":"Dispensiere","crew_profession_wage":"Share","crew_profession_value":"1/7","crew_profession_months":"3","crew_profession_days":"3","crew_profession_pension_funds":"3,41"},"13":{"embarkation_port":"Savona","embarkation_date":"1861-05-24","discharge_port":"Genova","discharge_date":"1861-08-26","crew_surname":"Pescio","crew_name":"Giovanni Carlo","crew_birth_location":"Albissola Marina","crew_birth_date":"1827","crew_serial_number":"2744","crew_profession_type":"Marinaio","crew_profession_wage":"Share","crew_profession_value":"1","crew_profession_months":"3","crew_profession_days":"3","crew_profession_pension_funds":"3,41"},"14":{"embarkation_port":"Savona","embarkation_date":"1861-05-24","discharge_port":"Genova","discharge_date":"1861-08-26","crew_surname":"Claris","crew_name":"Harry","crew_birth_location":"Inghilterra","crew_birth_date":"1830","crew_serial_number":"Permesso","crew_profession_type":"Marinaio","crew_profession_wage":"Share","crew_profession_value":"1","crew_profession_months":"3","crew_profession_days":"3","crew_profession_pension_funds":"3,41"},"15":{"embarkation_port":"Savona","embarkation_date":"1861-05-24","discharge_port":"Genova","discharge_date":"1861-08-26","crew_surname":"Donnadeo","crew_name":"Luigi","crew_birth_location":"Savona","crew_birth_date":"1845","crew_serial_number":"5795","crew_profession_type":"Mozzo","crew_profession_wage":"Share","crew_profession_value":"2/3","crew_profession_months":"3","crew_profession_days":"3","crew_profession_pension_funds":"2,48"},"16":{"embarkation_port":"Savona","embarkation_date":"1861-05-24","discharge_port":"Genova","discharge_date":"1861-08-26","crew_surname":"Cordano","crew_name":"Angelo","crew_birth_location":"Savona","crew_birth_date":"1844","crew_serial_number":"5890","crew_profession_type":"Mozzo","crew_profession_wage":"Share","crew_profession_value":"1/2","crew_profession_months":"3","crew_profession_days":"3","crew_profession_pension_funds":"2,48"},"17":{"embarkation_port":"Savona","embarkation_date":"1861-05-25","discharge_port":"Genova","discharge_date":"1861-08-26","crew_surname":"Gasco","crew_name":"Angelo","crew_birth_location":"Savona","crew_birth_date":"1845","crew_serial_number":"5738","crew_profession_type":"Mozzo","crew_profession_wage":"Share","crew_profession_value":"2/3","crew_profession_months":"3","crew_profession_days":"2","crew_profession_pension_funds":"2,45"},"18":{},"19":{}},"route":{"0":{"departure_port":"Messina","departure_date":"1861-02-4"},"1":{"departure_port":"Genova","departure_date":"1861-02-12"},"2":{"departure_port":"Savona","departure_date":"1861-03-05"},"3":{"departure_port":"Canea","departure_date":"1861-05-19"},"4":{"arrival_port":"Savona","arrival_date":"1861-05-24"},"5":{"departure_port":"Savona","departure_date":"1861-05-25"},"6":{"departure_port":"?","departure_date":"1861-06-18"},"7":{"departure_port":"Bona","departure_date":"1861-07-15"},"8":{"departure_port":"Malta","departure_date":"1861-07-20"},"9":{"departure_port":"Carloforte","departure_date":"1861-07-22"},"10":{"departure_port":"Porto Ferraio","departure_date":"1861-08-22"},"11":{},"12":{},"13":{},"14":{}}}}]}